thực giãn tĩnh mạch	-0.030383805 -0.0071146428 0.053740263 -0.009227813 -0.0038879768 0.0036596986 0.008978867 -0.0040766257 0.0046298197 0.02540389 -0.009064706 -0.018267907 -0.0011973353 -0.00082306215 -0.010339789 0.044022594 -0.0015093687 0.0024409646 -0.010783995 -0.0058356146 0.022545055 -0.021992557 0.00056535774 0.0062263086 0.018559331 -0.0026390285 0.0143632125 -0.01147952 -0.012231902 0.010714366 0.012858244 -0.0050427825 0.0008462712 -0.012651001 0.026918624 0.012903345 -0.006802308 0.031565174 0.004303381 0.0006185297 -0.002887257 -0.014879648 0.018561069 -0.0038187508 0.002786412 0.0015678259 -0.021921448 -0.018629728 0.013067166 -0.005362331 -0.0059344205 -0.008676825 -0.0036748124 -0.0025446764 -0.013943856 -0.017769609 -0.03471908 0.013690565 0.00091487914 -0.009540277 -0.00030682125 -0.0006087271 0.020963041 -0.028884057 -0.0070636026 -0.0039465423 -0.016028566 -0.009553704 0.0146115 0.007636418 0.013735485 0.006322514 0.030159732 -0.008899452 0.0065860464 0.011011712 -0.0037764534 -0.024003133 0.0028670188 0.017270083 -0.0063072215 0.009037348 -0.012446568 -0.0043671615 -0.01175118 -0.00015857803 -0.028664554 -0.0016982964 -0.019076984 -0.0020403573 0.004118509 0.006457383 -0.006338928 0.033294838 -0.0015300569 0.0061602322 -0.0031214077 0.0046413154 -0.009341137 -0.009781639 -0.0038626324 0.008525368 -0.012217633 -0.0024656032 -0.005049204 -0.025853336 -0.014837424 0.005031168 -0.021097267 -0.00051764003 0.009599267 0.007765379 -0.0043597557 -0.009567888 -0.019761564 0.0028736345 0.007074981 0.0025569445 0.014473699 -0.015691618 0.0026629623 0.0007613731 0.013988757 0.0063140984 0.017593358 0.012289431 -0.010523172 0.008716462 -0.016196236 0.005912251 0.0068889204 -0.015466535 -0.00415119 0.007109967 0.009272361 0.009650128 0.003848135 0.03650061 -0.01664631 0.0073462985 -0.000779415 -0.004137511 0.014730923 0.004086245 0.0072292746 0.0106124105 -0.0119489785 -0.01569577 0.00068642374 0.0074178316 0.00025618568 -0.015992492 -0.03509984 0.00014644554 0.001978461 0.00698287 0.0036502695 0.019678414 -0.015989518 0.014067888 0.009003274 0.0061774645 0.01057405 0.0038627142 -0.0142967 -0.0036536483 0.012026401 -0.0074535063 0.014276602 -0.013481466 0.012973877 0.005823528 -0.01802761 -0.009943604 0.02113062 -0.0030081144 0.008582643 0.022815406 -0.0035454198 0.010250481 0.020267807 0.02430236 -0.016514415 -0.014986452 0.01727647 0.01292812 -0.022010291 0.01477711 0.001574859 -0.011075973 -0.005298327 0.0023663095 -0.014670563 0.020846175 -0.005611909 -0.02026649 0.012178019 0.005148509 0.030111952 0.008109205 -0.02415199 -0.0029247273 0.003109768 -0.007330887 -0.001300663 -0.006075873 0.010254138 -0.0056193443 -0.017564308 -0.027601015 0.024369426 -0.00060276425 0.011920688 0.0006273021 0.0054762964 -0.016328668 -0.0017519267 0.00721418 0.005050969 0.007897651 0.012403795 0.022970064 -0.0022708515 0.017255038 0.0021548998 -0.012908465 -0.006981752 0.0064301337 -0.008834521 -0.038638473 -0.00049067463 0.006148109 -0.0068373284 -0.0036085055 0.010631868 0.006299528 -0.001401722 -0.0053598923 -0.0015633357 0.0026528826 0.009655901 0.010723915 -0.0024143974 -0.012416831 0.0052006263 0.0062963935 0.005092704 -0.005229287 0.020597674 -0.017144041 -0.0018792698 -0.0018510523 0.046487633 0.013324315 0.031073844 0.005076288 0.009388126 0.0011090003 -0.010725757 0.005635958 -0.008670901 -0.006382152 -0.04508507 0.017854674 0.0004805585 0.014534466 0.009282354 0.0071558543 -0.015624124 0.02237946 0.0017197927 -0.025497979 -0.025153268 0.008421599 -0.004335748 0.007945874 -0.021696193 -0.0034145114 -0.016284296 0.035062972 -0.0071086264 -0.008452565 0.009708222 0.0186411 -0.0012920359 -0.009530496 -0.03071566 -0.008247473 -0.0025756182 0.0003289131 0.013314499 0.00039828732 -0.011534709 -0.0014665683 0.007778724 -0.013059538 -0.0025905888 -0.0174725 -0.017502869 -0.00087583263
Chế độ tỷ giá hối đoái	-0.019677596 -0.016818281 -0.0013734184 0.000546748 -0.005899924 -0.008900507 0.025098074 0.009889672 -0.0038333745 0.034539685 0.012032838 -0.024343807 0.010774627 0.001387146 0.0073317178 0.008342849 -0.0045052483 -0.0015550243 0.0041486504 -0.0043185195 0.013460574 0.0062793223 -0.007843977 0.002669519 0.004144242 -0.0127477795 0.0074149906 0.011128876 0.01626071 -0.008153495 0.012794395 -0.008264341 -0.018825699 -0.02208272 0.013938099 -0.00982835 -0.0023434614 0.018651528 -0.005968352 0.01182677 0.017234791 -0.015179229 0.03414156 -0.0063185943 0.0063107708 0.003537193 -0.0038431778 -0.012293469 0.00056072965 -0.015995026 0.0100406455 -0.007194248 -0.009043217 -0.008713971 -0.014497407 -0.037457235 -0.02472784 -0.004310187 -0.025176063 0.0053577446 -0.0035358737 0.01452899 0.0127544105 -0.022461882 -0.0026437533 -0.0016983778 -0.008902491 -0.0073529556 0.033377156 0.010662766 0.017414786 0.008390119 0.030304143 -0.011089822 0.005057766 0.020534242 -0.0094719175 -0.006351921 0.002931845 -0.007683954 -0.0023747606 -0.007986133 -0.004162089 -0.0018782215 -0.015094474 0.008050623 -0.020489797 -0.01529544 0.00347573 0.0076136156 0.009749728 -0.006197321 -0.0063666427 0.0034277788 -0.01643568 -0.009062726 -0.009121704 0.0121339355 0.0048321197 -0.004983143 -0.014816967 0.0052194013 -0.021631284 0.003325411 -0.0070863576 -0.040236246 -0.0049212426 0.016827002 -0.006034796 -0.00093804265 -0.0053148023 0.0033167147 0.00908185 0.005568779 -0.0044106143 -0.0017881102 0.007113211 -0.016371952 0.017887184 -0.0056206468 0.017191129 0.01202261 0.012526666 0.0034301388 0.012235582 0.01876961 0.009755559 -0.008365447 0.003155547 -0.0021855275 -0.0017789023 0.0023585975 -0.00092045404 0.0054804473 -0.0033918507 0.0011454325 -0.0031166025 0.03108522 -0.015143645 0.0061363317 0.0057466766 0.012079147 0.00197688 -0.01115807 -0.010980688 -0.011402492 0.0035465353 -0.0368588 -0.011705193 0.0004029341 -0.016511608 -0.012834567 -0.022733865 -0.01958019 -0.01062794 -0.0062709027 0.01917928 -0.000990201 -0.02072047 0.0035723553 -0.003759052 0.0060381577 -0.00972778 -0.0038584762 0.0011557533 0.014272776 0.00836207 -0.0037049137 0.009686656 0.0029410198 -0.0016936691 0.019121956 -0.0047281734 -0.0037829354 -0.007166341 -0.0039836625 0.008442706 0.0053840196 0.006851843 0.0061385366 0.009698921 0.021183617 -0.0067601823 -0.0055205175 0.008938836 0.014641887 -0.012411496 0.0021846644 0.0021200546 0.0011121805 0.006274658 -0.00050578563 -0.011235183 0.010873853 0.00061471696 -0.010972531 -9.8844896e-05 0.0032564872 0.02316728 0.014648062 -0.020852461 -0.0055274502 -0.0078109116 -0.0018999849 -0.0019518489 -0.025416985 0.01551387 0.02003241 0.01256148 -0.0044166287 0.0017641103 -0.006305574 0.03924525 0.00711717 0.015501117 -0.009970158 0.0037250344 -0.017256662 0.0038458738 0.0024411296 -0.0023218761 0.018378068 -0.0069906926 0.016079959 -0.00644276 -0.0099736145 -0.005736239 -0.0032579042 0.0029821056 -0.039474715 0.01276291 0.0039850296 0.0062976032 -0.007868545 -0.006644833 0.010563684 -0.02502963 0.0045474516 0.0043629208 -0.0016900428 0.023463031 0.0011024056 -0.013581929 -0.00052963925 0.00891067 0.009935859 -0.002377857 -0.009759189 0.0016976971 -0.0208153 0.0048787273 0.005356987 0.036419 0.027046125 0.017461002 -0.0066373497 0.013556543 0.033211492 -0.0152188465 -0.014024824 -0.02371047 -0.005803908 -0.029690836 -0.0036478427 0.011260716 -0.0051625655 0.02257975 0.0048191487 0.008680547 0.011290571 0.0025597077 -0.013342291 -0.014319772 0.0142055405 0.008255116 0.002638339 -0.012336312 0.029519945 -0.0034734416 0.024931142 0.0038005938 -0.004805473 0.008192768 0.011119931 0.013884391 0.004596494 -0.018689547 -0.014886598 -0.014851728 -0.0049050422 0.0008630667 -0.0031970267 0.017489348 0.0025810585 0.001478402 0.012693507 0.014018362 0.0013879463 -0.0077150674 0.0044542546
cá nhân hoá	0.022542926 -0.012393218 0.09075338 0.0826045 -0.015564847 -0.0108848605 -0.019180832 -0.015463362 0.038339045 -0.031144291 0.013570103 -0.01945654 0.023818936 0.016627612 -0.01630989 0.030768443 0.048611082 -0.014614223 -0.058156453 -0.015428555 0.000908817 0.0039313724 -0.009842476 0.027575687 0.026015555 0.023785997 -0.0079179155 -0.032125376 0.020693252 0.052196365 -0.038192254 0.022592995 -0.0038010874 -0.04079516 0.03631478 -0.048322238 0.014791897 0.06702824 0.06650031 0.003422413 -0.01969159 -0.0036728375 0.01604909 0.04260783 0.016216652 -0.015276869 0.036479283 0.0014112741 -0.0035247537 -0.06116249 0.009256376 -0.013484547 0.029586896 -0.025459925 0.021723485 -0.025006061 -0.004286547 -0.011852192 -0.008089567 -0.020699669 0.0053319787 0.014137603 -0.029164638 -0.0115425 -0.02090243 0.005406893 -0.04872449 -0.035664156 0.06907116 -0.027482813 0.0012972511 -0.0036526173 -0.014343573 -0.022415962 -0.033553034 0.0022068857 0.015855102 0.004505709 -0.04924189 0.009591886 -0.023304198 0.010250861 0.008477886 0.0056376522 -0.017927641 0.033331487 0.019251646 0.03349372 0.0010148023 0.007883435 0.018935166 0.029993534 -0.019923601 -0.039343968 -0.0027284324 0.022650003 -0.024619069 0.0073084547 -0.020242762 -0.01148092 0.0049654297 0.022224378 0.012955336 -0.030450385 -0.0408909 0.0005543679 -0.026038587 0.04548303 0.0132975 -0.013722676 -0.031207543 -0.021601241 0.027815724 0.011791551 0.016755516 0.0098433625 0.008518513 -0.0033433824 0.026182557 -0.019412056 0.041609485 -0.0042956164 0.0025810786 0.017414447 -0.012818304 0.006394143 -0.007621594 -0.01597622 0.053493656 -0.038752202 0.014905932 -0.048393898 -0.030991416 0.0031179194 -0.0093176225 -0.029892027 0.011712497 0.03905029 0.0032748133 -0.0113623375 -0.0016773604 -0.049931612 0.009376032 0.0070387386 0.04516209 -0.0037901998 -0.013137454 -0.013005982 -0.012072863 0.016306305 0.028233055 0.029621523 0.0018574626 -0.037768222 -0.02144111 -0.017751824 -0.0129429875 -0.0064259595 -0.022672754 0.01817012 0.01616634 -0.01015096 -0.050758798 0.01013636 -0.011141023 0.057339586 -0.0008699667 -0.0097492 0.002454516 -0.012974283 -0.005726046 0.011174509 -0.006773637 0.012796981 -0.013612067 0.0038426362 0.008149745 0.032902844 0.048000842 0.022082672 0.002110896 -0.021156805 0.04508077 -0.022961807 0.02635486 -0.008298356 -0.0286836 0.026510388 0.006247516 -0.03738022 -0.07098607 -0.018641377 -0.045927223 -0.021624627 0.00623784 0.009689869 0.0309288 -0.013814335 0.050332777 0.019992758 0.01906799 -0.046558753 0.0031200503 -0.014855022 -0.026391054 -0.0003689237 0.014239928 0.0029337339 -0.020341761 0.021432478 0.014924678 0.01536196 0.017006284 -0.012247614 0.00839578 0.019221365 -0.0119047165 0.036102742 0.03860042 -0.018670265 0.0024555135 0.0038315423 -0.015411061 -0.016979193 0.025858441 0.0052002715 -0.02975213 -0.060182743 -0.017962981 -0.04873967 0.0014895456 0.004616156 -0.02749388 -0.018972559 -0.02281845 -0.0015166998 0.01803827 -0.012031111 0.021333303 0.010425793 0.005708555 -0.026044529 0.006325028 0.007149906 0.016825166 -0.0069360114 0.019789612 -0.03221528 0.0029177987 -0.023827624 0.020677084 -0.022685524 0.050736587 -0.01197315 0.031032348 0.006483642 -0.01662537 0.016173935 0.021481037 0.0065177768 0.02162011 0.027605187 -0.015601503 0.032985684 0.0013855074 0.012067178 0.021959385 -0.016083041 -0.028683221 -0.02346778 -0.023619708 0.04626953 -0.005282796 0.030757487 -0.0012571566 -0.0033088245 -0.021008993 -0.003950566 -0.04443889 -0.02546141 -0.0052257623 0.029199895 -0.0014808342 0.023531204 0.02421982 -0.0045542265 0.0057504624 -0.008924186 -0.023948878 -0.04216332 -0.013431284 0.008634994 -0.04321579 -0.021554742 0.013489844 0.005753705 -0.0011802271 -0.06063528 -0.025634175 0.005975913
Viêm khớp	-0.024618434 0.008265692 0.0150700165 0.0025175125 0.018125122 -0.03270362 0.040005516 -0.0031851956 0.025199218 0.022022853 0.024848001 -0.032877907 0.018049542 -0.011842446 -0.036052164 0.024434358 -0.03037087 -0.0032419392 -0.026215514 -0.038998466 -0.022006335 0.023310693 -0.0024827288 0.03852519 0.0033262968 -0.0395928 0.013782322 -0.020068677 0.004133198 0.0070125773 0.028611219 -0.014509291 -0.016902605 0.015395349 0.014716146 -0.01689617 -0.018374387 0.016920106 -0.013088442 0.01731419 -0.011014489 -0.01030169 0.044700522 0.01206636 -0.014076184 0.013663004 0.027203673 -0.0067337602 0.023869028 -0.028922135 0.018239664 -0.008499205 -0.05202964 -0.015378788 0.001530609 -0.08256477 -0.03724924 -0.0076531493 -0.009514092 0.01944251 -0.01787786 -0.002735053 0.008735432 -0.050358433 -0.0052849813 0.0016385814 -0.03865382 0.037126567 0.08559565 0.0071614212 -0.009853032 0.0014989738 0.019419875 0.023998607 -0.009980587 0.04465073 -0.038463533 -0.0073854397 0.014804283 -0.016661774 0.011208394 -0.05256797 -0.0035335359 0.021254992 -0.019878332 0.038571592 0.01424471 0.003614785 -0.0036540031 0.059126828 0.002525907 -0.050864283 -0.035161708 -0.0072702356 -0.031965654 0.047384106 0.012696931 0.028377924 -0.020220594 -0.0051617795 -0.0067521953 -0.016167315 0.02820213 0.03008452 -0.031873908 -0.07348494 -0.02380429 0.0057741953 -0.024986077 -0.033246692 -0.0446186 -0.03066985 0.022329211 -0.003865059 -0.01109027 0.0026625544 0.016836947 -0.0015975578 -0.01820718 -0.018011482 -0.0003106534 -0.007739908 0.019329356 -0.007498086 0.031399302 -0.02360094 -0.01700749 -0.012794754 0.011953243 0.008057183 -0.009852297 -0.010221181 -0.023683893 0.026347812 0.016949017 -0.050685585 0.011814483 0.056776755 0.0016720986 0.009049828 0.024924334 -0.01005498 -0.0012583195 0.027053852 0.018109864 0.0067647914 -0.011598091 -0.080159806 0.001301062 0.00019816309 -0.0012012145 -0.025637085 -0.02420399 -0.006655413 0.018485982 -0.023675041 0.036748115 -0.015439415 -0.008780746 0.011350194 0.00084764033 0.0048900363 0.022451747 -0.018740892 0.0033792246 0.019766765 -0.011359787 -0.0019284359 0.0005385791 0.015647946 0.020339588 -0.021209596 -0.009807108 -0.013827813 0.014251905 -0.014293567 0.011785107 -0.022818442 -0.0034800437 0.0057010236 0.009822299 0.04338651 0.0029361674 0.003926012 0.0066901646 0.004256059 0.039550748 0.021594742 -0.006288376 -0.017197017 -0.07811374 0.019640597 -0.0031365536 -0.008048116 -0.0054423255 -0.0012552647 0.013286235 0.0034157704 -0.034404133 0.020979252 -0.004237824 -0.014810556 -0.00240499 -0.018977175 -0.03940319 -0.012263894 -0.004719914 0.012545226 -0.060313065 -0.007024526 0.06949037 -0.006202109 0.041103248 0.0064904094 0.0013089553 -0.026390076 0.0056464006 0.024005612 0.0161465 -0.02732451 -0.009264889 0.025872389 0.007798553 0.00060880184 -0.008567693 -0.022286922 0.03376553 0.022207865 -0.0020701215 -0.046174698 0.001176429 0.018866152 0.00067657337 -0.0005273904 -0.009323231 -0.025109464 -0.011167107 0.0115760835 0.014490299 0.020990666 0.036386095 0.0010575211 -0.045420807 0.022768825 -0.006238862 -0.030691165 0.014372269 -0.010470088 0.002936516 -0.028219938 -1.9996693e-05 0.0021368575 -0.010406694 0.01765871 0.04263889 0.009453231 0.023035219 0.043422077 -0.0206062 0.0056700637 -0.043866035 -0.003843207 -0.017440036 0.014063866 0.016372262 0.0007478189 0.01781552 -0.007852515 -0.008730434 0.012204969 -0.020997703 -0.02165648 -0.07108517 0.017465407 0.0063406336 -0.045325156 -0.022531496 0.066738285 0.011672198 0.017130924 -0.022043481 0.005009681 0.017612666 -0.0011429992 0.0032671674 0.009127931 -0.015345401 -0.08833803 -0.014072985 0.021308217 -0.037961274 0.011216284 -0.015529805 -0.009009548 0.023831265 -0.0027438435 0.04115405 -0.015358003 0.011350902 0.0035493965
nhiễm khuẩn huyết	0.006013962 0.0022080273 0.043056417 -0.02375271 0.005488194 -0.028022317 0.0054580015 0.015105279 0.0018906203 0.03039475 -0.009309231 -0.03900755 -0.013257659 0.008923439 -0.02078809 0.02624604 -0.010814841 -0.006860385 -0.016969336 -0.0003995626 0.011478315 -0.015455542 0.0024301508 -9.8487115e-05 -0.0102210995 -0.004481854 0.029455729 0.0050390423 0.016971316 0.00054526515 0.01909713 -0.0022314435 -0.009433147 -0.0065637757 0.01746252 -0.0005169465 -0.025204917 0.018375663 0.008595439 -0.00869984 -0.0041447347 -0.0021353958 0.026617268 -0.0047153127 0.0119858645 0.008546916 0.0022093118 -0.011556129 0.002599527 -0.032354288 0.0059996876 0.017440576 -0.015781434 -0.0043714014 -0.0142289 -0.03696804 -0.013835297 -0.00808633 0.0023136607 -0.0007928312 -0.015134155 0.0057142274 0.021132527 0.016536238 -0.0012809378 -0.013690519 -0.0067578345 0.00077522086 0.040909696 0.0063377675 -0.0010308714 0.003171505 0.022025732 -0.0018507729 0.0059288074 0.01829383 -0.03281179 -0.030540688 0.004162525 -0.023389297 0.00093911885 0.021521745 -0.035585705 0.026123954 0.0005033811 0.004258802 -0.023382438 -0.005511162 0.010265877 0.0015190822 0.0071226256 0.0007196633 0.0046696756 0.0151767405 -0.012477856 0.020420076 -0.009406477 0.0024316283 -0.0018183199 -0.006370483 -0.028403563 -0.004518625 -0.0020812317 -0.039023247 0.0017561902 -0.0192116 -0.0252335 0.019191742 -0.019973222 0.0128155155 -0.027301908 -0.0041326885 -0.006840788 -0.0007931001 -0.0005893392 -0.007290429 0.011893387 0.0048599998 0.011291253 -0.014975425 0.027091378 -0.008811244 0.0052814973 0.013474862 0.029284034 -0.0011473815 0.0036099956 -0.017904347 -0.00040073568 0.01143447 -0.0122495955 -0.0053788587 -0.0066522597 0.0039845128 0.015977548 -0.015463843 -0.0048924834 0.031722944 -0.0048314165 0.018926293 0.001448075 -0.0017532329 0.00757385 0.0013678839 -0.010844076 0.009731336 -0.017208012 -0.042274196 -0.017061152 -0.004542411 -0.0016987727 -0.022521514 -0.025197316 -0.010370284 0.017152455 0.004499628 0.01257273 0.005195103 0.00674557 -0.0017258709 -0.0038920979 0.013419369 0.019001462 -0.002247025 0.004634315 -0.0034523958 -0.009232552 -0.016085152 0.020872848 -0.007928218 -0.0023442814 0.024978053 -0.0030077803 0.0018996747 0.012642766 -0.010121126 0.0016497038 0.009606566 0.008634026 0.0068979794 -0.007830371 0.0007036174 0.043508314 -0.022734256 0.012302861 -0.0074075717 -0.0074873366 0.011914532 0.0067740325 -0.00018931925 -0.01578716 0.022365673 -0.005906346 0.01605767 0.0016242529 0.021793593 0.016906833 -0.006307864 0.0049915514 0.014332363 -0.021269256 -0.008105607 -0.0062437863 -0.0026845664 0.008789993 0.008581727 -0.007717439 0.01267006 -0.021028029 -0.013248353 0.04042854 -0.012551389 -0.014769789 0.0126793245 -0.0040587448 -0.023343492 0.016287746 0.0013015772 0.0028521142 -0.009426077 -0.0020170808 0.012148325 -0.02266966 0.01592747 0.015546709 0.00036453604 0.011678775 -0.0006531155 0.0108895 -0.04105295 -0.00592102 -0.0005790049 -0.009189759 0.009040844 0.013450664 -0.010194194 -0.008307022 0.01098281 0.011210998 -0.009406388 0.014874188 -0.0019046373 -0.007924949 -0.018113868 -0.004924998 -0.0006968369 -0.012210693 -0.017006647 -0.0036776045 -0.008221339 0.0054613235 0.001734478 -0.008569722 0.013615132 0.027897298 0.0039550466 -0.011361765 0.004868284 -0.009056824 -0.0034784398 -0.021290043 -0.01597576 -0.03304134 0.013070743 -0.00038788703 0.009802133 0.007341692 0.0050001796 0.005459078 0.026821721 -0.004992669 -0.014444099 -0.025267849 0.011005905 -0.0030532663 -0.010666141 -0.00685956 0.021890687 0.0064173746 0.013040898 -0.0073214257 -0.004391571 0.02690541 -0.009426564 0.019773599 0.0073549105 -0.03847393 -0.019879662 0.0005198452 -0.009730906 -0.0041460968 0.0022491221 -0.0062863207 0.012808144 0.021671217 -1.2915954e-05 0.004659972 -0.04167301 0.0006505875 0.0006556531
Hội chứng ống cổ tay	-0.003339306 -0.013784916 0.02134174 -0.0070468155 0.01768099 -0.011290478 -0.008351687 0.0013877356 0.016069364 0.028250555 0.0030093086 -0.00815254 0.0025696328 -0.010222589 0.010804539 -0.013628954 -0.0026746872 0.0015290272 -0.002343393 0.02951742 -0.021022828 -0.019419769 6.830237e-05 0.001292883 -0.0085905865 0.004681403 -0.010806378 -0.008463094 0.028792718 -0.00019190896 0.005383637 0.0001886968 -0.008077979 0.012604939 0.025046127 0.0025431374 -0.0059127123 0.017725516 0.030837055 -0.01280675 0.0004418807 0.005419191 0.013662056 -0.0031057156 -0.0041284678 0.00023450151 -0.008148325 -0.007930666 0.006222626 -0.008737289 -0.0025817477 -0.010130099 -0.013386281 0.020507755 -0.019483224 -0.034593012 -0.030749308 0.003906453 0.0025148538 -0.0137757845 -0.011596536 0.0033834628 0.028445853 -0.045588624 -0.01099373 -0.01752275 -0.018861042 -0.021712419 0.06339508 0.0011753839 0.012062501 0.005997801 0.023918848 0.003380985 -0.013914621 0.0040043225 -0.022295862 -0.0052585187 -0.005629509 0.009610287 -0.011970273 0.017867379 -0.022565376 0.016852887 -0.019822115 -0.0012866241 -0.009999963 0.0007890165 0.016294545 -0.002101534 -0.0054143644 -0.0051373327 -0.020673875 0.01257085 0.002988339 0.011366028 0.014892908 0.0070514777 0.0023166754 0.0022413514 -0.03845208 0.006106166 -0.0071362043 0.02174916 -0.008022049 0.007490473 -0.020462334 -0.0040413667 -0.011492866 0.004773586 0.01592154 0.004166522 -0.0015892335 -0.0105978185 -0.01829395 -0.011381741 0.012294883 0.0041876067 0.012889851 -0.033885043 0.030573977 0.017329924 0.018001793 0.019217541 0.0066288575 0.00023493703 -0.011930762 -0.010247022 -0.00013973584 0.01824553 0.0092370575 -0.011403185 -0.0081623215 0.0050871465 -0.0045728437 -0.00854864 -0.0025509978 0.03633106 0.007686251 -0.0029345425 -0.019651733 -0.007546032 0.0054345704 -0.009886008 -0.020512827 0.00016564048 -0.0064243297 -0.035879858 -0.005544428 0.024272624 -0.0062075513 -0.0144232195 -0.033946186 0.000827497 -0.0023623824 -0.0022999942 0.0051881066 -0.019923536 -0.0004917168 0.013143214 0.008002083 0.019028137 0.013513871 0.0017224221 -0.0037771265 -0.03080532 -0.0012493645 0.0057630558 0.021298788 0.011725802 -0.0023350837 0.007411287 -0.011305279 0.011561001 -0.0040050554 -0.0057246666 0.008789161 0.014797922 -0.008654886 -0.0064666197 0.016630536 0.010157467 -0.019012727 -0.006796415 0.019204523 0.021800876 -0.0124191195 0.012826531 -0.0032429944 0.0027911013 -0.02944546 0.012453503 0.0013410222 0.005520784 0.0003396997 0.014732088 0.01918651 0.0014752153 0.025352662 0.008839709 -0.0035888676 0.0027342255 -0.013538883 -0.00799679 -0.0044093477 -0.009716477 0.014727239 0.009162225 -0.006353217 -0.008273201 -0.0041732225 -0.0038808999 0.034016814 0.016529253 0.014502202 -0.005404538 0.008687543 0.015690902 0.022120124 -0.0032002723 0.0018308522 0.0063715903 -0.0067225974 -0.0042916853 0.0007716061 0.0059202844 -0.014732578 0.00019887812 -0.0038418819 -0.049877826 7.620562e-05 0.0081705265 0.0019076467 0.012319619 -0.0032848546 0.0056394134 -0.024054568 0.003345036 0.0022495368 0.00034537187 0.026470127 -0.0032014784 -0.013920764 -0.010050601 -0.009634774 -0.010114817 0.009160307 -0.005526435 -0.0054106005 -0.02039309 0.008754728 -0.0059712054 0.031308156 0.00915526 0.016616596 0.013873973 -0.010545688 0.043015823 0.0025393867 -0.005101668 -0.017752975 -0.00447763 -0.03686528 -0.005006323 0.0007066805 0.022589862 0.016812598 0.0040562144 0.005583527 0.0035104358 -0.009717039 -0.005197391 -0.023879826 -0.0013618772 0.017439693 -0.020673929 -0.027675852 -0.008458635 0.0037472327 0.00058207783 -0.01230166 -0.008360711 0.009293197 -0.007632971 0.012269814 -0.020567635 -0.023432672 -0.016052283 -0.01462645 0.0053685997 -0.0014932025 -0.008168924 0.0020220773 0.015110665 0.011400212 -0.0026310394 0.008511635 -0.021734392 -0.010572243 -0.0005692475
áp suất không khí	-0.01567799 -0.025285406 0.040134754 -0.012185842 -0.012382806 -0.0045825094 -0.0020901838 -0.025697535 0.005580149 0.01362021 0.011965702 -0.027607715 0.0032358237 -0.00078157184 -0.005937326 -0.013452379 -0.0059199776 -0.0040881536 -0.017271005 -0.0023353107 0.017014282 0.0126113 -0.0032116338 0.0037559867 -0.0046468084 -0.013374704 0.005567777 0.009073981 0.017497178 0.008896436 0.009542206 -0.021733891 0.0058230585 -0.017071914 0.02548882 0.0026759754 -0.012415465 0.036863796 0.03071196 -0.01693514 0.0042892867 -0.012176902 0.046277348 -0.007893508 -0.0029603734 -0.014144916 -0.002828528 -0.022597145 -0.0020675953 -0.014763112 -0.021502625 -0.00028959115 0.00413205 0.0030993698 -0.025679478 -0.036992725 -0.023455419 -0.0234379 -0.006036532 -0.005223489 -0.02008347 -0.020653887 0.0067441487 -0.024094064 -0.007408214 0.008700488 0.0015569299 0.0051469174 0.051202502 0.008972868 0.0130622685 0.013311356 0.015132566 0.021325024 0.0054144394 0.027407657 -0.022407537 -0.0112850545 -0.0033263543 -0.0028731078 -0.014955488 -0.0060686585 -0.037367377 -0.0039286814 0.008191357 -0.0033741493 -0.036898375 0.0023302664 -0.0065311952 -0.0033578847 -0.0022426655 0.00010612572 -0.023540568 0.012327756 -0.020463241 0.019020405 -0.02532847 0.0046519786 -0.014274676 -0.011626152 0.010571304 0.009478849 -0.004304586 -0.050164614 -0.0050018546 -0.02906922 -0.012193033 0.010913273 -0.02125425 -0.0012881547 -0.02147836 -0.00072375464 0.0017519199 -0.016464021 -0.005825935 -0.0011174624 -0.001604918 -0.00029894907 0.013162706 -0.0013318713 0.03285889 0.004338247 0.038838312 0.010525691 0.0143315345 0.00058304187 0.02620094 0.015264333 0.001329048 0.0056929975 0.0021645378 -0.00936714 0.0048066843 0.012343061 0.00806523 -0.013961007 -0.004022268 0.025158536 -0.023882473 0.010850659 -0.00483808 0.01364917 7.1607035e-05 0.006793024 -0.028175171 0.009479612 -0.025435476 -0.045360737 -0.023782052 0.027592698 -0.0019071576 -0.016180012 -0.04553096 -0.012200532 -0.002468909 -0.023295382 0.012956226 0.03421717 -0.015070005 -0.009594907 -0.017386828 -0.00023150413 0.024545783 -0.010766313 -0.014624546 0.010597883 -0.0021453241 0.0065256576 0.02363594 -0.0043250425 -0.0054788464 0.02202711 -0.01770133 -0.0048972866 0.0042192265 -0.010408831 -0.004969351 0.03789371 0.0043249223 0.013674061 0.00051182543 0.025291702 0.03228126 0.0144078545 0.009686432 0.0035836762 -0.004932642 0.015820365 -0.0011819986 0.0035078465 -0.02671821 0.03172756 0.0034192686 -0.009554829 -0.0065160217 -0.003892029 0.012950735 -0.0018383458 -0.004733388 0.008161945 -0.021255735 -0.0049350094 -0.005855357 -0.016868548 0.008189589 -0.022965075 0.021120187 0.017840002 -0.0032987525 -0.03277571 0.03208852 -0.03071077 0.0067408723 0.009507037 0.008376317 -0.010616778 0.0053491206 -0.002678719 -0.015207583 -0.001740097 0.0005277394 0.0028812888 0.00022442067 0.0026900242 -0.006076094 0.00471782 -0.00033330655 0.0088419365 0.003916341 -0.02370659 0.00714007 0.0019999938 -0.011374269 0.0035565763 -0.0085584605 0.025098 -0.026450954 0.009652783 0.013927465 -0.004040791 0.012055 0.008661548 -0.014155419 -0.030020626 -0.003905932 -0.010412873 -0.0042031 -0.03747672 -0.0030383877 -0.020555304 0.017119562 -0.0013803893 0.07353438 0.02539668 0.010165063 -0.010630256 -0.0046108705 -0.016886009 -0.028736051 -0.0108274305 -0.029158445 -0.019704448 -0.023616306 0.00021764784 -0.0033122625 0.018665144 0.0020965317 0.0123622315 -0.006653862 0.025518559 -0.003219967 -0.020580612 -0.026287682 0.0172793 0.01706826 0.030035593 -0.033569105 0.0145348795 -0.013292193 0.01666603 -0.0076097357 -0.024555517 0.045330353 -0.04136177 0.0128273545 0.012372408 -0.01551313 -0.027645526 -0.009502517 0.002754118 0.00086285395 -0.0037731638 0.020094251 0.021275206 0.0043379003 0.013787198 -0.016598696 -0.02059686 0.02775654 0.011290685
ngành công nghiệp phim ảnh	-0.011317588 -0.009566312 0.031182257 -0.009848113 -0.0025272586 -0.0047220397 0.006957285 -0.0049310434 0.0008178749 0.0010288829 0.0005426825 0.0022134252 -0.0019420324 -0.0070868297 -0.005469832 -0.0019920813 -0.0045187715 0.001132361 -0.02366898 -0.014248212 0.002918517 0.012274992 -0.0072997715 -0.00629678 0.00019331525 0.010091103 0.015913805 0.0070698946 0.0057876483 -0.0045580366 0.008342758 -0.003490758 -0.0013907944 -0.01729395 0.003744973 -0.00012654516 -0.012706402 -0.003006652 0.0016758945 -0.0020680584 0.014861758 -0.010117508 0.014459609 0.0024031957 0.0011979713 0.0030702755 -0.009131641 -0.01774693 0.0042381776 -0.012260854 -0.0077244095 -0.0029213391 0.0018507323 0.0034244608 -0.006918601 -0.022254838 1.0282027e-05 0.007875902 0.00025346773 -0.0020080116 0.0033704757 -0.00083308545 0.0023077365 -0.03194543 -0.011041928 0.0050512613 -0.0038753015 -0.004947091 0.028672742 -0.0054988344 0.0050976877 0.0015065897 -0.0037545823 0.010930951 -0.0090448735 0.02029332 -0.0023885577 0.0016429186 0.0035810533 -0.007726714 -0.027638847 0.008129221 -0.0086565325 -1.2978213e-05 -0.0008771738 -0.0041291243 -0.01286959 0.0057076053 -0.010238278 0.028784266 0.006197786 0.0053044544 -0.0027363093 -0.0049126265 0.013134698 0.012987372 0.0025202695 0.0067816195 0.010569952 -0.00266884 -0.0151095865 0.0011804296 0.009790815 0.00016040231 -0.015708687 -0.006166617 -0.019532518 0.014769413 -0.008787316 0.0009047021 0.0034258945 -0.0059893304 0.0028998423 -0.000320076 -0.009809608 0.00777215 -0.009099798 -0.005017234 0.01125297 -0.035447147 0.0068201195 0.010646838 0.0050962693 -0.0061565097 0.0075287954 0.02263038 -0.00023464672 0.0042000767 0.008913179 0.009689201 0.0028306607 0.0018309687 -0.0033794057 0.019530218 0.005615944 -0.0051693576 0.0047027147 0.03287899 -0.020188853 0.005491298 -0.0043695704 -0.005558338 0.00036050784 -0.009338801 -0.012785215 0.0016245696 -0.010271063 -0.012715285 -0.016383631 0.006596235 0.0063883415 0.0025577417 -0.0024809209 0.0038834335 0.0028687145 -0.008145311 0.003929296 0.004389632 0.0051329685 0.008385926 -0.0004229738 -0.0032160499 0.00081506005 -0.0060801893 -0.0025937299 0.0041754614 0.0042966143 -0.015397418 0.014111099 0.0037414564 -0.011022738 0.019605223 -0.010653776 -0.013468936 0.014489225 -0.0051515754 0.011210553 0.02626911 0.008340075 0.00684323 -0.0065308125 0.011274799 -0.009446633 -0.00026838854 0.0057692775 -0.021268746 -0.00679411 -0.0037585672 0.00019362243 -0.0036231547 -0.01869291 -0.0005453104 -0.0063849785 0.022873474 -0.009229898 0.020112613 -0.0060617127 0.008434876 0.019366222 -0.0074478243 -0.003411465 -0.0060912226 -0.0007557084 -0.006004928 0.004197963 -0.0123782875 -0.0027573695 0.036346048 -0.0047696843 -0.0033835557 0.038863838 0.0063451994 -0.0011091863 0.007335705 0.0061908565 -0.0027396746 0.004906212 0.008067945 0.0072915573 -0.004075994 -0.0010465217 0.020568071 -0.013642528 0.0014547828 -0.0023402388 0.0029109356 0.0006044497 -0.00024361598 0.030542508 -0.037320863 0.019626709 -0.009501943 0.0026474565 0.009113013 0.015111875 0.025455398 -0.006163727 -0.004632564 0.020471357 -0.010573592 0.027277574 -0.006253365 -0.008623296 -0.0028911827 0.007363632 -0.01947288 -0.006801933 -0.023511112 -0.012401361 -0.0073094275 0.011484064 -0.0031619922 0.057872426 0.0049537537 0.01987093 0.005783914 -0.0018686684 -0.01381057 -0.0111466525 0.0014879712 -0.006377718 -0.0113046365 -0.006361319 0.008217211 0.0063816146 0.0077772015 0.0030507715 -0.0010115148 -0.00021153409 -0.006820938 -0.010708257 -0.005165856 -0.015490093 -0.0011576734 -0.00043514278 -0.016286427 -0.023525633 0.011862456 -0.021888688 0.01414099 0.001230027 -0.01468053 0.002515598 0.012145255 0.0046237805 0.010227797 -0.002246713 -0.02799545 -0.009405454 0.001514559 0.0064186095 -0.008952863 -0.011842154 0.008256819 0.0021559123 -0.009794288 0.0041905283 -0.04151779 -0.0034124267 -0.00504451
viêm động mạch thái dương	0.005266302 -0.0064266226 0.02492982 -0.0060213567 0.010988395 -0.011714562 0.00833084 0.008410774 0.0037001353 0.041023325 0.009105779 -0.02432086 0.0023795308 0.017620087 -0.020707104 -0.0021277887 0.0071264836 -0.010119164 -0.025543245 0.004815374 0.0027161045 -0.0024561642 0.0058320845 0.0071554487 0.0031106996 -0.011826418 0.0012067489 0.0129650505 0.014068975 0.0031910993 0.020966427 0.004785128 0.0026298668 -0.02468821 0.024610313 0.0033139593 -0.014213651 0.014689776 0.022568122 -0.0036534234 -0.010563398 -0.007203859 0.031528912 0.012346273 -0.007051562 0.009400405 -0.010840127 -0.0071616834 0.000765982 -0.003918018 0.0040801414 0.015602026 -0.008240716 -0.0044974717 -0.030539583 -0.011047046 -0.032413945 0.00491029 -0.00095921254 0.0069412617 -0.001536156 -0.002054442 0.018180514 -0.05260999 0.0038787003 -0.019293351 -0.0055985022 -0.010801454 0.0204394 0.0015830555 0.016119763 -0.00073996495 0.026915872 -0.01359131 0.0067730458 0.00090400357 -0.015653174 -0.019335851 0.017523235 -0.015954388 -0.029741418 0.01155606 -0.031004582 0.004260267 -0.004687147 0.014208929 -0.012853247 -0.003556639 0.01817632 0.026801167 0.007441794 0.0068008173 -0.022567471 0.020119168 -0.0037934417 0.0033595941 -0.019906454 0.011491344 0.0077125574 -0.0012351598 -0.024408534 0.008414553 -0.0004192039 -0.0072744805 -0.021458408 -0.00046740277 -0.014957326 0.0059362017 -0.0013202097 -0.0019339866 -0.01262539 -0.03028871 -0.0030492323 0.0010039011 -0.029864406 -0.010385146 -0.0016007262 -0.011548006 -0.0045856023 -0.025084961 0.03383919 0.0043648686 0.016548691 -0.0024488443 0.007076461 0.006626493 0.0008640705 -0.01335111 -0.0046292283 0.01652084 0.003120434 -0.0049859514 0.0057508675 -0.0005454899 0.011173503 -0.015516089 -0.020944295 0.02671126 -0.01442752 -0.00056987244 0.009334985 -0.004427457 0.012902981 -0.0050083734 -0.010972982 0.025431797 -0.018441781 -0.046372265 0.009771525 0.011930025 -0.00437264 -0.0126117 -0.032797657 -0.010328055 0.01224179 0.008359636 0.007303961 0.0062011746 -0.0076529295 0.0052898373 0.0025719008 0.023057228 0.025719807 -0.009966958 -0.012070904 0.00021991329 -0.011403766 -0.00866341 0.010288837 -0.017168332 -0.0035857072 0.008205807 0.0011571349 -0.010888743 0.0044156266 -0.001161596 -0.0071450407 0.049441315 -0.010005764 0.020596579 0.014257322 0.010361543 0.025835281 0.0010673371 0.011461477 0.00862446 -0.009782642 0.015799468 -0.0048925923 -0.011948055 -0.026517853 0.008861204 -0.007228412 -0.00047619868 -0.009549393 0.023186618 0.014761614 0.010731926 0.010810369 0.0074467696 -0.012970074 0.003473643 -0.017723655 -0.016888162 -0.0011366076 -0.0061191283 -0.022219883 -0.0063479696 -0.023312166 -0.02663138 0.06349329 -0.03372792 0.023548909 0.0014582268 0.0030359891 -0.017531138 -0.004264515 -0.002563192 -0.0030205061 -0.013006429 0.010867307 0.009529779 -0.007554761 0.011009121 0.0030900317 0.0034942369 0.0069095106 -0.010620025 -0.012724638 -0.02933303 0.00019004763 0.010686016 -0.0053097056 -0.010075325 0.022120912 0.013760155 -0.019481273 0.0050690696 0.01501248 0.004276537 0.014149004 0.021105973 -0.009211762 -0.019520668 0.004461503 -0.0038262978 -0.0077514527 -0.008797126 -0.0034254317 -0.014463432 0.0086503485 -0.0023113384 0.08269057 0.00996775 0.019526534 0.011012769 0.014121572 -0.031356152 -0.0054095783 0.0024824764 -0.00809064 -0.007874554 -0.03365088 0.010218402 -0.010133904 0.0042760186 -0.0074122404 -0.008049953 -0.004550979 0.0011875192 -0.0038472933 -0.034900695 -0.009784385 0.015135349 0.010088497 -0.0072466433 -0.028717438 -0.004508764 -0.009827636 0.00868868 -0.010840977 -0.006189975 0.036205523 0.0035011575 0.021882443 -0.015023405 -0.023557201 -0.027024804 -0.0023865807 0.0015697445 -0.005455638 -0.012157917 0.015638897 -0.004295425 0.019725082 0.009905849 -0.0048781727 0.0025727518 0.0049940194 0.019973341
suy giãn tĩnh mạch chi dưới	-0.022403115 -0.004330008 0.036847647 -0.010890078 -0.0057261097 -0.0035516077 0.019126832 0.010222132 -0.00027439595 0.019160815 -0.0095091835 -0.019671945 -0.014798744 0.0086546065 -0.0047707274 0.023714952 -0.0003306681 -0.0070231683 -0.0039826566 0.0009064619 0.005375797 -0.015460154 -0.013250791 0.005585722 0.0043772445 -0.004072679 0.0101337675 -0.0120686125 -0.008535755 0.010388518 0.010994237 -0.0053835995 -0.008494985 -0.009302774 0.017014982 0.0028752305 -0.017219273 0.03289821 0.012560742 -0.00074195623 -0.0038873497 0.0017441672 0.015517065 -0.0069310283 -0.0005453005 -0.0049884124 -0.0079194335 0.0017943054 0.0030783147 0.007544052 0.0067934655 0.0074167075 -0.0077367877 0.008909556 -0.0013827017 -0.03749622 -0.011397873 0.001214917 0.001331168 -0.0114189135 -0.007159891 0.0042218124 -0.0023675526 -0.019410577 -0.008622266 -0.0070750294 -0.014858596 0.0022904212 0.019328738 0.00010338267 -0.0046933917 -0.0007763845 0.022118824 -0.0006905866 -4.750088e-05 0.0061933603 -0.01280843 -0.010790413 0.0007722578 -0.0020995971 -0.0024748286 -0.0057312762 -0.022149334 0.0030189676 -0.0039553456 0.0020110083 -0.015438923 0.0133484015 0.005285309 0.017917855 0.0098775 0.010231647 0.0032216585 0.032215234 -0.007283352 -0.0013867688 -0.016270997 0.017551528 -0.010617281 -0.005401499 0.0099418815 0.009003353 -0.00027262606 0.0026959714 -0.014693473 -0.02622504 -0.01916702 0.014536012 -0.0034495092 0.009382963 -0.011004765 -0.005966959 0.0036755747 -0.010997252 -0.022213945 -0.008487548 -0.0032673168 0.007565888 0.0007763677 -0.02198989 0.0031393713 0.001231557 0.011752319 0.0063243806 0.018295096 0.0027283225 -0.013417824 -0.0015624607 -0.007417786 0.0034297733 0.006849483 -0.00068525464 0.012483415 0.0069626584 0.011304405 0.0027098567 0.0027947682 0.020238137 0.000637787 0.0038572263 0.010350564 -0.010701371 0.028448274 -0.0034175152 -0.00034902155 0.0069038444 -0.015865758 -0.036325216 -0.0017527902 0.005224487 -0.0076185777 -0.015559696 -0.030199658 -4.9646198e-05 0.0060559576 0.005371635 0.0064565483 0.0026330494 -0.0038270056 0.016742177 -0.000844768 0.019168071 0.009383423 -0.001454147 0.0066262633 0.004234941 -0.006340832 -0.013675056 0.0052899485 -0.0060476805 0.005669472 0.010187962 -0.009893163 -0.010069541 0.010765624 0.0018058104 0.013801703 0.0051952563 0.0071917726 0.008900117 0.023160748 0.0019110322 0.017364679 -0.006364046 0.011387726 0.0015834715 -0.01749858 0.010343704 -0.00515246 -0.007866397 -0.016183648 -0.007366171 -0.010730471 0.0050175954 -0.006796786 0.014381289 0.011608098 0.0038422598 -0.0064171194 -0.008898321 -0.0077907406 -0.011826162 -0.005846308 -0.019404499 -0.0046199197 0.002800237 0.015933283 0.019148408 -0.018385516 -0.022344833 0.044797197 -0.0057155937 0.011391294 0.002988888 0.00047555388 -0.009987828 -0.0014297694 -0.0056514633 -0.0038174028 0.010658025 0.006856118 0.011421513 0.0027657587 0.019913696 -0.0024282238 -0.0041243066 -0.009721936 -0.00045330593 0.001976986 -0.03185798 1.1249781e-05 0.0041508316 -0.0028071336 0.00653974 0.0067147682 0.0031943575 0.0051232255 0.0028050134 0.0012973392 0.0049721645 0.0037578715 0.0057574017 0.0077051492 -0.002531093 0.0019772276 -0.0012678867 0.00015708682 0.005454208 0.008868258 -0.010346435 -0.003958695 -0.006436031 0.02225415 0.014694402 0.04007377 -0.00064171077 0.009215999 -0.0030549252 0.0013418815 -0.0050884252 -0.010273794 -0.0033877324 -0.036010288 0.004770817 -0.008222416 -0.00046555564 -0.0037632138 0.012979848 0.00083575636 0.011099657 -0.004681424 -0.014525431 -0.021599183 0.005419361 0.0036647564 0.00020048447 -0.018989015 0.0041130115 0.0032384556 0.029635316 -0.0046797935 -0.0009535985 -0.001256532 0.0101048825 0.005748167 -0.007787968 -0.029139422 -0.017804902 0.004457062 0.004094638 0.018675186 -0.00986269 -0.006159158 -0.009574755 0.017286193 0.00016694308 0.00019789785 0.00021953463 -0.01119505 -0.0076662158
sự chiếm hữu nô lệ	-0.0038808966 -0.014362169 0.042033754 -0.016911715 -0.0004916765 0.008075379 0.014265696 -0.008441212 0.0029361506 0.0018895593 -0.0073999567 -0.018917933 0.006674012 0.0051464457 0.0042876527 0.017839013 -0.010989947 0.007671302 -0.021775018 -0.0062957397 0.0012700591 -0.005003183 0.008621309 0.017958831 -0.0051903203 -0.0013603638 0.023168175 0.013412457 0.024884101 -0.011452125 0.018360958 0.003929037 -0.0009650355 -0.010869505 0.031074623 -0.003115502 -0.02544283 0.0003990736 0.0068768575 0.0016011561 -0.008560488 0.010634841 0.030260686 -0.0020113492 -0.00937638 0.010434802 -0.0055064335 -0.007933812 -0.001045235 0.013766187 0.00012422341 -0.004767882 -0.02680566 0.0082771545 -0.01352248 -0.012786031 -0.04222507 -0.006260456 -0.012386875 0.0007025724 -0.0029354822 -0.0125971325 -0.0091347955 0.01660131 -0.0016283998 0.011880436 -0.0025793244 -0.0065814042 0.048338376 -0.00079400674 0.008198541 -0.0057546627 0.0028128335 0.002107176 0.0026460413 0.02794322 0.0027683463 -0.013270202 0.005155567 -0.015923234 0.0008365604 0.0066338684 -0.018501459 -0.015991101 -0.04500491 0.005512881 0.008704361 0.006763212 0.0050969142 0.010283602 0.014535295 0.019445386 -0.0069428016 -0.008492673 -0.0028169597 0.021671616 0.010417811 -0.011687484 0.013307668 -0.0003974592 -0.028945107 0.0150025785 -0.0070865555 -0.03780559 -0.009092518 -0.0027695 -0.021345418 -0.003206289 -0.015000968 0.018193295 -0.022676688 -0.0052509666 0.0020900802 -0.0009184107 -0.011762886 -0.001376395 -0.0057206717 -0.015993252 0.035390787 -0.03524293 0.0276978 0.010038533 -0.00075159874 0.019492768 0.016964305 -0.0026743466 0.017089127 -0.022754736 0.0063629425 0.0065335114 -0.02135459 -0.0028538865 -0.0028888683 -0.012665146 0.004756374 -0.0060832826 -0.011279357 0.0422533 0.0018251537 0.00082031253 0.012293324 0.017062 -0.00027499418 0.0043824194 -0.015496097 0.00024995938 0.012762135 -0.012274962 -0.012551438 -0.00670917 -0.017715177 0.010702628 -0.04172372 -0.019368192 0.002171909 0.0062268437 -0.009456262 -0.0049975254 0.00625069 -0.0075369845 -0.0017907268 -0.009427039 -0.0034975342 0.0070746643 -0.014109704 0.023866586 -0.0015503443 0.0050417893 0.010165155 0.021298915 -0.020019135 0.0031256634 0.00071096246 0.010491477 -0.020201929 0.01361273 0.0045406595 0.046999704 -0.013352195 -0.0027936508 0.011859947 0.018695068 0.0046289177 -0.0025524527 0.0124319615 -0.0021049674 -0.008402629 0.0021295608 0.00081424235 -0.0066996217 -0.023574993 -0.009244268 0.00028812885 -0.0037620156 0.032292888 -0.0034366245 -0.0062359115 0.0038422316 -0.012064781 0.007824194 -0.026620967 0.00949222 -0.01490899 -0.009598883 -0.022273427 -0.011261455 -0.025053857 -0.004817087 -0.026050683 -0.021459796 0.045638945 -0.0060273693 -0.021990053 0.012081187 -0.005118876 -0.0027488575 -0.0102038095 -0.006488146 -0.009055707 -0.013403331 0.0059825894 0.009803792 -0.01939365 0.018586937 -0.0017445915 0.013820501 -0.012610679 -0.007406617 0.0038533465 -0.030788478 0.009263094 0.000450711 -0.0035702167 0.014559052 0.002878446 0.021576896 -0.009879891 -0.027457697 0.017668094 -0.003732278 0.015305417 -0.002286009 -0.010130942 -0.0011107726 -0.0011687801 0.0067887553 -0.0049512913 -0.02107224 -0.005023019 -0.00034871325 0.0050258725 -0.0024624267 -0.007976671 0.013126969 0.0036532544 0.0020781853 0.016210744 -0.012135621 -0.017163834 0.02583057 -0.030071393 0.014530834 -0.019208126 0.0074264654 0.015905418 -0.013807882 -0.0015408834 -0.005988109 -0.0023122889 -0.0089102145 0.0134101575 -0.025096424 -0.0033948368 0.016179437 0.010009473 0.008509814 -0.024673402 0.013510886 -0.0111557115 0.022698667 -0.010711791 -0.011833516 0.039396226 -0.018030802 -0.018650914 -0.011357652 -0.023022717 -0.0014086254 -0.0084553575 0.013751665 -0.005951564 -0.03190618 0.0024403865 0.024796367 -0.0031471795 0.009524044 0.008623485 -0.04113582 -0.009212143 -0.002161803
khu vực phi quân sự	-0.0017476616 -0.008303621 0.030759089 -0.0091119865 -0.001921465 0.0039293147 0.005156851 -0.0007440562 0.0127620045 0.006092808 -0.0035876287 -0.013708127 -0.013782237 -0.006541102 0.0097878035 0.011557096 0.0033322417 0.0051392172 -0.009831996 -0.0009997248 -0.010430061 0.0069818 -0.0052592326 -0.00645414 0.0070731053 0.00880189 -0.008091264 -0.0055241464 0.0042313426 0.0030898137 0.016074644 -0.0029848686 -0.0028463695 -0.020567382 0.016445465 0.00072197407 -0.014773341 -0.009901525 0.01366111 0.0030021095 0.00081697764 -0.014176478 0.026118 -0.005307268 0.016479414 -0.012101846 0.0015242702 -0.0032911876 -0.009807672 -0.00847321 -0.0027646343 -0.006975123 -0.005677517 0.011712722 -0.0068801697 -0.012587594 -0.013143705 -0.008519812 0.00019903306 -0.017670771 -0.002759591 0.0074806553 0.019319663 -0.025958935 0.012516477 -0.009143803 -0.013131233 0.0025244493 0.039210103 0.002137236 0.01678158 0.022434976 -0.0022091847 0.018964488 -0.001097819 0.015809782 -0.005233649 -0.020590011 -0.0010425915 -0.009310766 -0.0058312425 -0.004805491 -0.009614243 0.0046932655 -0.01127711 0.012904613 0.003359395 0.0028297927 -0.004646819 0.025587706 -0.003537272 -0.009867413 0.005811966 -0.01001168 -0.0032240092 0.0054444373 0.0059566414 -0.0023254096 0.010917805 0.010563246 0.009636774 -0.0031712314 0.00410543 -0.0032558287 -0.005604356 -0.0218775 -0.01686348 -0.011402623 0.0050751762 0.010601236 -0.0036482872 -0.0060382 -0.010824475 -0.0067181946 -0.01723734 -0.0044154264 0.00056080194 -0.016354518 0.008267999 -0.025136283 0.012674277 -0.00493644 0.019649683 0.012239926 0.017028825 -0.00071717537 0.0025825088 0.0039580143 -0.0021763023 0.0016954318 0.019283593 -0.02640222 0.019787416 0.017850455 0.008423372 -0.011653036 -0.0016420308 0.03261537 0.005125299 0.013168026 -0.004769061 0.0055202185 0.0068442053 0.02382623 -0.039074738 -0.003909234 -0.004826682 -0.009316718 -0.0081210695 0.00010897745 0.0097626075 0.0017625429 -0.009961217 -0.0076008826 -0.0077483007 -0.004223264 0.0019438096 -0.011429332 -0.022691179 0.017464034 0.0026506744 0.0062601776 0.020944552 -2.7491109e-05 -0.0011068687 0.0060942443 0.0026564929 5.008201e-06 0.02709959 -0.0024487774 0.008115762 0.0055594402 0.0096712485 -0.009827629 0.013898148 0.006380698 -0.00518728 0.0047220625 -0.0044311825 0.008025967 0.0015219087 0.0048178835 -0.039063018 0.0021887026 0.00013642276 -0.023833456 -0.0043088966 -0.011122436 0.012097148 -0.008608945 -0.022811174 0.00964166 0.003290101 0.0028858974 0.002580097 0.01913401 -0.0055883415 0.011068885 -0.00056262885 0.014795456 -0.007598576 -0.002201622 -0.02241064 -0.013108123 0.0052473177 0.009710275 0.01065645 0.012291739 0.0076209516 0.0036740259 0.040433872 -0.004163617 0.011605527 -0.00019139139 0.0029321343 0.00797607 0.017015342 0.008617807 -0.006556804 -0.008079731 0.021642892 0.014470547 0.013889709 0.00038828087 -0.016898613 0.00904765 -0.0038992846 0.0057687922 0.012877986 -0.03641215 -0.007852919 0.016988993 -0.0024457478 0.014290371 -0.0017394677 -0.011499867 -0.003019112 -0.0045824903 0.013162806 0.006230959 0.018283388 -0.014006501 -0.007549261 0.019316567 0.0011008413 -0.0014030382 -0.010183715 0.0055011283 0.0016291733 -0.02655007 0.0056126416 -0.011618724 0.032947134 0.01724418 0.029841023 -0.004321521 -0.004290629 -0.0017565797 -0.017537495 0.013653375 -0.009400038 -0.015291321 -0.002627946 -0.008755107 -0.005741187 -0.012088035 0.008998386 -0.001633589 0.0004450518 0.002367525 0.0012822238 -0.006129604 -0.033936944 0.004320247 0.011554675 0.0066459696 -0.013566129 -0.0010412756 -0.011704246 -0.009717643 0.0058013983 -0.012928652 0.0054865647 0.010914843 -0.006666503 0.010502819 -0.00031308347 -0.045757554 -0.0016816944 0.0019305041 -0.007933414 0.0012424155 -0.0038030704 -0.0049114204 0.0055409768 -0.0017612673 0.017392432 -0.01173799 0.0049331347 -0.021820804
Một hệ thống kinh tế	-0.0007145156 -0.003997325 0.020580217 -0.0028884641 -0.003597622 -0.0033635602 0.0073943394 -0.006477174 0.016424147 0.0044401814 -0.0019186909 0.00398265 0.0171749 -0.0016050407 -0.010420632 0.014336218 0.0064222547 0.004585844 -0.018037165 0.015215252 0.001649508 -0.0055007692 0.00030451806 0.0068921433 0.008417416 -0.007942763 0.0067821285 -0.0032880781 0.021662818 0.0021257324 0.001525573 -0.0067921653 0.014736499 -0.013730677 0.006768398 -0.00060529425 -0.0032657767 0.012772144 -0.0073307785 0.019026829 0.013993487 0.006910105 0.013295878 0.0003945488 -0.0054641096 -0.004311667 -0.002643374 -0.0033990366 -0.008539821 -0.0036184026 0.006899695 -0.014864841 -0.004452638 0.0014408038 -0.01960654 -0.018078947 -0.021048434 0.013212506 0.0008065783 0.005013965 -0.00832371 0.008483453 0.006326912 -0.023865214 -0.0022578302 -0.0042690104 -0.005508789 -0.0023568934 0.03224741 0.021115921 0.0006528037 -0.0012648883 -0.0038408348 -0.027752822 -0.008789619 -0.0033805547 -0.021924494 -0.0062081944 -0.0014717798 0.011124215 -0.018509325 0.01560139 -0.013854937 -0.003028555 -0.025360167 -0.0027807197 -0.010190167 0.0021647615 -1.1243547e-05 0.011930415 -0.001877384 0.0016738846 -0.0050661075 0.004643475 -0.00822476 0.021358851 -0.00047032195 0.0012727419 0.006838206 -0.009468686 -0.021492248 -0.0010081977 -0.0012987562 0.007923105 -0.014484201 -0.031348977 -0.017177124 0.012808004 -0.010382993 0.007866773 -0.028768692 0.010501685 0.016835261 0.006125928 -0.011714604 -0.0064130896 0.0019828752 0.001199618 0.002633143 -0.013476425 0.0108924275 0.008165039 -0.0058408096 0.015240891 0.028447066 -0.0014819349 0.010462506 -0.008230463 0.013667662 0.0059686853 -0.004089678 -0.018372638 0.006347547 0.011521119 -0.010068401 -0.014469491 -0.0042376593 0.01489251 -0.004039344 -0.013312222 -4.015863e-06 -0.009450153 -0.0017226458 -0.0060027787 -0.049160942 0.0038954143 0.0021296376 -0.039897174 -0.0040275785 0.0102408985 2.7847165e-05 -0.0108999275 -0.017954191 0.0054592085 0.003082805 0.01202354 0.0070432276 -0.02254571 -0.006111987 -0.0077505047 0.0078481 0.0061595794 0.0053451713 -0.007169715 -0.0038766132 -0.01157342 0.0021730312 0.012669098 0.027654048 0.0028821887 0.010907028 0.006005093 -0.005381247 0.0009871046 0.004530454 -0.018694002 -0.0030113712 0.0036989402 0.006014963 -0.000599976 0.01196469 0.01881207 0.007686996 -0.005569187 0.0004739937 -0.013268245 -0.00864627 0.0030848933 -0.0029023506 0.0010368448 -0.01147753 -0.0041445545 -0.016460024 0.016167497 -0.005119778 -0.0007586185 -0.001207636 -0.0044176 0.01116156 -0.0055348068 -0.016649432 -0.011460762 0.0032678372 -0.00025691712 -0.009138614 -0.0024439318 0.011899609 0.023485683 -0.0014836102 -0.027536644 0.028787596 -0.009424855 0.022663068 -0.005063656 0.0072546634 0.006544994 0.00626919 0.012404443 0.016171593 0.008727018 -0.0002813513 0.011958163 -0.0069488636 -0.0010266996 -0.00012809245 -0.010524568 -0.013590498 0.0013372847 0.021908835 -0.040569864 0.0061726654 -0.011879083 -0.00013552068 -0.0028747036 0.012684025 0.017350562 -0.020388521 0.0044771284 0.006128721 -0.009693945 0.0048188237 -0.0058992263 -0.010192085 -0.009533601 0.01204976 0.0020925493 -0.001675449 -0.01842124 -0.022866085 -0.015258927 0.0073521603 0.0013946313 0.011664928 -0.0047505624 0.015619402 -0.0024493693 0.010120072 0.049748983 0.00035153874 -0.0057094917 -0.00930718 0.014331256 -0.016365934 0.0063937944 -0.0036541026 -0.017887093 0.017142389 0.0019566058 0.003080657 0.002664088 -0.022396386 -0.007683495 -0.009377789 -0.0010375124 -0.01033883 -0.02599939 -0.021409117 0.027281003 -0.01288813 0.013872314 0.0015313111 -0.0038346457 0.006204703 0.0004893264 0.0005695785 -0.0045053484 -0.009814413 -0.0016911208 -0.0064570475 -0.0017615488 0.004275764 -0.019701289 0.0010744341 0.009411001 0.021807645 0.00889604 0.002016678 -0.031127356 0.012223761 -0.010235116
chung sống với nhau	-0.00042708876 -0.0024602786 0.062124554 0.00084282097 0.007165324 -0.008387845 -0.0061078 -0.0057053748 0.0086649535 0.004448105 0.017529057 -0.0038143694 0.013620624 -0.012883463 0.0074131857 -0.0088585755 0.01985767 0.010683179 -0.0378057 -0.0141892275 0.003232587 -0.011685368 -0.0072831507 0.0044479603 0.008634129 0.010024786 0.0029482157 -0.0064548217 -0.02046772 -0.009923093 -0.025440315 -0.0043192506 0.0032369732 -0.0056075775 0.010674193 0.016556958 -0.017197363 -0.004990486 0.010449251 -0.018877205 -0.016569514 0.0036021038 0.050988056 -0.0037143354 0.01770407 0.00040844083 0.011747621 -0.015352418 -0.009793219 0.003673932 0.0049876315 0.021841884 -0.004451204 0.012927685 0.01051728 -0.008717233 -0.028366188 0.004342556 -0.0013616197 -0.008096835 -0.0007789911 0.022211902 -0.007704104 -0.023543049 0.012160677 0.0048012 -0.014756389 -0.013361007 0.034068927 0.00850523 -0.0023100222 -0.017279383 0.009143122 -0.0075330473 -0.011401665 -0.027152192 0.0038778132 0.009693402 0.015890853 0.0020936988 -0.0055705677 -0.0062901573 0.011773634 0.009207061 -0.0117834015 -0.00052015745 -0.020768918 0.0064680506 0.016854076 0.03048443 0.0037781876 0.004113068 0.015053055 0.0018634237 0.0038352916 0.021691224 -0.007777405 0.02622105 -0.00071177917 -0.005321071 -0.027837494 -0.017645877 0.011793495 0.004488093 -0.012823407 0.0035284907 -0.01855918 0.027933843 0.0054700444 -0.018063677 0.010945666 0.0016893205 -0.0010033302 0.0042485185 -0.0069068214 0.006552814 -0.003159598 -0.0016649212 -0.008735885 -0.032086026 0.01969363 -0.008809357 -0.008073773 0.021278527 0.012432056 0.0032283515 0.0021365036 0.0070285043 0.012817006 0.00567939 0.005404995 -0.031559255 -0.009619452 0.0151147265 -0.017772373 -0.005569152 -0.01144197 0.035374004 -0.0060076574 0.008500258 0.0059716464 -0.0027059806 0.0041540153 0.012031423 -0.03561073 0.0017780997 -0.0028962586 0.011626394 -0.011048348 0.016537134 -0.0046758493 -0.018678708 -0.018696819 -0.00040885105 0.0063135787 -0.002232108 0.019987673 -0.007994932 -0.0151996855 -0.0052598626 0.0043755346 -0.003023478 0.0052912207 -0.0008041449 -0.013853107 0.010857258 -0.005944098 -0.009909296 0.024575524 -0.0042171245 -0.018173471 0.000711072 0.0011169245 0.0012397326 -0.0018855333 -0.00972069 0.014756206 0.0045195064 0.0013884621 0.0066372757 -0.0073584714 0.001084583 -0.03378133 0.0023449939 0.0037628755 0.012586067 -0.00032849092 -0.011707658 0.012383567 0.012090297 -0.03698354 -0.0063850246 -0.004407478 0.004553183 0.006479771 -0.018530548 -0.0049686353 -0.0015485738 -0.0014938081 0.007303663 -0.018837467 0.0120313745 0.0073221824 0.0070144394 0.0017296037 -0.008288622 -0.01043574 0.0069162515 -0.026066441 0.012320687 0.04624167 -0.007894711 0.03629013 0.016463151 -0.007097575 -0.018749334 -0.00045823897 0.0058865207 -0.022162968 -0.021414137 0.005955718 0.016041333 -0.010940215 0.010055412 0.005351595 0.0002974846 0.00063075585 0.019992847 0.015982525 -0.02746325 0.001825689 0.0012406084 0.010930384 0.0025064119 0.003592976 0.010922788 -0.0025986787 -0.0039509647 0.015368209 -0.019701542 0.010760125 -0.011110547 -0.01256781 0.0034524892 0.00037071414 -0.02551739 -0.0019751824 0.00968771 0.0027705852 -0.0060327942 -0.006815032 -0.015909664 -0.0017501247 0.0012483103 0.054596502 0.0009985816 0.012787307 -0.034663573 -0.007679354 0.010663013 -0.053706 -0.013459856 -0.017473325 0.022474626 -0.0032569428 0.009401756 -0.016264558 0.0022147032 0.005899548 -0.0016547503 -0.014629068 -0.0062328684 -0.012650255 -0.01065252 0.014709983 0.007380716 -0.0060628015 -0.019801155 -0.0007978466 0.010536365 0.0003254109 -0.0037680364 -0.0015776056 -0.007620596 -0.008922765 0.008146337 -0.016746195 0.018637998 -0.005273878 0.016397199 0.0075565996 0.028306859 -0.012803004 -0.0054734717 0.01685436 -0.0027845178 0.011298011 -0.014894941 0.0033561136 0.0036866113
ăn cắp bản quyền	0.025063181 -0.0045752875 0.03664338 0.013173801 0.0128473425 -0.005607247 -0.008761602 0.0053111883 0.0047379946 0.006209902 0.001086767 -0.025687065 -0.00025300257 0.0047558877 -0.0061705546 -0.0055057737 0.0006528147 0.010584495 -0.015483627 -0.01943372 0.009466616 -0.012719854 0.00047503732 -0.0012634798 -0.0011785438 -0.020455776 0.007892849 0.0051911003 0.002499815 -0.00857524 -0.009407776 -0.0052019353 -0.0036737514 -0.018627342 0.03411774 0.008171639 -0.027566444 -0.010682651 0.014685768 0.017805746 0.0029320884 0.008471377 0.028020946 -0.0061278204 0.010086541 0.008037431 -0.0035745671 0.0025264674 0.005582702 -0.0065407236 -0.006679196 0.01209831 -0.012397392 0.011626026 0.0065842466 -0.054054525 -0.001076066 -0.011371157 -0.015225693 0.009009794 -0.0038921034 0.00733602 0.0060777147 0.023000821 0.0017973578 0.0016181674 -0.010448389 -0.022186836 0.05233832 -0.008387954 0.0011460072 0.0091286 -0.0063813897 -0.019073373 0.005123984 -0.0057503334 -0.0002050751 -0.019889778 -0.004719878 -0.008135596 -0.011974986 0.014161943 -0.001466997 -0.0018289837 -0.029929439 0.022243688 -0.017775752 0.017438184 0.014452594 0.066149846 -0.0038377035 -0.0015209758 -0.02962278 0.0045763697 -0.0058581894 0.0037346412 0.018257264 0.0075300704 4.856182e-05 -0.009743475 -0.019656807 -0.022598982 -0.00066253036 -0.0272398 -0.003639897 -0.03739844 -0.02929361 0.015069471 -0.017548515 0.019413808 -0.051975675 0.0017193841 7.853178e-05 -0.0065112007 0.0032444485 0.0026544668 0.01285277 0.0044136057 -0.0076027163 -0.023797972 -0.0029636403 0.0045892023 -0.0005597134 -0.0052856244 -0.0012807131 0.013691479 0.015080261 -0.0014451231 -0.0033881906 0.0071697114 -0.0016635323 -0.036901344 0.006706559 0.010558729 0.019833598 -0.0113152545 -0.0038382981 0.037363015 -0.003246839 0.007277646 -0.007956581 -0.020541938 -0.0006454914 -0.0036377113 -0.032329734 0.0025164261 -0.00062574074 -0.05616864 0.0018680673 0.013163666 0.014588401 -0.0018347065 -0.012258607 0.0031703392 0.00899909 0.00080184574 0.015267673 0.007963241 0.0004905473 0.008820952 0.0021880125 -0.0025543775 0.0007389995 -0.022568794 -0.0043719546 -0.0018500425 -0.013973577 0.008599043 0.036220264 0.0031441096 -0.01438222 0.0036686196 -0.013052506 -0.0023191092 0.0050275773 0.011450542 -0.006693862 0.040428076 0.0016344605 0.00960138 -0.0105318045 0.02216729 0.034332223 0.012154828 0.008338945 -0.0199488 -0.019140203 0.0006089519 -0.018238833 0.011344337 -0.036139496 -0.0030376613 -0.0025538504 0.002406083 0.0013134775 0.005397453 0.0071272636 -0.011109361 -0.012490512 0.0040017613 0.0015739261 -0.0010337223 -0.0043933364 -0.0017184606 0.007960404 -0.008061241 -2.114395e-05 0.016299915 -0.018725395 -0.01960731 0.056595642 -0.028633324 -0.0055413204 0.0063250056 0.010794484 -0.0055993637 -0.0048618307 0.020212272 -0.0027378094 0.007399232 -0.0009620115 0.006337517 0.00365542 0.018881649 0.018829824 0.019859817 -0.010542908 0.005280326 0.038742404 -0.031643204 0.013315813 0.009345268 -0.0070429794 -0.010540472 0.004125584 0.004889066 -0.011235635 -0.00748118 0.019104581 -0.008112551 0.0097790565 -0.008708873 -0.021492606 -0.0018362972 -0.008885696 0.004429219 -0.030146036 -0.017771479 -0.0011394232 -0.019066626 0.018694906 -0.005316886 -0.014368768 -0.0008647173 0.06439054 0.006757524 -0.013621337 0.038629048 -0.008213736 0.0024010523 -0.034538407 0.0012351453 -0.03840604 0.021092389 -0.015643086 0.007497304 0.013129649 -0.0015307715 -0.008128245 -0.0042782277 -0.010305948 -0.025109563 -0.016888663 0.0028622353 0.010979838 -0.037534725 -0.007285726 0.0145518165 -0.00013455645 0.0006372103 -0.00028097656 -0.0049314043 0.03816814 -0.009252676 0.015587934 0.002708027 -0.0085684415 0.0015844601 -0.0022910659 0.0064556696 0.0016062828 -0.0094605815 -0.011481562 0.00855618 0.00863635 -0.0026428904 0.003540735 -0.016055835 -0.016698634 0.008869237
Giãn vỡ tĩnh mạch thực quản	-0.0071985726 0.004059218 -0.0024699562 0.0010240603 -0.00011283249 -0.01062317 0.008358894 0.0003214094 0.0064905905 0.033138566 -0.012175806 -0.02794956 -0.0038879777 0.014791803 -0.02194953 0.023213668 -0.0007151988 -0.0053473283 -0.0047139614 0.011514251 0.019034775 -0.0016558546 0.0059713437 0.010983332 -0.0050520254 -0.007914993 0.013479875 0.00586891 -0.0030224582 0.014859486 0.00423069 -0.014274803 0.006544562 -0.007331145 0.018731648 -0.0049456228 -0.022279466 0.037110183 0.03632087 -0.005342113 -0.019434024 0.0045480775 0.0289383 0.0030707452 -0.008759172 -0.0046344977 -0.024861142 -0.008821672 -0.009968689 0.0071142204 0.007855817 0.0050983126 -0.022519723 0.0018503553 -0.0070132194 -0.015261121 -0.013375278 -0.006593187 -0.0016539473 -0.0013563825 0.00143679 0.0025583985 0.0040535475 -0.024342079 -0.005810253 -0.0130361235 -0.014120191 -0.003076563 0.0022125638 -0.0029624295 0.014872914 -0.004581609 0.024252824 0.0026410245 0.000575186 0.03441251 -0.019931102 -0.004288417 0.0073971264 -0.010239925 0.0025724089 0.01199445 -0.020441202 0.002447381 -0.010543309 0.0054229875 -0.011070601 -0.0069513 0.00027985068 0.028869912 0.009338585 0.004168993 -0.025309902 0.024695646 -0.001342131 0.0062990324 -0.016240772 0.016292902 0.010680553 -0.0040440876 -0.023969933 0.0131934285 -0.0021203265 -0.014599097 -0.021908559 -0.030550167 0.011336869 -0.016827097 -0.006735137 0.011763822 -0.012477181 -0.023349678 0.0005987191 -0.004494294 -0.02429103 -0.0073978365 0.007909984 -0.008923428 -0.0048408564 -0.0036099302 0.016919369 0.007586733 -0.00020410359 -0.0061376635 0.01774894 -0.00073173584 0.003250468 -0.009947544 -0.025308227 0.0298047 -0.002453616 -0.008798547 -0.0036836243 -0.0056308126 0.01419321 -0.0016137579 0.0019031268 0.028216243 -0.011906855 0.020087078 -0.004861264 -0.011469309 0.017622951 -0.012209608 0.007350659 0.0048455675 -0.0027197772 -0.033128902 0.002824188 0.010818767 -0.0021414054 -0.02745537 -0.023310022 0.0047256313 0.00020093106 0.014872584 0.0007255727 0.0017929807 0.0059098923 0.013028919 0.0053107804 0.013264924 0.017501598 -0.0020530552 -0.014169826 0.004368024 -0.0116948625 -0.018554255 -0.0014072343 -0.0038430553 0.01687578 -0.009029499 -0.0072616385 -0.007606519 0.0016885757 0.00026145295 -0.00073339284 0.03560317 0.009102086 0.020560553 0.030899609 0.004257905 -0.0075586988 -0.009866694 0.019037394 0.018139897 -0.017413264 0.027048126 -0.008384936 0.0011695396 -0.01238018 0.0206971 0.012224567 0.006608009 -0.0040926025 -0.00766768 0.016916431 -0.008435833 0.007398201 -0.0015351236 -0.01476892 -0.014680248 -0.012367684 -0.0036435842 0.011419091 -0.014849697 -0.020500235 0.002091764 -0.02563394 -0.029517526 0.024334297 -0.024306243 0.032634575 -0.0011412916 -0.0058244634 -0.028274693 -0.012007782 -0.011487757 -0.0035023454 0.004338263 0.018131206 0.023673989 -0.026580727 0.00011835516 -0.0043350942 0.0016977027 -0.005487344 -0.006445478 -0.002913226 -0.044876352 -0.00647624 0.008589535 -0.0031278024 0.00042050504 0.012751449 0.016983673 -0.009321492 0.009619697 -0.0030269623 -0.00036127164 0.02382511 0.0075758463 -0.010709758 -0.0058275224 -0.004737279 0.013024845 0.008986415 0.0014416646 0.014764697 -0.011924802 0.015507166 -0.005867022 0.026596751 0.021783566 0.043092288 0.013807359 0.01017256 -0.011784327 -0.016616028 0.0053245467 -0.0119622 -0.011989261 -0.011165482 -0.0022790297 0.0024570548 0.007473196 0.008150375 0.0059060063 0.0024319268 0.00017461479 -0.024281757 -0.022206888 -0.017725566 0.009250195 -0.007565654 0.0026474798 -0.009929144 -0.006487327 -0.009530275 0.016619993 -0.005888902 -0.0068038953 0.011086322 0.02375926 0.018720917 -0.0026662285 -0.033483967 0.0051126657 -0.007494396 -0.00717492 0.0071056546 -0.00962979 0.0024355813 -0.0073888814 0.02140249 -0.009784392 -0.001119847 -0.0037511457 -0.00020371526 0.01387869
Suy thượng thận cấp	0.005503699 -0.007795001 0.010502378 -0.009488582 -0.001437188 -0.009405417 0.0055722296 0.0034334639 -0.009545954 0.011576362 -0.00020727295 -0.014032243 -0.0009877293 0.026307262 -0.002452123 -0.012314733 -0.008555176 0.021226058 -0.0019263191 0.00038345213 -0.017718032 -0.008071828 -0.0040086242 -0.0005900767 0.002661297 0.01612951 0.02225484 0.005518658 0.017669454 -0.024108037 -0.0040678442 -0.021184042 -0.024094928 0.003668194 -0.002639169 -0.00037853396 -0.01892215 -0.030466262 0.015847731 -0.009703949 0.0013523439 -0.006608129 0.00560591 0.01358179 0.00887079 -0.011034864 -0.0002482423 -0.009747423 0.007266396 -0.01279828 0.009144773 -0.0011090864 -0.00011908244 -0.007817566 -0.007294086 -0.028968263 -0.025394058 -0.011673829 -0.00863515 -0.006243552 -0.016404195 0.0056552105 0.009712247 -0.020003505 -0.0021947392 -0.004935181 -0.00045881618 -0.016437925 0.051684786 0.0070808344 0.006710829 -0.011290631 0.009947336 -0.005287551 -0.017119158 -0.018669356 -0.0017179189 0.00015048814 -0.00026695384 0.00033846192 -0.00839992 -0.021221092 0.001461111 0.010230932 -0.016866082 0.002936388 0.016625114 0.001998465 -0.0016482768 0.03168608 0.009077595 0.0065275854 0.0045178453 0.0083062155 -0.0015196973 0.008031262 0.010803707 0.018031739 -0.0029543608 0.010169679 -0.011125281 -0.0018314038 -0.0008828482 0.008823111 -0.019022409 -0.032269005 -0.005756413 -0.0018493064 0.0059657963 0.019829825 -0.008884343 -0.013477066 0.026149407 0.0025943331 -0.025276143 -0.017772818 -0.016659565 -0.0008270182 0.013814224 -0.011569383 0.018167788 -0.0024482226 0.010981266 0.003805534 0.0164456 0.005388711 -0.006329736 -0.0020463795 -0.00084879354 0.012627968 -0.0071065295 -0.010850636 -0.0056499364 0.006478997 -0.008884426 -0.017382978 -0.017371967 0.023713678 0.011425346 0.016982228 0.01560444 -0.016279629 0.003962914 -0.006822709 0.0048355567 0.009296659 0.0041127377 0.019432 0.0018671295 0.020024166 -0.008303218 0.0023011013 -0.001491605 -0.009639673 0.02356675 0.019710239 0.009194076 0.0029292505 0.008502271 -0.0017422107 0.007231136 0.012314379 0.016233368 -0.010974621 -0.01602036 -0.00090231 -0.008798528 -0.012375933 0.013022925 -0.00025579904 0.0037425393 0.0063074697 0.0015971683 0.005968865 -3.9842856e-05 0.015245906 0.0034824263 -0.02943587 -0.0076506804 -0.00379029 -0.007867908 0.015890883 -0.00026812273 -0.0072645247 0.021894716 0.012242535 -0.001312152 -0.012926648 -0.0065965974 -0.013128262 -0.005970637 -0.004153925 -0.011296481 -0.01605226 0.007150073 -0.014681306 0.011470677 -0.007532983 0.0034777685 0.0098717585 -0.008183276 -0.0014703517 7.800013e-05 -0.010986799 0.0019816954 0.0027853455 -0.010224149 -0.0066049807 -0.0084340405 -0.028199079 -0.009470366 0.0007994037 0.027517095 -0.0009589831 -0.010667246 0.011194921 -0.004937889 0.0005206293 -0.018045278 0.0012873093 -0.020253254 0.0005756675 -0.0024166144 -0.0027107897 -0.016849272 -0.0028907922 0.019407287 -0.00016990145 0.008251976 -0.028812075 0.008244665 -0.00052172097 -0.013338998 -0.012054385 0.012724238 0.0006349843 -0.009727159 0.0034401806 -0.012158908 0.00018655893 0.0006377732 -0.004700281 -0.023122422 0.004213032 -0.0077349455 0.007255703 0.018416705 -0.0038117443 0.005811233 -0.007233366 -0.011056381 -0.0002437109 0.0038015763 0.012361761 0.049682442 0.005254639 0.0010772554 0.034051053 -0.0003289335 -0.008044557 -0.034711823 -0.01537443 0.00519194 -0.0055353083 -0.008331654 0.0051697246 0.012221158 0.021103326 -0.020858144 -0.0057686935 0.0053835786 -0.0035662656 -0.0164233 -0.014888029 0.005454329 -0.010796449 0.0090334555 0.029025381 0.018524079 0.031218844 -0.0019285823 0.022656774 0.023851542 -0.0024216736 0.009274216 -0.012709536 -0.0049488684 -0.014798798 -0.009743062 -0.005448151 -0.0020916327 0.0113603715 -0.0072446465 0.0002935255 -0.00084340066 0.0036234194 -0.00485425 0.023978058 0.0013421486 0.018870424
Nông nghiệp bền vững	-0.024999427 -0.0066150073 0.011160594 -0.0075178687 0.006660143 -0.0068945712 0.007195744 0.010187618 0.0059293825 0.008014094 0.0068585942 -0.0004251326 0.0073438073 0.0081178965 0.009509304 -0.0018139958 0.014026021 0.0068009887 -0.025954071 -0.00020237111 0.013804816 0.010267515 -0.004818327 0.0031742887 -0.013539078 -0.006867772 0.008590285 0.005655747 0.027659811 0.007923089 0.0033639015 -0.01611156 -0.002232256 -0.027557189 -0.0010549517 0.0043840613 -0.016835945 0.011405045 0.0020657529 -0.011860611 0.00011930904 -0.018885523 0.019864345 0.0069902334 -0.015034699 0.0016851634 -0.019218728 -0.024583012 0.003685094 -0.0012122968 -0.001258994 -0.0044018407 -0.011584064 -0.008034091 -0.03282332 -0.005908757 0.0023492442 0.00017513857 0.010887987 0.005974347 0.011154268 0.0069257272 -0.0047998563 -0.044075515 -0.0016095466 -0.0029716112 -0.004325818 -0.015029792 0.032536805 0.008121048 0.0060826708 0.009852858 -0.001248858 0.007964275 -0.0032527964 0.0054348176 0.00085406605 -0.014741679 0.003180041 -0.005523954 -0.015614372 0.0021011445 -0.014650143 0.0009722791 -0.005256811 0.009124185 -0.014689539 -0.011498017 -0.005700056 0.02564061 -0.006834985 0.0044692196 -0.008299495 0.012800332 0.0039706966 0.01428647 -0.0077443738 0.019052321 -0.00070942356 0.010521292 0.017757526 -0.009140059 -0.0031934255 -0.00087077834 -0.025815563 -0.028113743 0.002651766 -0.008752269 -0.010694227 0.0027227772 -0.021095438 -0.0058132755 -0.009398434 -0.00025925247 -0.017468112 -0.022196142 0.0057682805 0.0043125036 0.015952287 -0.018454913 0.017105723 0.001957058 0.0047967806 -0.010131333 0.0029327055 0.012170944 0.004785618 0.0009789993 -0.0032223198 -0.004135003 -0.00044454302 -0.00959448 0.0047189253 0.011620888 0.0048791887 -0.016772121 0.004716223 0.026512964 -0.0125746485 0.0013357722 -0.0045251516 0.0006816351 0.01020496 -0.016416403 -0.028423479 -0.0030362518 -0.009289268 -0.0044191536 -0.012019052 -0.0040889326 -0.00082172203 -0.013101403 -0.018951988 -0.0017221413 0.0033432532 -0.0058445763 0.009697367 -0.007122973 -0.00081201975 0.0040977565 0.007905317 0.009196149 0.00958711 -0.013036381 0.0010100566 0.016564112 -0.0039035997 -0.014573839 0.024487406 -0.017191747 0.011157899 0.012187063 0.009597763 -0.0149818 -0.009178168 0.0012614735 0.0003984645 0.02242092 0.0056763296 -0.009777673 0.024647582 0.015637487 0.007959697 0.0072867554 0.0048094206 -0.012872097 -0.009613256 0.019304022 0.0036465293 -0.012531731 -0.017488135 0.008548994 -0.0017013744 -0.004013874 -0.0041085365 -0.007340739 -0.0054115 -0.0061235894 -0.008830316 0.0013331567 -0.01807237 0.0064831134 -0.017054655 -0.012019224 -0.0011093968 -0.0029692654 0.0038920853 0.01170244 -0.015333671 -0.017171634 0.027949847 -0.0010307753 0.01199484 -0.0023917642 -0.0027665151 0.013094406 0.008422681 0.0010519669 0.020402547 -0.0027203888 0.009600533 0.010469756 -0.008957061 0.0121411905 0.00042194792 -0.0014678966 0.0023605516 0.0022751256 0.019334339 -0.045418754 0.00576029 0.006086349 -0.0063105244 0.011487565 -0.0094480915 0.0013075026 -0.0016118272 0.015551888 0.010836905 -0.0023707207 0.016176764 0.005011068 -0.01754742 -0.0042408006 0.008921654 0.0027403687 0.00030085247 -0.0152755035 -0.0003649015 -0.012600457 -0.007620971 -0.0024468366 0.050432906 -0.012541158 0.05792498 -0.0025678542 0.0010994383 -0.0044406634 0.0053126453 -0.00907925 -0.008344123 -0.006259867 -0.03639863 0.005722277 -0.011394818 -0.0049111415 0.0029264155 -0.0025274765 -0.0010999425 0.0048568496 -0.0051347646 -0.010065747 -0.005400898 -0.0013830195 0.011137142 -0.014471554 -0.0037467638 0.02639285 -0.021791233 0.012816802 0.00040431196 -0.0047030514 0.007389818 -0.0022604063 0.019953527 -0.0041995966 -0.009872315 -0.02739171 4.5511097e-05 0.00547334 -0.00042401667 -0.002660285 -5.4058928e-05 0.013457149 0.0066800346 -0.0076771462 0.008774682 -0.03209232 -0.01101966 -0.012100039
siêu tân tinh	-0.028548568 -0.007570362 0.06144372 0.031303238 0.017703474 -0.009466533 0.0035794945 -0.00090388826 -0.021649541 0.014009061 -0.009275139 0.005022988 0.002264332 0.019940449 -0.005271326 0.020180648 -0.007041274 0.0045110965 -0.0064939708 -0.0074357972 0.0050798072 0.009251265 -0.023186503 0.012283022 -0.03241768 0.016251514 0.013209014 0.013431698 0.016238267 -0.023233546 0.013390189 0.010724724 -0.016929148 -0.0084265135 -0.022489248 0.0064160316 -0.021708589 0.017096909 0.006102555 0.002191018 0.0017866194 0.001341742 0.026091857 -0.006618674 0.012136649 0.008225855 -0.02289445 -0.0029792092 0.011189482 -0.02394092 0.0071826116 0.014035568 -0.006518006 0.0068310304 0.0029041471 -0.042838298 -0.051394608 -0.0017783527 -0.008371613 -0.022461303 -0.004395559 0.0070233718 -0.0038660108 -0.04907256 0.009773288 -0.0030609064 -0.019901708 0.007603964 0.01772082 -0.0078035537 0.01239366 0.006146288 0.026680524 -0.00652148 -0.0020212673 -0.01963583 0.015427595 -0.011052747 0.014689994 -0.0044449763 -0.02520163 -0.026588298 -0.027186649 -0.01241238 -0.029275782 -0.014326968 0.02386719 -0.02130413 0.021268405 0.050461337 -0.00055812503 0.0010333671 -0.0056549134 -0.012911564 -0.010665899 0.0055726273 -0.0017190854 0.004070629 -0.015317964 0.0014611245 -0.053758923 -0.0134197865 0.023193927 -0.031180387 -0.0011406887 -0.014700253 -0.01384706 0.00051094725 0.016125713 0.002514834 -0.009711446 -0.027258676 0.016826967 0.015706597 -0.009176372 -0.010918963 0.01924255 0.019518161 0.003010703 -0.038602743 0.037064727 -0.030830646 -0.0019726388 0.02195008 0.011394894 0.021835761 -0.005468073 -0.0078054313 -0.012328375 0.027197892 -0.0014654208 -0.029853713 -0.017867975 0.01854541 0.0048344047 -0.0050587575 0.0029276186 0.023768855 -0.023357611 0.010529994 0.011204932 0.009505167 -0.0022920533 -0.011510101 -0.033399314 0.019528126 -0.001451029 -0.004241216 0.005743802 0.015021276 -0.014347712 0.020331556 -0.004599212 -0.0021460834 -0.0031203986 0.02917263 0.0150850555 -0.013504696 -0.008965648 0.023298042 -0.019186838 0.020483814 0.0121049695 -0.0060148104 -0.027617706 -0.009886426 -0.0058561894 -0.0036562523 0.039724514 0.006625401 -0.01725691 0.024766874 -0.025552547 -0.004216438 -0.016361965 -0.017111884 -0.007857139 0.005302219 -0.013594574 -0.041345786 0.0077465624 -0.005550794 0.041657653 0.00561017 0.01551956 0.000714149 -0.009263206 0.009525093 -0.01877934 0.016578872 -0.038360074 -0.016884895 0.023109661 -0.0003890578 -0.006924793 0.018438112 -0.020693429 0.01274701 -0.004488459 0.002913958 0.00056112354 0.013429547 -0.028165502 0.0125854425 0.009059253 0.0049531953 0.013674011 0.009010923 0.018484062 -0.03443838 0.054310694 -0.037137363 0.04178292 0.0066924165 0.0070990846 -0.0034044653 -0.00035432048 0.031025236 0.011595707 -0.012514556 0.012320063 -0.0022503575 -0.004345426 -0.0054449355 -0.009675228 0.0037104907 0.017237162 0.008335438 0.0059803682 -0.041857824 0.00561793 -0.016574444 -0.010029325 -0.0092795165 0.03252735 0.007214913 0.025719292 -0.0030561313 0.013888388 0.015828881 -0.00471496 0.00854577 -0.024194362 0.007049386 -0.0014771972 -0.00045431542 -0.00392593 -0.011017184 0.009347147 -0.022960722 0.016558401 0.0072220233 0.011926144 0.007985564 0.029352816 0.009471961 0.02709913 0.038825497 0.00034480894 -0.007159035 -0.066664524 -0.024311328 -0.0018323836 0.021224417 -0.009058291 0.0011161813 -0.01857764 0.014211629 -0.0181319 -0.008956756 -0.011269427 -0.01364492 -0.027822262 0.0029962063 0.031056242 0.0020252827 0.0017745458 0.03088687 -0.028536262 -0.006829232 -0.02618695 -0.0074977623 0.025390869 0.01691267 -0.01571333 -0.00028219481 -0.009776079 -0.0010864965 -0.015311217 -0.008031781 0.0049388595 -0.014853811 -0.021710645 -0.020472467 -0.005722149 0.018249357 0.010229983 -1.7230484e-05 0.0043110047 0.0041627157
Hệ thần kinh ngoại biên	-0.009288562 0.0035072374 0.018257884 0.005960204 0.0011320563 -0.012319048 0.0066226805 0.0087603405 -0.0017305271 0.02748251 0.0028832029 -0.008580205 0.0062485985 0.00082367857 0.0012816528 0.023850132 0.004862175 0.0058668004 -0.027414884 -0.0007713045 -0.0028371897 -0.001307643 -0.015514856 -0.009241302 -0.0020921777 0.006583517 0.013722729 -0.012757955 0.028669443 -0.006278657 -0.009662015 0.0028465455 0.004609329 -0.0105049275 0.013663094 0.007288208 0.0072284066 0.01608266 0.0139453905 0.011652885 0.010002581 0.0015033109 0.025705019 -0.0021107276 0.0066853613 0.0034759769 -0.013835056 0.00381707 -0.0012753957 -0.013514134 0.015757501 -0.0030904603 -0.012430102 -0.0058484497 -0.003649091 -0.014541464 -0.010370641 0.005734178 0.0016064512 0.0041062883 0.0043513933 0.019742254 -0.001052363 -0.034342237 -0.0029030913 0.010571747 -0.004576094 -0.008364838 0.04376292 -0.0047636246 -0.004207931 0.0003727748 0.0014057477 -0.014470515 -0.025660016 0.021610908 -0.013257668 -0.010591468 0.011755096 0.00096815184 -0.0017683577 -0.0021713565 -0.014455559 -0.0035714032 -0.027683798 -0.008996282 -0.009144284 0.014104821 -0.015627302 0.012554214 -0.0016791672 -0.013574495 -0.0061038677 0.004874364 -0.004562753 0.012134699 0.004379006 0.011131874 0.0026115219 -0.0130881 -0.026873473 -0.0032061953 -0.004853903 0.028395018 -0.01879483 -0.01437162 -0.002644558 0.0016551912 0.0061494736 -0.004290706 -0.015707495 0.0057064267 0.008773752 0.008224397 -0.02128725 0.00069716945 0.010912864 -0.012310137 0.011277083 0.016158286 0.020394549 0.0095935995 0.019622589 -0.0054286486 0.012522451 -0.0043969266 -0.015794598 -0.010196564 -0.0029089176 0.006014521 0.01947926 -0.00045297685 -0.012129494 0.00510654 -0.0073419213 -0.0011772276 -0.0027423687 0.020942384 0.0020148917 0.0030233 -0.016085906 0.013735982 0.0063479813 0.009296789 -0.021187004 0.0037971465 -0.008101165 -0.034374382 0.0062801936 0.012866408 0.004686173 -0.0067286193 -0.015973791 -0.0077029723 0.008166434 0.0036798038 0.010367943 0.006497738 -0.013163672 0.006702929 0.004920518 -0.0018175689 0.012852032 -0.009627064 -0.003176858 -0.007927439 0.005053401 -0.0029522663 0.007452644 0.0013945394 -0.0054781046 0.008898316 -0.0048289425 0.0061755506 0.004374735 -0.00045259012 0.005404804 0.017129024 0.009690716 0.0057582827 0.007871309 0.0045131445 0.0070094084 -0.003034339 0.0046305233 -0.00071593607 -0.0060205585 0.0020190892 -0.011761576 -5.121017e-05 -0.04207874 0.016181698 0.0008253657 0.0058819307 0.010446775 0.0029267485 -0.0057991375 0.0058932416 0.023790106 0.004205068 -0.011102532 -0.0038303647 -0.009797589 0.0049077435 -0.0019108064 -0.003254921 -0.0010533889 8.5032414e-05 -0.006778147 -0.016542839 0.019404361 0.008381364 0.0039592376 0.012075367 0.014811473 -0.00889911 -0.0076189437 0.006830696 -0.0062253396 0.007000159 0.0030157727 0.004286026 0.0015268058 0.004903388 -0.009494262 -0.0076508066 -0.0038396623 0.0022977788 0.0019068707 -0.029217675 -0.0012453335 -0.0048654713 -0.0016769199 -0.0006018506 0.0053203567 0.008405002 -0.022185087 0.0025462483 0.007886635 -0.009913421 0.020673867 -0.0033476008 -0.0005310152 -0.0032337946 0.00026844017 -0.006460621 -0.00029764383 -0.009114626 -0.008218839 -0.020395782 0.0011955572 0.00094534474 0.034703415 0.0038521779 0.030339902 -0.014549369 0.008523221 0.02275562 0.006165757 0.0063560614 -0.015317385 0.00035750246 -0.02610485 -0.0039727334 -0.014384039 0.0024451439 0.010335057 -0.010146271 0.0060460907 0.002218783 0.00026054573 0.0003095646 -0.014140327 0.0003104625 0.004626479 0.0030921914 -0.030201977 0.022140225 -0.0045818873 0.006849951 -0.0048793172 -0.016388353 0.022829948 0.00907532 0.01136339 -0.014542155 -0.007552888 -0.008770296 -0.0020518657 0.008851851 -0.002490595 0.0001901554 0.0060246997 -0.005555475 0.029035551 0.0067724 -0.00089751714 -0.018646117 0.022511765 0.006510794
Nông nghiệp đô thị	-0.027596185 -0.0055901813 -0.0112900585 -0.008840849 -0.0010936446 -0.001445668 -0.00028743083 0.019228341 -0.002649624 0.023889434 0.011109872 0.00635701 0.007834276 0.0061702165 0.0038116316 -0.00523236 0.016819704 0.007538398 -0.027023342 0.007561134 -0.0030523436 0.010965707 0.0025080838 -0.011813276 -0.007209703 -0.0012690151 0.0050625205 0.011116331 0.037926167 0.0001476378 0.014548939 -0.013218341 -0.0015544184 -0.01622466 0.006037926 -0.0053288657 -0.023477098 0.036543515 0.0040221615 0.010633577 -0.0042785085 -0.005080602 0.0085424045 0.005649927 -0.0041433848 0.004017161 -0.012924651 -0.016924202 0.0072644735 -0.02022951 -0.0019574035 -0.004388854 -0.010132076 -0.0068738395 -0.029026398 0.01898271 0.0076309866 -0.004224442 -0.008462785 -0.016373118 0.010333146 0.004051865 0.012077542 -0.061804697 -0.0071771736 -0.0047399485 -0.015510516 -0.013508715 0.035215788 0.0060715997 0.0061990228 0.005075528 0.020063465 0.03018302 0.0062169787 0.021039302 0.0028607578 -0.0150511805 -0.013325486 -0.011937165 -0.014132417 0.009944963 -0.021307072 -0.008054583 -0.0005412204 0.010898102 -0.009942377 -0.0009300384 0.005860375 0.018896362 -0.008352508 0.008860755 0.007597215 0.005873201 -0.0029864442 0.0023716318 -0.006991002 -0.008879584 0.0039092754 -0.014923336 0.013336265 -0.021457266 -0.014039485 -0.0021508057 -0.010276552 -0.029764708 0.0011817198 0.004463223 -0.002268716 -0.0011840749 -0.028952397 -0.017552916 -0.015124918 -0.0020089233 -0.018090673 -0.013635089 0.0033432385 -0.0012763878 0.012961965 -0.043130457 0.019864665 0.005038002 0.011467421 -0.008640997 -0.0077285203 0.025180293 0.00364177 -0.013759851 0.0071027083 0.0035763392 -0.007631582 -0.00975178 0.004873096 0.0061509428 0.00087321375 -0.009294933 -0.0119734965 0.030915106 -0.015840432 0.0045358837 -0.004269219 0.0048002647 0.0121188 -0.009397361 -0.01731287 -0.008737579 -0.008618489 -0.0005195206 -0.011478118 -0.0012283251 0.012015915 0.00022256933 -0.010428551 -0.011608313 0.00898831 -0.014599921 -0.0026004843 -0.017477207 -0.010326184 0.01968618 -0.008022028 0.020697398 0.008553752 0.0029425658 0.0070092147 0.0039761066 -0.008736409 0.0004871646 0.012640186 -0.0072342525 0.0037974457 0.021569813 -0.011398638 -0.014361233 0.0013219528 -0.0050352495 0.0025880276 0.013688381 -0.00091379136 -0.010100908 0.02550178 0.016782153 0.009173271 0.011167297 0.003068525 -0.0063445177 -0.018611405 0.016367909 0.0021382782 -0.00735134 -0.008018058 0.007002315 0.0068358397 -0.001869957 0.0064845523 0.019125093 0.019613866 0.0034027598 0.019333819 0.007125334 -0.011363128 -0.0022663963 -0.010859807 -0.021882134 0.012464897 -0.0010289378 0.012581902 0.027783317 0.0012443573 -0.012764169 0.019386824 -0.010955453 0.01776499 0.0034737037 -0.008803792 0.008575045 0.0062474725 -0.0067002997 0.011083599 0.0003162368 -0.0042987885 0.0020320404 -0.020594936 0.019060407 -0.009451471 0.010589868 0.0036470701 0.006038838 0.0047073625 -0.041406374 0.008088781 0.017873332 -0.009866294 0.0036291094 -0.0038125776 0.003207898 0.0044439626 0.013991008 0.008954598 0.0018288142 0.04512842 0.0007232113 -0.013955954 0.001476442 -0.0047541857 0.0069486396 -0.0010930479 -0.016200792 -0.00248753 -0.012253992 -0.002239483 -0.0014576102 0.06891421 0.0063871294 0.04346392 -0.014459802 0.0042630667 0.00636437 -0.004200738 -0.0011422511 -0.013391426 -0.00060761115 -0.026734447 0.008549213 -0.020101495 0.002150984 0.008208959 0.0013690896 0.0032556686 0.0061301095 -0.0032379455 -0.01311145 0.0034287605 0.010143143 0.014412852 -0.004226356 -0.005579662 0.045731906 -0.005846726 0.008399315 -0.019014876 -0.0071208845 0.027879653 -0.0026114513 0.012196354 0.0010608215 -0.010786699 -0.043540362 -0.00731334 0.008555976 2.8726412e-05 -0.023532968 0.0064280736 0.003126631 0.0013674437 -0.015727803 0.02035562 -0.027594883 -0.0063470844 -0.005397723
bệnh viêm tủy xám	-0.008174756 0.009219021 0.027864 -0.010381608 0.004001977 0.009543284 -0.007791914 0.022455415 -0.005082914 0.005199222 0.0070146983 -0.0049748896 -0.002916891 0.009401814 -0.01978073 -0.0044820337 0.0042680493 0.014060657 -0.030814508 -0.011846504 -0.013346093 0.006005883 0.0019433538 9.691629e-05 0.015206022 0.0050987666 0.0058455924 0.00029906456 0.00674782 -0.0030406336 -0.019358365 0.0010729457 -0.005834781 -0.00060670974 0.0026648983 -0.007661701 0.013734538 0.009550512 0.029192585 0.010070469 -0.010283338 -0.0059259823 0.0554365 -0.02117896 0.0043800073 0.009897309 0.0059978142 0.008259938 -0.00787419 0.0075219152 -0.0015992686 0.0028952907 -0.00023465045 0.005200155 -0.017816778 0.01879804 -0.017124172 0.0024337834 -0.018336887 -0.013608247 0.0032893743 -0.002452267 0.0020790976 -0.03494203 0.0037695938 -0.0054786704 -0.016077511 -0.00031801237 0.02009184 -0.004909298 -0.007982003 -0.0016645502 0.0028863796 -0.0071840673 -8.646312e-05 -0.041067436 -0.0051846183 0.013696355 0.005407095 -0.0019214618 0.0066270647 -0.0021334589 -0.0008243551 0.0027203714 -0.0074989465 0.011035824 -0.01082282 -0.009479521 0.0013025195 0.005201322 -0.0058953334 -0.007376776 0.009691952 -0.0022260635 -0.0116850315 0.007874202 -0.016405486 0.00695798 -0.0060642986 -0.0050329813 -0.023444744 -0.008289061 0.0016100112 -0.006558404 -0.00950716 -0.020332972 0.008262994 -0.0032473782 -0.009885113 -0.007373653 -0.03303082 -0.020718277 -0.014510159 -0.019829597 -0.0214375 -0.0034719184 -0.0064786435 -0.01261269 -0.009851824 -0.01747227 0.0011502358 0.00075935066 0.011170402 -0.023618435 -0.0049923956 0.016405154 0.0008062838 -0.011501605 0.004870718 0.021161554 0.014745987 -0.017786462 0.015698472 0.020730184 0.01436494 -0.01353127 -0.010692391 0.01624774 -0.0007179146 -0.016720379 0.0040579285 0.003974058 -0.0048271935 -0.0047630835 -0.008976606 0.001593657 0.0010773827 -0.021584269 -0.0088776555 0.006476764 -0.009836733 -0.011897683 -0.014699205 -0.010886681 0.009833583 -0.015027825 0.009798858 -0.004641365 -0.008637347 -0.010346395 0.0118653495 0.006264729 -0.0058834576 -0.00021822416 0.009797517 0.02930113 -0.0029182031 -0.0064061475 0.02485336 -0.01075816 0.011850299 0.016679589 0.0156446 0.0007497997 -0.0036304672 0.012885471 -0.0030701612 0.005372068 -0.008908003 0.015079315 0.012369364 0.0048350156 0.0120865 0.0004401631 -0.008873019 -0.005322562 -0.0076071844 0.01481089 -0.0059449007 -0.0037953726 -0.045996476 0.025340762 -0.008497135 0.009864579 0.0032648465 0.0030915707 0.009189991 0.017050616 0.023154901 -0.007471444 -0.007472289 -0.010032683 0.008950099 0.010932979 0.009279 0.00586736 0.005385807 0.009965041 -0.01935547 -0.012304481 0.06431245 -0.015805306 0.01572501 0.0014671026 -0.0054719094 -0.010660668 0.007291999 0.01395885 -0.011655638 0.00811599 -0.0065544336 0.015391556 -0.005628141 0.000597771 0.008388137 0.005345832 -0.0071209986 0.0024838315 0.0065608853 -0.022912754 0.0024545607 0.001885934 0.0026934752 0.011261023 0.00043439618 -0.012866219 -0.01738556 0.014436284 0.008315387 -0.006931058 0.02438713 0.006654154 0.012434115 -0.007469326 -0.0031384313 -0.0077001974 0.012248289 0.0024741068 0.013406748 -0.01798871 0.0017165286 -0.005147935 0.049597193 -0.015972387 0.015832584 0.0013033618 0.014248102 -0.042861633 -0.010005314 -0.0066635814 -0.021608017 0.011654021 -0.018656442 -0.0008648632 0.0004206245 -0.0029747868 0.005278212 -0.0068428866 -0.024829702 0.019157847 -0.008984548 -0.0064610695 -0.011843678 0.01628921 0.008755967 0.004311503 -0.0068012667 -0.020917362 -0.0004841447 0.0133972345 -0.030721962 -0.0072699394 0.024662908 -0.009410355 0.010856784 -0.008647135 -0.005762262 0.0023884152 0.0015572752 0.012781183 -0.0022215967 -0.0021669334 0.0070841033 0.0039543724 0.01600939 -0.0040200264 0.011603251 0.013481214 -0.0055170534 -0.004971722
sinh tố trái cây	-0.0025980584 -0.016752461 0.050930627 0.001512127 0.0120627 -0.01138146 -0.0009686389 0.0135954665 -0.0063178865 0.01913194 -0.011182783 -0.019430716 0.0075131278 0.0019018287 -0.012630993 0.01469822 -0.009018915 -0.005068306 0.0056933886 0.022775114 0.001528213 0.0015041964 0.007818856 -0.010803764 0.010318833 -0.0124249365 0.033546314 -0.00027561537 0.016353166 -0.003260924 0.010066539 0.0073094512 -0.0076482766 -0.020214384 0.019798169 -0.0294516 0.00038990364 0.009628967 0.026024852 -0.0057590534 -0.0007126177 -0.021932969 0.02729592 0.00649853 0.015953619 0.005515793 -0.010067111 -0.012356673 -0.006209385 -0.0051872567 0.0034614839 -0.006411192 -0.0024380577 0.01628187 -0.015812013 -0.045343187 -0.046054017 -0.005032647 -0.009184689 0.014716769 -0.0028310246 0.0030294224 0.016938167 -0.03263306 -0.0044706403 -0.01692867 0.011690179 -0.012606902 0.041464567 0.01143752 0.014470729 0.0029779703 0.0076833284 0.02938859 0.0138278315 0.05281016 -0.009371216 -0.0070714364 -0.008190935 -0.008935697 -0.0019243689 0.007468959 -0.016325228 0.0027576466 -0.0016194724 0.0034165294 -0.026075346 0.005048217 0.015626758 -0.002080641 0.011082338 -0.0019121681 -0.00861639 0.006819187 0.0037088203 -0.0009556747 0.008693604 0.0065989704 0.0001402742 -0.010945058 -0.012699627 0.006166554 0.010876497 -0.04444616 -0.004558572 -0.039797343 -0.029217247 0.0071749273 0.0034218074 0.0043660556 -0.01991428 0.013320908 0.0009337259 -0.0019308814 -0.012136028 0.0015296707 -0.0023299344 0.016989758 -0.01321981 -0.053971626 0.019375328 -0.004664791 0.024231713 0.00339713 0.0080111995 0.023594344 0.01762498 -0.018037971 -0.005767768 0.007934623 0.012892415 -0.01589051 0.0033605606 0.007377748 -0.003969155 -0.019423662 -0.00960482 0.046001937 0.009863935 0.01557457 0.02432116 0.0003723704 0.019395849 -0.010617807 -0.01959296 -0.006370676 -0.008209815 -0.05671638 -0.0014056377 0.0172205 0.015347945 -0.00018588958 -0.033885412 0.0050223963 -0.01455078 0.011940704 0.009278702 -0.006910909 -0.006328915 0.018960351 -0.0023787054 0.014121131 0.0014859313 -0.0021990328 0.00330349 -0.005827281 -0.0022643446 0.0059937066 0.016082073 -0.011281913 -0.017040687 0.011040737 0.012805337 -0.017679881 -0.00019704072 0.009290723 -0.004034186 0.005108546 -0.0035884178 0.011941661 0.014712014 -0.0005755716 0.010762806 -0.0068978155 0.010207271 0.008620306 -0.007963172 0.012105125 -0.0034587868 0.009027587 -0.023813596 0.023475053 -0.013455505 0.021035058 -0.002662611 0.022871004 -0.011151328 0.0064583244 0.02929367 -0.002133385 -0.0018987535 -0.009723002 -0.001783709 -0.009602703 -0.008966037 -0.008727636 -0.0051807472 0.020891234 0.0028485453 -0.025048109 0.051185783 -0.0026847727 3.1097465e-05 0.0011613044 -0.0064911074 0.01015865 -0.01048064 0.017769847 0.020323128 -0.009044229 0.0037428415 0.027329028 -0.02382083 0.0017310847 0.014438932 0.013663843 -0.021845536 -0.014537087 0.008326237 -0.04090572 0.010705007 0.022730004 -0.0016989176 -0.011188892 -0.009041182 -0.0013822063 -0.0020943002 0.0049584205 0.004498745 -0.010668004 0.049793515 0.008393673 -0.0007963567 -0.0014407877 0.010813517 -0.0018328438 -0.008857532 -0.029571857 0.020594973 -0.022380766 0.008171285 -0.008611443 0.06334703 0.018039081 0.06843558 -0.0022436387 -0.008362955 -0.029607266 0.003110138 -0.002583888 -0.030761775 -0.00069772505 -0.053065978 0.005557936 -0.020336183 0.0021408254 -0.01610555 0.0054809484 -0.012863939 0.0069826767 -0.0043534953 -0.013448711 -0.02384113 0.013593937 0.030795237 0.009275526 0.004182539 0.02227473 -0.004070959 -0.0017784658 -0.0065678754 -0.0019231336 0.009403018 0.0008892221 -0.012990281 -0.0156378 -0.024536802 -0.007500027 -0.005963977 0.00037140606 -0.009347393 -0.0171377 0.0072162417 -0.005224886 0.0014316941 0.011589887 -0.00668643 0.016447296 0.007762944 -0.023198424
áp suất khí quyển	-0.01693187 -0.033246197 0.004734497 -0.0041019786 -0.0101934755 -0.010076529 -0.008844919 -0.016136153 -0.00621542 0.014028981 0.0041883867 -0.039177015 -0.013608694 0.006856649 -0.0144578675 -0.041218374 0.013280567 -0.016356338 -0.021623123 0.0013206706 0.021932075 0.018514523 0.00835192 0.0146188475 -0.021843715 -0.021375109 -0.016913982 0.011865088 0.0203886 -0.0040060924 0.016952876 -0.027758023 -0.0026696066 -0.026661975 0.025097584 -0.0039490787 -0.027262056 0.02949681 0.036142822 -0.010796369 0.0015175466 -0.015408278 0.0536916 -0.0001924177 0.008628028 -0.008017555 -0.0026791657 -0.021517795 -0.014868485 -0.026888693 -0.022724327 0.017248405 -0.000930653 -0.012327245 -0.033133265 -0.014405777 -0.025875045 -0.019122958 -0.015443168 -0.008927661 -0.01601675 0.0012803768 0.012422863 -0.021384545 -0.016727282 0.008965404 0.0015220153 0.006558078 0.010132571 0.010129028 0.016692989 0.01988765 0.021081913 -0.004277686 0.004266518 0.0065955427 -0.03527337 -0.023119846 0.006335346 0.019679794 -0.006761571 0.0005582354 -0.040615242 -0.01241856 0.0076091364 0.0011934482 -0.04732346 -0.005335254 -0.00022329464 0.017522749 -0.0087518 0.0069155563 -0.0014996643 0.023567459 -0.024113407 0.009295242 -0.025782248 -0.0013552507 -0.015287568 -0.019470623 -0.0048269015 0.019647233 -0.012591763 -0.02868106 -0.0015486277 -0.028279126 -0.0046697427 0.0073697497 -0.01700771 0.00011052514 -0.023855055 0.00027627844 0.019017285 -0.0064782393 -0.0036831528 -0.010344835 -0.00031635872 0.004256064 0.014151526 0.0050415024 0.036562603 0.010174556 0.049879108 -0.00038282786 -0.0021872364 0.016138023 0.028783362 0.005103347 -0.0036819472 0.013560853 0.0033414473 0.0026159908 0.0056144544 -0.0064683855 0.00018587212 -0.015821274 -0.006976896 0.025516327 -0.024514087 0.009428252 0.012655687 0.007842162 0.01572553 0.003640432 -0.022215832 0.014268073 -0.01327796 -0.039602995 -0.023638286 0.007762598 -0.012303094 -0.02599177 -0.044183005 -0.011698571 -0.0073570237 -0.014285515 0.021532742 0.01921179 -0.02227586 0.014135591 -0.035824317 0.011350339 0.036975544 -0.014172361 -0.017427247 0.017502146 0.0061529735 0.011471433 0.028943066 0.016260255 -0.0059915376 0.024674462 -0.0052746716 -0.021666277 -0.0020407792 -0.0058641382 -0.0035241658 0.05295113 0.014287582 0.006170362 0.0047839703 0.03152732 0.019732563 -0.0006672169 0.010748863 -0.014957723 0.0020113897 0.0322073 0.018956367 -0.0053193574 -0.008937311 0.01575171 -0.004423956 -0.015941719 -0.01818321 0.012890333 0.022009296 -0.011006673 0.0023616084 0.011173729 -0.00498312 0.0071096704 -0.009706953 -0.017063983 0.008700929 -0.026784535 0.02535273 0.0017188445 -0.009420114 -0.029206883 0.060920708 -0.032198388 0.014986828 0.011466688 0.006250605 -0.018228497 0.0039014588 0.004854133 -0.01534941 -0.007814774 -0.0053603025 -0.006727161 -0.015290577 0.016447833 0.010524239 0.01211615 0.011765462 0.0059551653 0.012537341 -0.016675003 0.014605767 0.005133045 -0.008966479 -0.006720598 0.003656666 0.019775974 -0.023879297 0.006761699 0.017686725 -0.0070893397 -0.0064817243 0.012172655 -0.025637865 -0.02195564 0.0062812683 -0.016524527 -0.006238795 -0.026686661 -0.002726808 -0.0052833823 0.023963723 -0.008237596 0.05771916 0.024162654 -0.0050610006 -0.01874873 -0.015644448 -0.015598619 -0.03479815 -0.008179472 -0.018209744 -0.021505399 -0.012594265 -0.0035901333 0.005312359 0.013565304 -0.009743853 0.004205836 -0.010976835 0.02577144 -0.0011913071 -0.02783932 -0.03067982 0.028707782 0.01721534 0.026214533 -0.03409355 0.01574923 -0.019135205 0.02237664 -0.018448807 -0.029112943 0.04611605 -0.021101784 0.017749608 -0.0013646444 -0.022416739 -0.017412847 -0.027349127 0.014988425 -0.008749164 0.0047399164 0.028499158 0.026106464 -0.0048476113 0.013792307 -0.010349237 -0.018614018 0.016059272 -0.0034848864
buồng giam giữ	-0.01591554 -0.0017358531 0.045108154 -0.018604914 0.0038703412 0.00056236173 0.023705518 0.0124980025 0.013732971 0.018134471 -0.0038897544 0.0049005896 0.01899224 0.010654944 -0.011255723 0.0031097897 0.009795994 -0.008497593 -0.020664534 0.010650411 -0.0054670093 -0.0054476038 0.014075316 -0.01583895 0.0052908235 0.018248886 0.037511706 0.013684019 0.009505442 0.028586842 0.017904505 0.009490229 0.014712874 -0.0032756205 0.03091511 0.0057441383 0.0029193957 0.0013120187 0.019405307 -0.022302056 -0.009956961 0.01171726 0.007680554 -0.0028332712 -0.0010709862 0.003996091 0.013202056 -0.0032239454 -0.005400628 -0.0020316436 -0.021394953 -0.00041015912 -0.02731738 0.018371573 0.0041691596 -0.034105856 -0.006034645 -0.012218754 -0.003789084 0.0041827057 -0.016131513 -0.013663951 0.02112061 -0.0026106995 0.0090395305 -0.0187726 -0.016763097 -0.011353088 0.031715963 0.0020655754 0.02113574 -0.00059995544 -0.011827503 0.01829908 0.023553332 0.019574264 -0.016527003 -0.020185007 0.0058754585 0.025548548 -0.009510942 0.008531145 -0.004232918 -0.007083018 -0.045141492 0.0078871185 -0.0110882325 -0.02775453 0.01201143 -0.014753419 0.018106572 -0.009512234 -0.023763463 -0.01109213 -0.013196658 0.01714193 0.0039330344 -0.011668955 0.02010852 -0.011567333 -0.04934458 0.0077349283 -0.024963627 -0.018231213 -0.02489253 -0.01121517 0.007289978 0.015110873 0.0008059852 0.013213622 -0.010368629 -0.0045850454 0.0030758728 0.010530449 0.0065093893 -0.0056823506 -0.0010991544 0.0027383063 0.017122678 -0.02382587 0.018655399 0.01716556 -0.0025442075 0.034095023 0.00309459 0.0065666917 -0.0008002284 -0.019360112 -0.01035511 0.012427852 -0.009421018 -0.0027688295 0.0063109696 0.0059648384 0.004779856 0.0020671815 0.0064157923 0.041959573 -0.008653643 -0.019243347 -0.0010087787 -0.012949694 -0.0074533722 -0.01779939 -0.05003068 -0.002078262 -0.010441761 -0.027324261 -0.03030642 0.012856414 0.009513562 -0.0098495865 -0.026135832 0.00037321425 -0.0044689807 0.00028231306 0.021944404 -0.0056956783 -0.015643435 0.009762942 -0.0118649 0.013465238 -0.0149521595 0.0017188642 -0.02096455 -0.00095725805 0.013033442 -0.012375432 0.0024260904 -0.01571078 -0.012117178 0.007207545 0.0045397156 -0.0028334174 -0.018463986 0.0048301206 -0.0025637483 0.045943335 0.017006231 0.012134485 0.017031835 0.0038932506 -0.020902416 -0.010818032 0.008086798 -0.02092523 -0.005152668 0.0015415096 0.017979715 -0.009502332 -0.0074375975 -0.004828304 -0.012534618 -0.0103541985 0.004912337 0.00013184361 0.0083594145 -0.0047686943 0.02606836 0.017594606 -0.01881322 -0.0027111277 -0.010866099 0.0060029104 -0.0010790665 -0.0052344226 -0.006063877 0.023409141 -0.0023579996 -0.002313939 0.034809735 -0.021888575 0.012366212 -0.020215252 0.0003267744 -0.002144049 -0.004195854 -0.028840363 -0.009170581 0.0019754518 0.0017498905 0.00091393635 -0.036621716 -0.00935498 0.0035749122 0.009973697 -0.019916875 -0.00013148505 0.010148367 -0.05279419 0.010681595 0.013516369 -0.017379062 -0.006492242 0.00065748394 -0.015639156 0.00034981422 -0.015909107 -0.01374172 -0.011976925 0.024395308 0.0055958717 -0.019500332 0.016260851 -0.0025454166 0.023337841 0.025225654 0.020862758 0.009441555 -0.018693019 -0.009565629 -0.007518176 0.036537137 0.030593669 0.029488007 0.0045753 -0.0057772957 0.0029117726 -0.009671599 0.027658626 -0.03089524 -0.0078223245 -0.009393747 0.0042390046 -0.008503064 0.0034154847 0.010666647 -0.002550314 0.0029183754 -0.012545745 -0.011987817 -0.020966696 -0.03006085 0.0073247193 0.037842747 0.0011231144 -0.025118778 -0.01795093 0.014421508 0.016474396 -0.031475175 0.0077683437 0.03290296 -0.009451372 -0.009445027 -0.008246516 -0.026141226 0.02771529 -0.016339662 -0.0008614057 0.01336014 -0.007878541 -0.004332853 0.012909089 0.0019603607 0.011856675 -0.0015976019 -0.011228229 -0.0018412558 0.011929455
sự thanh tĩnh	-0.0028159984 0.0012856845 0.09526181 -0.008031499 3.7930229e-06 -0.006089407 0.024288075 -0.014223701 0.022972388 0.022782467 -0.0031081627 -0.008881061 0.026035167 -0.008266691 -0.01476742 0.017045403 0.0050911293 -0.0021320386 -0.018055419 0.022147829 0.014812556 -0.013094365 -0.0066233794 0.02149989 0.009541324 -0.015671944 0.032683168 0.0055343476 -0.0014163944 0.00038587337 -0.0020601014 -0.0068917708 0.0056053936 -0.028330527 0.022102155 -0.0026887285 -0.033735994 0.012983055 0.010278125 -0.008052734 -0.010686466 0.014157623 0.024034379 -1.4812432e-05 -0.0012628871 0.0066273315 0.014232669 -0.020353789 0.01176652 -0.0088659255 -0.005604086 0.0072728465 -0.02248507 0.019552106 0.0040697213 -0.017544465 -0.03047185 -0.007831149 -0.01231815 -0.012013034 -0.003814805 -0.010524674 0.009901788 -0.021327509 0.0062710387 -0.012356615 -0.009819335 -0.013158559 0.07648349 0.017637048 -0.0070421505 -0.02537014 0.00032556496 0.016327662 0.0045616985 -0.01549432 -0.02735456 -0.008312785 -0.008086135 -0.007975874 -0.010120916 0.0065521556 -0.017600985 0.022283282 -0.026944833 -0.000844647 -0.018297128 0.0057149874 0.013984073 -0.01191321 0.008938483 0.007703449 -0.025187524 -0.005549899 0.014839867 0.017677493 -0.00068888743 0.01659949 -0.0036177493 0.004315118 -0.024549603 -0.009560569 -0.0010518235 0.0031988553 -0.005086912 -0.013067408 -0.015683405 -0.029704986 -0.0041139885 0.012324802 -0.01677853 -0.009065998 -0.0036631403 0.00576507 -0.0049222354 0.0057240534 0.016240655 -0.007655445 0.01226356 -0.044707872 0.024866013 0.00680822 0.012743884 0.005926221 0.0011291811 -0.0069687963 -0.015679078 -0.015388697 0.0014449575 0.014960717 0.011803081 -0.026602399 -0.009790356 0.00071041455 0.012200906 -0.026588183 0.0053713713 0.05767912 0.0022749691 0.025346225 0.0030434614 0.0010119355 0.005741906 -0.0012840093 -0.034215137 -0.004551078 -0.012604937 -0.0067270175 -0.009168598 0.0166285 0.0067941262 -0.003105488 -0.024974627 0.016593695 -0.017137362 0.0024234348 0.01759482 -0.003216473 0.011628345 0.005955145 -0.0030496016 -0.0009313309 0.005010146 -0.019207545 -0.00920672 -0.0032419257 -0.01334032 -0.016712675 0.030273573 -0.006947967 -0.0033104678 0.009840787 -0.0073634936 0.010000742 -0.007306482 -0.004769717 0.0024433509 0.0020088525 -0.0019844586 -0.010188299 0.013215915 0.01391812 -0.017895423 0.005058967 0.018836798 -0.008507744 -0.0046830536 -0.005155749 0.0013833172 -0.007023121 -0.021504914 0.0042857383 -0.031469725 0.016110586 0.001332865 -0.01899722 0.016128002 -0.005199787 0.024220495 0.023897994 -0.018366762 0.0038160158 -0.008243634 -0.008056491 -0.005554554 -0.012446749 -0.012910464 0.021411382 -0.0021990687 -0.01533796 0.003984129 0.0032433204 0.019829018 0.023143709 0.00036421316 -0.018260898 -0.010301921 -0.00261326 -0.025681203 -0.0016378126 0.0013002787 0.01465298 -0.016551347 0.012032121 -0.0007611593 -0.00010304024 0.0026345209 0.009958629 0.015698092 -0.029445136 -0.0011260137 -0.008074842 -0.0046214764 0.002767024 0.001454499 -0.0019935279 -0.022046387 0.0065958216 0.0009837295 -0.0033030382 0.041457206 -0.002529827 -0.005423282 -0.0030626527 0.0033963146 0.019102555 -0.016461771 -0.011202442 -0.0020969904 -0.01938504 -0.0025586495 0.005250365 -0.0034246317 0.01878053 0.04743402 0.021586291 0.0052264305 0.005760759 -0.017727116 0.020561239 -0.029736966 -0.015792608 -0.019684814 0.009528974 -0.006389362 -0.0067706704 0.010887409 -0.0003028717 -0.022316445 -0.0022463163 -0.020511521 -0.020141529 -0.01626594 0.013270235 0.0068175117 -0.008433774 -0.019195454 -0.03626032 -0.010740883 0.021361621 -0.0035806962 0.0052593183 0.018330695 -0.004841896 -0.003781578 0.0041604 -0.024981571 -0.014921621 0.0035942332 0.000258853 0.014002948 -0.0016409406 -0.0024153404 0.01426649 0.018306887 -0.0058649373 -0.0023798803 -0.024469817 -0.0063746367 0.002875611
điểm nóng chính trị	-0.006519441 -0.006565332 0.03131981 -0.0057764607 -0.0029376417 0.0031523337 0.01323238 0.008119052 0.0049564224 0.02763331 0.0016700821 -0.005014485 0.0075128865 0.006768323 -0.009444867 -0.004411362 0.0018801553 -0.00039710104 -0.019488756 0.0038080907 -0.0033848213 0.00178404 0.0033996557 0.0003845626 -0.010796005 0.0019597511 0.013130975 0.0027193879 0.023459667 -0.0039361594 0.01667799 -0.009301376 -0.00647689 -0.019787883 0.007850061 -0.027889121 -0.008860503 0.005994027 0.012373966 0.021391375 -0.023536623 0.007995124 0.022486115 -0.0050158463 0.014034414 0.0032108885 0.003501082 -0.011076665 0.0029706606 -0.04004525 -0.0085203275 0.0010252831 -0.0073084473 0.010908358 -0.017002705 0.007413424 -0.03375043 -0.015235394 -0.0022781154 -0.016206013 0.016541913 0.016751586 0.01255865 -0.023020156 0.014794264 -0.010080121 0.00071406015 -0.0005855987 0.047689337 0.010267665 0.01807267 -0.0030039165 0.025444899 0.032263126 0.0017740306 0.0014661936 0.020351775 -0.021240026 -0.0014854027 -0.013619169 -0.012488274 0.0019362653 -0.038672432 -0.009591125 -0.014648906 0.0040491256 -0.02455871 -0.018146865 -0.002277078 0.006946615 -0.007925907 -0.014386543 0.0048111584 0.0026108227 -0.012432046 -0.007955932 -0.0024154217 -0.0030690609 0.009424619 -0.0034614825 -0.04735393 0.017560855 0.010869749 -0.016186584 -0.0065726917 -0.008315111 -0.0004875982 -0.017242903 0.0015390858 0.017576776 0.0036772082 -0.028888829 0.004577747 0.0143445395 -0.015435205 -0.0008303142 0.0048903762 0.00025131772 0.020473083 -0.022060895 0.0044023436 0.0022510553 0.014652228 0.019128814 0.0002240749 0.0029596977 0.006961316 -0.0005985777 -0.00071962003 0.01354936 0.011225186 -0.0035088726 0.01201276 -0.0031809756 0.0043736016 -0.007632353 -0.031274702 0.035944335 -0.012531461 -1.605874e-05 0.018363345 -0.020273093 0.002815336 -0.0056022033 -0.020830642 -0.00918321 -0.010903001 0.0380871 -0.015677538 0.006320693 0.0067129545 0.007343392 -0.021007624 -0.029321495 -0.011504964 -0.0044673076 0.0115838405 0.003973236 -0.023973493 0.007071167 -0.010192655 0.0057470123 0.009411476 -0.024247872 0.007042904 -0.0066517047 0.0042230785 -0.025455955 0.005270424 -6.0181188e-05 -0.007081022 0.012502087 -0.005936363 -0.003065814 0.0012304517 0.0045704693 -0.010138087 -0.004054593 0.0048116283 0.013630169 0.026305167 0.016280735 -0.0074014375 -0.024607962 0.015010266 0.0038744528 -0.029641557 0.015979359 0.015662232 -0.007156592 -0.013934463 0.022080632 -0.011474457 0.014218367 0.00881287 0.02472184 0.0070707877 0.010786609 0.016647145 0.011235857 -0.02776644 -0.0132927755 -0.015221641 -0.0046220263 0.009158832 -0.00073411735 0.007994809 -0.0006109831 -0.0058588036 -0.002380101 0.0172296 0.0027889246 -0.0017149526 -0.0066369427 0.009876515 -0.006252097 -0.0010998205 -0.0033995716 -0.015172698 -0.01106376 0.00094151957 0.019003544 -0.009658165 0.029427819 -0.008921865 -0.013049573 0.014807393 0.013304157 0.0169179 -0.029569093 -0.00068535877 0.006923508 -0.009034926 -0.00420605 0.020533605 0.02127289 -0.010943554 0.011344129 0.0076090535 -0.0070903907 0.03422048 0.009634614 0.003530593 0.006397633 -0.00876904 -0.0052663814 -0.0011586932 -0.010578912 0.003338703 -0.011132743 0.017079892 0.023204556 0.048815653 0.0030475475 0.023994457 -0.028855225 0.0045440583 -0.015119635 -0.012559879 0.011933307 0.00024096755 -0.006091572 0.011306397 -0.013741118 -0.019816702 0.0010202967 0.0057244175 0.0031440968 0.0070368727 0.0111406455 0.013544864 -0.012474548 -0.019130725 0.017065227 0.011785804 0.016197652 -0.030037351 0.0053003025 -0.005321285 -0.006137663 0.000281085 -0.026456742 0.03534761 0.007325588 0.0060330043 -0.00022519413 -0.007654517 -0.021477167 0.0016270442 0.006082335 -0.0012144718 -0.009619221 0.019420745 0.0016680172 0.003347113 -0.011950042 -0.012606777 -0.042766854 -0.0046806186 -0.0070978324
Đau mắt đỏ	-0.0037350282 -0.003561863 0.008337324 -0.0012761301 -0.0027222387 0.0072937096 0.020799188 0.014916055 -0.0021271752 0.016502818 0.022489961 -0.016265456 0.009216368 0.007489272 -0.0034172041 0.011382965 -0.0005827616 -0.010137524 0.0027042069 -0.022517705 0.015076578 -0.013410876 0.007450016 -0.0041557504 0.013108317 -0.00551653 0.054393306 -0.023577003 0.012554738 -0.03196568 -0.009055559 -0.014625655 -0.030118905 -0.01383199 0.0076453127 -0.00028373487 -0.051882476 0.024546273 -0.007700123 -0.014396556 0.017138658 -0.016078439 0.01822721 0.0009794899 -0.025496347 -0.021527674 0.030487329 0.013099895 0.02889416 0.008671754 0.013448522 -0.004450156 -0.0018516199 0.0074947854 -0.020616837 -0.059687495 0.015603249 -0.020912986 -0.045066297 -0.002208515 0.010513311 0.02329723 0.011991702 -0.020972788 -0.0030224891 0.01872714 -0.008596497 -0.001123609 0.038773656 -0.0010516611 0.009613707 0.0009739497 -0.016436009 -0.023345686 -0.03342026 0.031804875 -0.028953396 -0.0449073 -0.030587507 0.007999184 0.016821902 0.009514206 -0.0024278667 -0.0107054245 -0.049348388 -0.016242603 -0.0034555495 -0.009584563 -0.0070481948 0.016060118 -0.0027739974 0.022149121 0.006249115 0.004186122 0.0018654799 0.0036146392 0.003376265 -0.007223786 0.025520677 -0.017729139 -0.034611993 0.008781087 0.033930637 0.014078441 -0.009757103 -0.050850827 -0.025502786 0.01437342 -0.0071342485 0.011861557 0.0012818626 0.0016335682 0.01899396 0.016802035 -0.009562414 0.0018753604 0.00037968764 0.00014125137 0.015901675 0.008071745 0.018219374 -0.0060600424 0.00021659164 -0.0104393205 0.018609433 0.011517116 -0.0272807 -0.003102773 0.00071444653 0.006368889 0.021255627 0.026575219 -0.021691822 0.028283685 0.010507459 -0.022693692 -0.022077223 0.033320304 0.025779648 0.0060003987 0.023985181 -0.028640766 -0.0068881293 -0.03756902 0.009808723 -0.002345115 0.022012126 -0.022445902 0.011704806 -0.0030704425 -0.0032164564 -0.0046649724 0.0073690284 0.0015876873 -0.0117133595 0.0027368185 0.025115144 -0.013105649 -0.026429012 -0.02577387 0.005212 -0.0031932388 -0.0068006776 -0.01503093 -0.01613244 0.010094063 0.002546818 -0.025276933 0.016704243 -0.025016734 0.0065040826 0.006282748 -0.019022707 0.0014519478 0.04699589 -0.00017634398 0.016706226 0.016801741 0.012571803 -0.007992106 0.009066152 -0.0036129605 -0.0071976287 0.023110697 0.026476957 -0.011103799 -0.01864181 0.011033101 -0.003596558 -0.014477918 -0.040900588 -0.004567823 -0.028517397 0.0348271 -0.013529634 -0.015264322 0.034557052 0.012081789 -0.013490999 -0.006230198 -0.023470223 -0.047631416 0.009124748 0.00560674 0.0033276104 -0.0031675254 -0.010518576 0.009237502 -0.042967077 -0.019344581 0.05406086 -0.011728192 0.024747152 -0.0070960764 0.010566746 -0.031531606 -0.008101687 0.02710232 -0.0117863435 -0.0106021175 -0.00582692 0.022072937 0.0153897535 0.026845673 0.0073463307 0.00011996599 0.026643453 0.00771467 -0.007986402 -0.08195004 -0.009243778 0.017803404 0.004981136 0.00825168 -0.011097689 -0.002642115 0.0017918767 0.011943232 0.008825274 -0.009609347 -0.008603329 0.01060283 0.0074573644 0.042400267 0.0013033301 0.0064036287 0.021014426 -0.015694791 0.001624814 -0.012623489 -0.013530912 -0.027132254 0.0022442853 -0.009788068 0.038303126 -0.0092643425 -0.007229656 0.033393633 -0.006810473 0.01297351 -0.04532983 -0.009661028 -0.02059592 0.016102683 0.023198126 0.028732276 -0.0139304735 0.022044994 0.017967174 0.026109807 -0.036358617 -0.029959112 -0.022304159 0.0117221195 -0.0029522544 0.0016409918 -0.031113017 0.001782963 -0.015603656 -0.016329331 -0.010029144 -0.004207016 0.0066481093 0.021158928 -0.0031343228 -0.028969292 -0.01756584 -0.009394165 0.03510794 -0.018444957 -0.007815063 0.0035029438 0.006831187 0.006918947 -0.010423208 0.0025730692 0.010888826 0.0071971803 0.06082307 0.023808094
Bệnh bẩm sinh	-0.033405285 -0.0037191012 0.044872675 -0.0015649904 -0.004062325 -0.020804785 0.009516739 -0.00041752766 0.0030595756 0.019558758 0.009482591 -0.01498823 -0.0055879164 -0.0008253414 -0.0033599348 -0.020644415 0.039421484 -0.0019807317 -0.014421764 0.0015034621 -0.014960467 -0.015283314 -0.0074930997 0.00548739 0.01554021 0.0052837436 0.01990915 -0.016739627 0.033847626 -0.025401799 -0.0035343615 0.0067027663 0.011130104 -0.02147905 0.007426484 -0.009096033 -0.0075148093 -0.0053172978 0.023110293 -0.008699927 -0.0008237345 0.01706806 0.018091284 0.019651277 0.009087032 -0.00046761334 0.0019733047 0.0057998965 0.0075702397 -0.0036759714 -0.0022992084 0.018415926 -0.03431124 -0.0030477026 -0.021466853 -0.024045365 0.008639202 -0.0055724517 0.0167063 0.016157258 0.00033261915 0.00779774 -0.0046840366 -0.055215992 -0.000992529 -0.0069897594 -0.017959507 0.023019718 0.0804757 0.0011024746 0.001168896 0.009778299 0.0145328455 -0.0001655072 -0.013335759 0.013717829 -0.02478001 -0.01465219 -0.0030160018 0.00965652 -0.03787976 -0.0017954166 -0.008801576 -0.0018974922 -0.008116666 0.03986251 -0.004050328 -0.0017643548 0.016919632 -0.006628804 -0.0018128689 -0.013322302 -0.00606568 -0.0056544244 -0.011703572 0.028587716 -0.024676131 -0.02080822 0.010813095 -0.018032843 -0.033770982 -0.00018247725 0.0025171607 0.003343582 -0.0050945105 -0.055869557 -0.00404987 0.01235785 -0.0047091884 0.014252877 -0.029282229 -0.012701059 0.017761823 0.00972809 -0.02321527 0.0027166302 0.020948244 -0.0037174255 0.03911396 -0.014133067 0.024307555 -0.007520732 0.0074651553 0.013790959 0.014605484 0.011387088 0.007370716 -0.025007062 0.010841411 0.027654279 0.013101239 -0.030818002 0.021130135 0.03327212 -0.0060766595 -0.013368953 -0.009595388 0.045303836 -3.0586074e-05 -0.014775422 -0.005992539 -0.015640391 0.0012093809 -0.037343863 -0.04694518 -0.02482489 0.0058565955 -0.05517162 0.0031838282 0.011817982 -0.0017722045 -0.028771745 -0.01355077 0.004668839 -0.006419607 0.0014362619 0.015610343 0.0052911583 -0.005421376 0.009885154 -0.0019517161 0.018425487 -0.0077331946 0.002684533 0.00029412928 -0.010901579 0.011049327 -0.004874648 0.016975718 0.0018691261 0.017490286 0.034971837 -0.009653308 0.0016249425 -0.009481567 -0.0054718945 -0.008575315 -0.0077528683 0.0047168275 0.022873165 0.024517547 0.0397927 0.0026668636 0.013833449 0.0045590694 -0.021777593 -0.014766826 0.0010875077 -0.0073863403 -0.005814746 -0.03432183 0.019803785 0.0011824004 0.002700457 0.024834812 0.01666878 0.016945729 0.025946962 0.0059736106 0.005046672 -0.013495258 -0.007129039 -0.00401374 0.006213787 -0.0079111 -0.012296915 -0.003164731 0.037675284 -0.0075766235 -0.031245572 0.0914211 -0.006655662 0.054719772 0.01156202 0.017906968 -0.029443635 -0.004756277 0.015842004 0.0034650578 0.0026877036 0.0038069799 0.009754377 -0.01776707 0.0077009187 -0.00771313 0.0069202855 -0.005141102 0.0041106655 0.004806411 -0.073732205 0.0021251778 0.00012424943 0.01856085 0.0126210805 0.012309787 0.0026062767 -0.00072823855 0.029406065 0.002592079 -0.01242374 0.03169271 -0.007861638 0.0062363236 0.011987395 -0.0072346437 -0.021835068 0.0011192642 0.008013636 -0.009312684 -0.03081915 0.011316108 0.012161007 0.024688564 0.029925872 0.043066278 -0.0046685706 0.01326361 0.029980434 -0.008157263 0.003211098 -0.027605863 -0.012273706 -0.009575259 0.009976216 -0.017175581 0.0062865224 -0.0054151122 0.028026491 -0.019846814 0.00978477 -0.0044213226 0.0008376898 -0.027140977 -0.007737781 0.004465916 -0.00448665 -0.0035943517 0.076639794 0.022543488 0.016174452 -0.026233697 -0.023967175 0.023064237 -0.004268082 0.020370724 0.01029908 -0.013229988 -0.056589734 -0.01273526 0.0069962936 -0.009820009 -0.021687908 0.0022938983 0.012016014 0.011708352 -0.015801098 0.01917445 -0.043582384 0.0051417532 -0.0069379727
thần kinh tủy	-0.008611398 -0.00047839116 0.03474627 -0.0009070728 -0.011514014 -0.01002851 0.01042754 -0.0048566316 0.00017078308 0.030214163 -0.00923456 -0.00924424 0.011980018 0.012832585 -0.00041813665 0.016962802 0.0050996672 -0.0016224484 -0.02699306 0.0025518774 -0.0040779035 -0.004937004 -0.014029443 -0.00013375256 -0.0092711905 0.0137903085 0.005218727 -0.034289144 0.0036471365 -0.0068453047 0.0011029999 0.008597796 0.012915528 -0.018681364 0.019662386 -0.0054514254 0.0021935592 0.03664635 0.020873358 0.027931739 -0.0004860421 0.009380466 0.020344507 -0.0040269517 0.010018145 0.011910078 -0.008934676 -0.008138037 -0.0048982445 -0.01819805 0.0049777324 -0.0022483375 -0.007873407 0.0016555769 -0.022543332 -0.016200509 -0.012102776 -0.007513532 -0.0040556164 -0.013366229 -0.0022990922 0.007482587 0.00811172 -0.017951835 -0.0073848544 0.0017329343 -0.00095967524 -0.004354586 0.040225036 0.008943977 0.01470272 0.0043993057 0.008084209 0.0055712094 -0.010787789 -0.0013610191 -0.013240013 -0.025819503 0.013847033 -0.0037613763 -0.011489448 0.016676975 -0.019777233 -7.7128876e-05 -0.010934975 0.00018693418 -0.017215488 0.009207049 -0.0055340785 0.009740543 -0.0010201032 -0.01743441 -0.002592147 0.0153449485 -0.0033659274 0.012208283 0.0051347166 0.0010725156 0.006786121 -0.006953604 -0.021097878 -0.0046410454 -0.0059944508 -0.030872595 -0.028149106 -0.018579083 -0.017879186 0.012940646 0.0063562854 0.0029317157 -0.03604159 0.003999494 0.005001933 0.008291948 -0.016291698 -0.00036356272 0.012139426 -0.014461661 0.0011908653 0.0040644137 0.03382403 0.0029388904 0.028715063 0.0010721697 0.010968098 0.0031335128 -0.010453481 -0.010695536 -0.0036376356 0.009429344 0.0002336787 -0.010270557 -0.0021590986 0.0018433427 -0.0065082284 -0.0045973416 -0.0045851185 0.025820546 -0.012225443 0.019370185 -0.002372361 0.0068269237 0.0077961925 0.006874879 -0.013318433 0.011573672 -0.006574178 -0.034934256 -0.00091540033 0.019311236 0.022947796 -0.00010365273 -0.02458749 -0.0023737636 0.009858441 0.0045681205 -0.010637607 0.00042244562 -0.0043297578 0.008995224 0.005663838 -0.001305743 0.0057249027 -0.008740667 -0.0031049398 -0.004603766 4.2416326e-05 -0.011623434 0.022031726 -0.00751313 -0.01288862 -0.0013098342 0.003387071 -0.005952966 0.0041746898 -0.006061971 -8.507317e-05 0.035396807 0.0020289423 0.002792514 0.012149758 0.01441152 0.018588724 0.0049684932 0.008564748 0.007983035 -0.005761156 0.0001906327 -0.013169424 -0.0050116205 -0.023714103 0.0075245276 -0.009001609 -0.0011008781 0.008565281 0.0013002519 -0.006551839 0.006881191 0.013250932 0.015576038 -0.0044874 -0.0142133115 -0.017015584 0.012923095 0.0032238737 -0.009265826 0.010686575 0.006256469 0.0032689755 -0.03434162 0.07136346 -0.010382193 0.0059546274 0.004461866 -0.0072851107 -0.011102059 0.008574884 -0.00016649609 0.0018817079 -0.010573649 0.0025526055 0.008003164 -0.007719321 0.024345214 -0.010245485 -0.01114207 -0.0034063272 0.018128818 0.0122868335 -0.021241855 -0.0037104704 -0.0088653155 -0.002927205 0.0016485002 0.01055057 0.01202689 -0.009333006 -0.005215401 -0.0049224724 -0.0033766052 0.020803766 0.0024812657 -0.0035625831 -0.012117248 0.003916649 0.007045122 0.004582607 0.00015181379 -0.003203793 -0.015598319 -0.00043934042 -0.0031443925 0.06394505 0.0060840906 0.06377708 -0.0027923363 0.007089543 -0.023241157 -0.0012918663 0.0027575763 -0.008619636 -0.005456848 -0.0412062 0.014424598 -0.0062288865 -0.01188483 0.0038730034 -0.0060108174 0.0005622701 0.0053074253 -0.007464617 -0.016049253 -0.014603902 0.00577471 0.0035429446 -0.0028588017 -0.02193349 0.0048089596 0.013027427 0.003302361 -0.02549029 -0.0115170665 0.015587304 0.006284757 0.011447 -0.015004271 -0.010798902 0.008427156 -0.013889164 0.01110855 -0.0076606586 -0.016795639 0.013516479 0.009073058 0.025641821 0.0118536195 0.0017746125 -0.02964796 0.011953515 -0.013308448
viêm tuyến tiền liệt	-0.004107261 -0.0057913116 0.0389349 -0.0039222315 0.007923029 0.014951885 -0.000119259996 0.0059235897 0.00066363544 0.04012672 -0.005485455 -0.021807427 0.0068300706 0.024976628 -0.035118565 0.00013794116 0.01878936 0.010851666 -0.023009546 -0.010708464 0.008337512 0.006544099 -0.0014819675 0.012965497 -0.01013289 -0.008445129 0.0122357905 -0.00075623044 0.008546468 -8.3591374e-05 0.008020182 -0.0004101433 0.007994229 -0.003404453 0.032861035 0.005389593 -0.013882045 0.03388257 0.013691194 0.004283682 -0.007734037 -0.015489425 0.024479238 0.012412488 -0.011946446 0.018522093 -0.0069460664 -0.003827014 -0.0040275627 -0.009212574 -0.007945388 0.013726869 0.00496017 -0.019690942 -0.0073304293 -0.0032174587 -0.021448955 -0.0058834013 0.005413976 -0.0012702812 -0.0045810672 -0.0037017604 0.022177896 -0.028297491 -0.0034505096 -0.0004592182 -0.011597354 0.0007703352 0.042024687 -0.0010566347 0.0015660712 0.00788564 0.026392553 -0.013751299 0.018923797 -0.00781348 -0.017112132 -0.0064954576 0.002083574 -0.0051650116 -0.017324058 0.0043550846 -0.021048913 0.0025770275 -0.01508602 0.022376738 -0.010901514 0.00052983337 -0.004621608 0.017727466 0.015812345 -0.0010652641 -0.022364117 0.011637179 -0.018417263 -0.0005485016 -0.016209137 0.008199748 0.008310732 -0.0096148 -0.029205654 0.00355913 -0.00065521937 -0.020566327 -0.019903757 -0.031149771 -0.012082888 0.00287201 -0.012736963 0.003097212 -0.036647897 -0.011009754 0.0071674446 -0.0004914762 -0.015941499 0.0103367455 0.002386267 -0.015301921 -0.002608989 -0.01120036 0.026878888 -0.0036747742 0.009762388 -0.0116520785 0.017214734 0.009026302 0.0071395356 -0.014165406 -0.0115555385 0.017542537 -0.0067865066 0.004168912 0.0027100607 0.0020271253 0.017028425 -0.013360738 -0.021272914 0.023533758 -0.0047141225 0.021881767 0.011516362 -0.0107290475 0.010820909 -0.00278263 -0.012556486 0.009822943 -0.0244299 -0.06296065 0.0033443049 0.0022339441 0.00918817 -0.005242532 -0.037664644 -0.009595765 0.009747412 -0.0055708927 0.027654925 0.0036808092 -0.0008336376 -0.016155686 0.010368251 0.0052649397 0.01900485 -0.00017101235 -0.004395696 -0.0053225122 0.0008819267 -0.008239261 0.01613974 0.0007459902 0.0074288356 -0.007686297 0.009307412 -0.015426574 0.011656707 0.0017438738 -0.0018511649 0.042606317 0.0058139204 0.015218424 0.006030272 0.013123385 0.039047834 -0.008805552 0.010724608 0.018705653 -0.0075284317 0.01141793 0.002151962 0.0018998546 -0.040467482 0.014553385 -0.0019725184 0.0011328711 -0.010379918 0.00857577 0.00080815353 0.013297946 0.010732161 0.011440376 -0.0023182924 0.008144837 -0.013857507 -0.031719975 0.01504196 0.007834767 -0.00719272 0.0044684764 -0.0072770887 -0.0148443645 0.087033436 -0.019918775 0.019877307 -0.00031691138 -0.008231069 -0.018543014 -0.004094163 0.006804387 -0.013090389 0.006743369 0.004964636 0.0024407937 -0.009095675 0.0033126262 0.0056096925 0.008066132 -0.006820115 -0.003525419 0.005865794 -0.03305596 0.0060791597 0.011307273 0.00144559 -0.003128072 0.016588543 0.015532722 -0.02398803 0.0037932815 0.015538652 -0.0024409117 0.012428302 0.0051719067 -0.005524786 -0.010083105 0.0012804829 -0.0052143782 -0.008950762 -0.030150997 0.014613124 -0.004217626 0.0032248923 -0.011420344 0.021059193 0.019848846 0.022567527 0.0014784302 0.018481905 -0.021408938 -0.0010646931 0.012154302 -0.009569336 -0.0026553078 -0.027141854 -0.0022315332 0.0023998215 -0.0056195525 0.0024336425 -0.003145807 -0.0015399749 0.0007987909 -0.0017705025 -0.03705038 -0.013154007 0.022490775 0.014585476 -0.014878154 -0.019672628 0.013308342 -0.014279114 0.012036026 -0.010848429 -0.014823873 0.024222873 -0.00812765 0.007193193 -0.008727375 -0.032508213 0.016989397 0.007427966 0.013877935 -0.0052596317 0.006096951 -0.01481188 -0.0017514299 0.017707966 -0.0016357944 0.0033761743 -0.01353385 0.014772534 0.00021599006
Bệnh trào ngược dạ dày thực quản	0.0023829283 -0.0030928655 0.03438197 -0.014106312 -0.004625913 -0.017355565 -0.002681712 -0.0021968924 0.00821066 0.021354815 0.0070682736 -0.0035930993 0.0053677117 0.020582775 -0.015133203 -0.0026859413 0.007310295 -0.013316999 -0.016939493 0.012393469 0.0071133454 -0.0066118767 -0.010269657 -0.0117328735 8.084128e-06 -0.0014048903 0.009421796 -0.009445151 0.003627471 -0.00619939 0.002623151 -0.007443783 -0.009828036 -0.015173798 0.020464756 -0.005745721 0.011049107 0.03110166 0.00512354 0.0032769707 0.00888008 -0.0030723664 0.007023942 -0.005122913 -0.006522403 -0.008075344 -0.008033264 -0.0058015077 -0.010655792 0.004179393 -0.010839083 0.01164572 -0.0146080535 -0.009050296 -0.017916918 -0.0042796037 -0.019688586 -0.01857826 0.0033192078 -0.005865956 0.0072237 -0.007207843 0.011845756 -0.043667655 -0.005167194 -0.0012486582 -0.008047426 -0.0032373585 0.032743856 -0.0033841445 0.0020629591 -0.0011528849 0.010733154 -0.01756879 -0.007834597 0.0076497556 -0.02367679 -0.0138875125 0.008820095 0.0022860197 0.006297315 0.011636922 -0.022977866 0.017076809 0.0021113812 0.0099485675 -0.015168082 -0.0066039604 -0.00929358 0.016528167 0.0049255663 0.0025104429 -0.014058494 0.008073466 -0.0045118434 0.0056796246 -0.015414642 0.00542938 0.015259555 -0.008957432 -0.028437873 0.008956545 -0.0028164755 0.0005575622 -0.011981662 -0.0052698385 0.00012269268 -0.008421293 -0.015865965 0.0017188282 -0.017251257 -0.003597492 0.009267815 0.001701115 -0.009164095 -0.013936967 -0.008994124 -0.002098419 -0.0030054634 -0.007045846 0.021612111 -0.0019559031 0.01563734 0.0027917365 0.0009331386 -0.009955666 0.007335894 -0.008033867 -0.012496945 0.010955837 0.004686865 -0.019506684 -0.0056950306 -0.0036379986 0.0037230863 -0.009029733 -0.0031011407 0.030064242 -0.0070682345 0.00747699 0.0077358624 -0.0036151155 0.018844161 -0.0053416924 -0.015899545 0.0023090518 -0.003916117 -0.02963794 -0.004663842 0.015978198 -0.0018427883 -0.022473725 -0.026408395 -0.007446999 -0.0009301958 -0.0004941031 -0.00090982515 0.014203755 0.0027581914 0.018842196 -0.0072096977 0.021778721 0.014413222 0.006567997 -0.0017485666 0.011017486 0.0031067138 -0.009119758 0.0100634135 0.009069862 0.007202879 0.0036853207 -0.00028709645 -0.0010550533 0.002957269 -0.004958379 -0.0018765366 0.029624093 -0.002560374 0.022504138 0.013878176 0.013040347 -0.036688063 -0.0015630905 0.009633189 0.032047167 -0.015352382 0.014357633 -0.0074709645 0.005025128 -0.015923671 -0.0117545705 0.00044206184 0.013331658 0.011509363 -0.010508552 -0.013785189 -0.0037071074 0.00856284 0.013941846 -0.021634197 -0.0007272368 -0.013953771 -0.0069953534 0.0074527706 -0.008800325 -0.009480556 0.006913383 -0.018792467 -0.010535627 0.03687289 -0.011567932 0.05009282 0.0073123258 -0.006544064 -0.014198348 -0.011898989 0.0010987115 -1.0802845e-05 -0.0057194713 0.005507167 0.021584759 -0.016647907 0.0008323416 -0.0046402873 -0.008762077 -0.005498618 0.0005723216 -0.0019925893 -0.030526876 0.0033536619 0.005361908 0.009953237 -0.00012721053 0.017786443 0.019884178 -0.016073374 0.0018762243 0.0061180047 -0.0024724223 0.010588968 0.007898977 -0.006895286 -0.0021650193 -0.002589311 0.004524509 0.00018757184 0.0062161763 0.00037214856 -0.024894299 0.0100225685 -0.0025394387 0.03355744 0.012971112 0.017106978 0.0077092214 0.01887601 0.011440992 -0.010117535 -0.0032595173 0.0093719745 -0.014593271 -0.024217898 0.0015681195 0.0010677596 0.016006622 0.012444671 0.00921509 0.007090243 -0.0042727827 -0.008638685 -0.01611224 -0.019400008 0.014795721 -0.0055188145 -0.0034866726 -0.018080551 0.01854192 0.004080477 0.004773955 -0.009065026 -0.0074788867 0.011752299 0.0038861276 0.0053541204 -0.0141472835 -0.02065912 0.027774064 0.0037978825 0.002940437 -0.0015600709 -0.008897608 0.001816502 -0.006383115 0.013885255 0.0014384111 -0.008203939 -0.010700188 0.016397553 0.0077232677
kẹo dẻo hương trái cây	0.0016672096 -0.01991279 0.02125911 -0.00054751226 0.021215888 -0.0050372523 -0.0028355278 0.02052557 0.0036670566 0.017004887 0.004643393 -0.0061174296 -0.0029637408 0.007402477 -0.006137985 0.00043811294 -0.0049475906 -0.010809229 -0.002631177 0.017267259 -0.004974576 -0.009189246 -0.0012506039 -0.011918844 -0.0046070465 -0.012132295 0.010523001 -0.008341753 0.011633603 -0.010072749 0.017015116 -0.005868546 -0.016258966 -0.0058356533 0.017521268 -0.01565211 0.027303189 0.010894823 0.012997973 0.014607345 0.0041823215 -0.009991484 0.030793 0.006455388 0.017566992 0.00801234 -0.00077518716 -0.028770318 0.002517262 -0.014584074 -0.008308678 -0.00050369836 -0.0055183647 -0.007093781 -0.007522145 -0.03035804 -0.045931287 -0.0022696694 0.001327735 0.006028492 0.0074249217 0.007401685 0.008664301 -0.023560306 0.0029762848 0.0030733 -0.004606014 0.008714421 0.030564386 0.012870853 -0.0011070732 0.003438823 -0.0020837379 0.010783503 0.0052865623 0.012362053 0.002805348 -0.004133489 -0.0044198143 -0.008563429 0.005482736 -0.0015191712 -0.0070969 -0.005834141 -0.0059826793 0.010585004 -0.019661034 0.012811998 -0.001520402 -0.0027956632 0.011332621 0.000866957 -0.01025517 0.0027133026 0.0031809732 0.010901342 0.00649558 0.009299347 0.0058663217 -0.021688273 0.011878235 0.0093828505 0.013577146 -0.019057129 -0.021295402 -0.015040797 -0.009822292 -0.003180395 -0.015280945 0.016815651 -0.014902766 0.008893807 -0.011068232 -0.008625144 -0.021432022 -0.0031447392 0.001322205 0.0121905375 -0.009044481 -0.031590022 0.02040861 -0.00068707485 0.020294704 -0.00767645 0.019908816 0.014855039 0.010506459 -0.025161713 0.015260185 -0.0013740298 0.0066032284 -0.00039313492 0.0032898844 0.0131774945 0.0054463563 -0.01698395 -0.011550454 0.034726195 0.006266645 0.007670118 0.0008605771 -0.0033630193 0.008126038 -0.014896107 -0.012668741 -0.021447487 0.00094335154 -0.038420748 0.0018081318 0.004737813 -0.0010541761 -0.003558149 -0.024009317 0.0059799 -0.0096805515 -0.005101027 0.0039391667 -0.0077566197 -0.0058109537 0.008385528 0.004808738 0.0026129596 0.0107189845 -0.01220228 -0.009506689 0.018369155 -0.008957854 -0.0026877667 -0.0062456303 0.00064724224 -0.0018688105 -0.0026195536 0.011371566 0.0012240983 -0.0050402577 0.00011280887 -0.00697999 -0.018884681 -0.00848684 0.017938819 0.0022708569 -0.0014265835 -0.008642806 -0.006697533 0.010925414 -0.003572296 -0.0020202438 -0.0013222068 -0.008537238 0.011639754 -0.01527822 0.011360309 -0.00279428 0.00848562 0.007618679 0.00752701 0.0070952154 0.013230367 0.030236 0.0026634014 0.0002142679 -0.0029771144 0.007927019 -0.0061204024 -0.004909358 -0.012157519 -0.006797356 0.017688436 -0.0053294175 -0.015851187 0.04006485 -0.0058397683 0.0057400623 0.012851951 -0.016394418 -0.0067476435 -0.006447983 0.012263014 0.011485356 -0.0026851385 0.0048847618 0.015425609 -0.011731952 0.0035670865 -0.004234465 0.0036428825 -0.012874609 -0.018472286 0.0142652 -0.02597456 0.0014537191 0.010842675 0.010655546 -0.0131354425 -0.0015837054 -0.006684272 -0.012899065 -0.0033526316 0.024597052 -0.0023430858 0.013899729 -0.0012003584 0.00087677536 -0.0077720024 0.004242652 -0.0016950319 -0.012120128 -0.020981895 0.013921963 -0.019691795 -0.0017008334 -0.008533019 0.052135915 0.016940927 0.03908614 -0.004516983 0.017209847 -0.023251008 0.006450478 -0.0053071706 -0.021116752 -0.0041323863 -0.03538551 0.003796465 -0.01614368 0.015223345 -0.0030780544 0.0020468126 0.0039718067 -0.010374707 -0.0032630018 0.0011785238 -0.016184356 0.018198539 0.0071922853 -0.008572831 -0.0075588287 0.023368796 -0.014459947 -0.00076838693 -0.0075942464 0.002708076 0.010213444 -0.00013832706 -0.012868723 -0.007178432 -0.007205028 0.0027661356 0.0041313805 0.010334599 -0.0050187865 -0.005092182 0.003325946 0.0025113313 0.0099661 -0.000167392 -0.009605722 0.026541943 -0.011130576 0.00050833996
ung thư đại trực tràng	-0.0003129199 -0.020007618 0.02132595 -0.0030870435 -0.006666147 -0.014913243 0.017233986 -0.0016806656 -0.0039957417 0.035868227 0.009180147 -0.0040473705 0.004359968 0.014294353 -0.011378516 0.009476738 0.0121590365 -0.0018718907 -0.017498728 -0.0012872535 0.014666505 -0.0053039957 -0.00802579 0.01264705 0.002020284 -0.011824534 0.033783883 0.016919013 0.026296128 -0.0193707 0.024083817 -0.029289048 0.010571659 -0.027971294 0.034914978 -0.0065281317 -0.014682698 0.021784317 0.021684762 0.017204544 -0.00436493 0.0011759916 0.0011887737 -0.008645253 0.0023821816 0.021241691 -0.020779552 0.00067244784 0.030734077 -0.026577849 -0.011146125 0.008709764 -0.017629854 -0.020940457 0.0032945578 -0.031196218 -0.011169362 -0.01026801 -0.00366994 -0.009709522 -0.0014475351 0.0035760652 0.033015735 0.0048387954 -0.0012561291 -0.011155434 0.0026199396 0.017659362 0.027822968 0.0031268261 -0.00060678984 0.005877509 0.01679498 -0.005647321 -0.008028357 -0.041927904 -0.02963433 -0.0072329007 -0.0021081557 0.0222651 -0.01459301 -0.0070663146 -0.013336666 0.003134961 -0.0022448786 0.017688783 -0.019754028 0.010942328 0.005167462 -0.018416932 0.0057454305 -0.0054740026 -0.019565085 0.0041100043 -0.01147561 0.013121577 -0.022990424 -0.0003097277 0.010080224 -0.021728372 -0.03706271 0.007104279 -0.02097179 -0.03131064 -0.023051292 -0.00950191 -0.021331036 0.010663776 -0.016071212 -0.0032679928 -0.025128433 0.0053496556 0.019166993 0.0038637016 -0.0036910977 0.010322102 0.0038521276 -0.0116481725 0.0026681921 -0.00158104 0.035572454 -0.012631175 0.005974836 -0.011258114 -0.0065423264 0.006110292 0.0050851433 -0.00786584 -0.0048780753 0.023068693 -0.014932794 -0.0007594138 0.011988895 0.025891498 0.008726901 -0.0037280968 -0.014947685 0.0139206825 0.0089260265 0.0034819972 0.0100623695 -0.0015316511 0.0064779995 -0.013102745 -0.029323284 0.0062470944 -0.013224855 -0.0369406 -0.01497644 0.02096774 0.0015729929 -0.0020619866 -0.015548112 -0.013074076 0.015781637 -0.0115702925 0.0081046205 7.3997864e-05 0.0070481016 0.0019057188 0.019172864 0.009960981 0.020320844 0.0076010814 -0.017150074 -0.007389056 -0.0012164942 0.004993691 0.021612203 0.0010830692 3.975518e-05 -0.009084102 -0.0047440906 -0.016807953 0.006331128 0.0076006865 0.003972437 -0.014799948 0.0072467998 0.011597352 0.0026375677 0.014077459 0.038973164 -0.0167022 0.03675431 0.00843666 0.0075971694 0.008146979 -0.007048496 0.012257605 -0.041187655 -0.002667212 -0.009400872 -0.01755963 -0.0018549506 -0.0012228542 0.007851331 0.010471024 0.026499063 0.016988661 -0.004620076 -0.0238225 -0.0347924 -0.02578584 -0.00493038 -0.020401055 0.015279286 0.009924238 -0.0065786294 -0.019110646 0.02277284 -0.023425689 0.022398653 -0.0074141053 -0.01183085 -0.011360793 0.0015430991 0.0012543595 -0.004294236 -0.013527133 0.0002999045 0.020273482 -0.023654744 0.009415801 -0.011882329 -0.014668038 0.0013981627 -0.01646542 -0.0034266163 -0.053791415 0.008622495 0.010665663 -0.019847807 0.0045214803 0.007511004 0.009327932 -0.005551555 -0.009324174 0.010144332 0.0058110803 0.026464928 -0.010705645 0.007590429 -0.02099589 -0.007940208 -0.012662831 -0.029842908 -0.014324215 -0.004162864 -0.022238584 0.0018725637 0.0074155116 -0.003318581 0.015600214 -0.0031914145 -0.017464872 0.0028738785 0.009890078 -0.011291934 0.003842658 -0.010085468 -0.014612809 -0.02351612 -0.002413034 0.0023095552 0.00155703 -0.004730297 0.01147933 -0.01844455 -0.004129678 0.002194003 -0.02468531 -0.013043165 0.019673472 0.01435682 0.0025801961 -0.024859732 -0.0009289339 0.001243373 -0.0011722993 -0.021041054 -0.006034206 0.021951878 -0.013631182 0.026876245 -0.0002794737 -0.010010983 0.00059388543 -0.013690427 -0.012258318 -0.019920457 -0.0004891401 -0.0003678985 -0.0025834625 -0.017593637 0.0013307575 0.0013861019 0.000288067 0.010512523 -0.0023609493
Ung thư tử cung	-0.0031513572 -0.0111928675 0.015062504 -0.023590386 -0.008850723 -0.00678129 0.0022672152 0.0005438431 -0.010997928 0.04249259 -0.0047445693 -0.019094635 -0.007235587 0.009921417 -0.04218531 -0.00632824 0.016295437 -0.0029389632 -0.021309283 0.0031511732 0.028110908 -0.011539691 -0.018691884 0.030692387 -0.010353625 -0.012381673 0.018323662 0.004724163 0.0026733777 -0.017953176 0.027217347 -0.015925324 0.0070209927 -0.0158484 0.033173833 -0.018380491 -0.002829656 0.044440567 0.028199624 0.01146621 -0.030503374 -0.023604047 0.015314852 -0.004961407 -0.019677013 -0.011046136 -0.040959194 -0.004543396 0.01242852 -0.022668976 0.0041958117 0.02426673 -0.015262052 -0.012274297 -0.002938093 -0.07336279 -0.072047696 0.0006451039 0.0050129993 0.008189706 -0.020806912 0.0049595763 0.016202943 -0.060468197 0.025839679 -0.03701071 -0.007000133 -0.0064155385 0.054745372 0.009645677 0.0010760946 0.028690709 0.03961522 0.005673532 -0.020223944 0.007968757 -0.030826582 -0.021621983 0.0062888023 -0.0001240069 -0.004531458 0.0093927765 -0.011401941 0.0016943171 0.00091437536 0.035188064 -0.027933914 0.03508889 0.011690087 0.0008462123 0.0015102029 0.002735585 -0.008431645 0.032409478 -0.009968086 0.017927404 -0.050403245 -0.006933738 -0.025563726 -0.010542985 -0.03327658 -0.0028234494 -0.0023290482 -0.0072752824 -0.018724771 -0.04341712 -0.0082505355 0.02131017 -0.03996291 -0.024374517 -0.028328555 0.0017879984 0.021634903 0.00867756 -0.0024422396 0.018484328 0.0018866488 -0.020356975 0.0071516344 -0.023173956 0.032801844 -0.022006217 0.028528282 -0.03696142 0.015874885 -0.003167565 0.003368946 -0.022970442 -0.014140491 0.04946585 -0.016999086 0.0033106287 0.008145351 0.022212593 0.01795681 0.0019533457 -0.015907656 0.056758974 -0.026429446 0.018808575 0.003111822 -0.0051511074 0.003238263 -0.009761502 -0.030272935 0.024437625 -0.016841752 -0.057277896 -0.016327651 0.0262377 0.0025928456 -0.011694176 -0.024362784 0.0060457718 -0.016125554 -0.006838667 0.00986901 0.00095167354 0.0032420156 0.01573199 0.003778593 -0.001274475 0.018553454 0.013545736 0.0047842567 -0.012379444 -0.017165411 -0.0044607315 0.048761103 0.025094986 0.00058845774 -0.0001270198 -0.003965967 -0.0026437854 -0.0006460539 -0.0024184186 -0.0023724465 0.017220197 0.024981402 0.03014445 0.038387865 0.025284635 0.030040098 -0.015295978 0.033465013 0.030787377 -0.0026822959 0.012987662 0.01063323 0.008168796 -0.06947693 0.0062208837 -0.0029048333 -0.010337962 0.008653752 -0.008699552 -7.739004e-06 0.0076726433 0.020812053 0.023099419 -0.016430253 -0.019175518 -0.02848774 0.005622954 -0.0092171645 -0.013943633 0.010305612 0.019352475 -0.024026377 -0.009747058 0.005545604 -0.012921437 0.041388147 -0.010513545 -0.010530035 -0.0117284935 -0.00861247 -0.0039007142 0.013683057 -0.017529316 -0.0014391972 0.03496701 -0.038729303 0.006943178 -0.0072241914 -0.013850709 0.023282267 0.00084854744 0.010504467 -0.066541396 0.007870874 0.0264888 -0.015428021 -0.005020907 0.020631539 0.02768279 -0.006159547 0.0073743467 0.0022292272 -0.009741922 0.035595305 -0.015817093 0.008759969 0.005603523 -0.006978646 -0.003179214 -0.0013178592 -0.012582807 -0.015502722 -0.017547349 0.0021873296 -0.013526438 0.024986317 0.038620565 0.03941033 -0.016365144 0.024807723 0.026537858 -0.03916714 -0.004595685 -0.03372999 -0.035985194 -0.05029217 -0.0056455107 0.00033106768 0.005089581 -0.0042647193 0.017450266 -0.014809703 0.00981284 -0.012663617 -0.015919026 -0.024445485 0.030405043 0.0077382647 0.013675197 -0.020594528 0.013709779 -0.0010201458 0.029296676 -0.008614129 -0.046519432 0.017571254 -0.0023902727 0.015645524 -0.014872819 -0.010947792 -0.027834453 -0.010955025 -0.0064826487 -0.032200094 0.0019418952 0.0055139554 -0.0063283155 -0.02056677 -0.033054464 0.005155988 -0.026241697 0.0112108905 0.011293802
Tuyến tiền liệt	0.008237658 -0.020706233 -0.0012156947 -0.012372272 0.021839531 -0.004958289 -0.009495941 0.010428244 -0.0241261 0.012882498 0.020064952 -0.027200727 -0.013928619 0.015495849 -0.018531023 -0.03187127 0.045344524 -0.008979757 -0.009750983 -0.030151427 0.015871368 -0.016859725 -0.003061442 0.03250495 -0.0061617554 0.0038571588 0.017405674 0.026712384 -0.013142677 -0.021074882 -0.0005057811 0.008927453 0.007863373 0.030248225 0.017482113 0.014850567 0.0015937792 0.018046299 0.014068739 0.011003829 0.0035886313 -0.025920242 -0.00734627 -0.006390962 -0.017072385 -0.004867263 -0.0095580425 0.009421828 -0.008765946 -0.009677309 0.0017995717 -0.0019195394 -0.020892365 -0.025628926 -0.020947132 -0.007569376 -0.0073291184 -0.006545807 0.018656695 -0.018434837 0.00222714 -0.014059988 0.013374743 -0.019678906 0.0072717634 -0.0018468207 -0.013264658 -0.019276664 0.008501836 -0.02032199 -0.009161607 -0.006760329 0.0273756 -0.007547392 -0.019273149 0.017621683 -0.027302833 0.007926567 0.0021531722 0.02538555 -0.027520746 -0.002093645 0.002746207 -0.019704016 0.018313048 0.024680128 -0.0035517346 0.004323888 -0.02284329 0.035904773 -0.0032382852 -0.016230408 -0.021308277 0.003181431 -0.022635458 0.04290678 -0.038560666 0.0014416025 -0.0060302797 0.021172712 -0.03281375 -0.012336784 0.014743758 -8.1802056e-05 -0.029365322 -0.028698156 0.0030011132 0.006391029 -0.023028508 -0.0022193356 -0.01188471 0.0052717784 0.016572246 0.022922764 -0.014157276 0.027233059 0.0405818 -0.009420135 -0.020267097 -0.011972184 0.008878782 0.0035473823 -0.00041681554 -0.0075566894 0.023022374 0.0144584095 0.003977454 0.0055390107 -0.0029925988 0.024108525 0.009210904 0.00076138705 -0.00011184625 0.022748584 0.0024524273 0.011061007 -0.009519898 -0.007559553 -0.00016012322 -0.0011415983 0.0016799112 0.010370987 0.008761448 -0.0021575587 -0.013203732 -0.02302752 -0.025466144 -0.06754377 0.02126347 -0.0047872174 -0.0050107324 -0.01449942 -0.016905516 -0.040921967 -0.0081607895 -0.016577404 0.014229962 0.0011161745 -0.028574744 -0.011139953 0.028476795 0.016796557 0.011552693 0.0060332054 0.009279935 0.039540492 -0.026803495 -0.0018784654 0.02436209 -0.0072239293 0.024811244 -0.027943334 0.01244006 0.01851117 0.019561404 -0.001740692 0.011275419 0.0050916416 0.02510816 -0.0048753466 -0.007987381 0.015768195 0.029941278 -0.00044892714 0.015866647 0.025484353 0.0027044993 0.0021041469 0.00010141557 0.026697101 -0.051220085 -0.0064729257 0.007531571 -0.0017382391 -0.00065129856 -0.016459877 -0.0012819506 0.019121988 -0.0023271847 -0.0046179714 0.0029925262 0.005356282 0.01303368 -0.02747503 0.0027167404 0.0053854436 -0.0037342587 -0.0033247597 -0.0060550836 -0.059684787 0.05620691 -0.05903955 0.046630036 0.020106083 -0.04697291 -0.034775887 -0.020818798 -0.016646726 0.01201276 0.01907737 -0.0068865074 0.013600325 -0.0009851631 -0.0058415844 -0.02916142 -0.018045554 0.0124127185 0.005104398 -0.003089165 -0.027426345 0.0034890492 0.0083866855 -0.017738106 0.00987335 0.035033796 0.036888096 -0.019489896 0.011757309 0.02451635 0.003157268 -0.0014006176 0.010060698 0.012574999 0.017229373 -0.025593027 0.012067197 0.012320873 -0.00024958965 -0.0017774372 -0.0071518435 -0.027460482 -0.014735972 0.01319754 0.008400185 0.016371695 -0.01101555 0.017784452 0.014884704 0.014500059 0.015244859 0.006317265 -0.0228135 -0.0022123393 0.015895195 -0.008803666 -0.01569786 0.018296268 -0.01838394 0.0010113834 0.023632927 -0.006581675 -0.027696146 -0.0077796215 -0.006119617 -0.00049685314 -0.01945218 -0.008601978 0.013436614 0.002568308 0.0034636897 0.0029882763 -0.009653811 0.020793304 -0.004818201 -0.007049792 -0.027156191 -0.03333952 -0.009647401 0.0047076633 0.016416188 -0.018941307 0.028618917 -0.008213125 -0.028813614 0.014895638 0.018367449 0.0018620891 -0.028125009 0.02027821 0.018029217
chốt canh gác	0.0015528561 0.016988534 0.008910858 -0.0033566484 0.010105214 -0.037025496 0.021784402 0.015919792 -0.007072207 0.022709044 0.02911883 -0.020856436 -0.008201482 -0.017027056 0.0018002983 0.042014334 -0.014454993 0.0038648718 -0.0232278 0.012448709 0.022751616 -0.00631039 0.015959071 0.010895835 0.015296933 -0.02563724 0.020554686 -0.006660548 0.0073316055 -0.005663574 0.009870902 -0.013161212 -0.03648101 -0.0110116135 0.03679305 -0.0021079627 -0.027187843 0.024043243 0.013538813 -0.022104543 -0.006327291 0.00065062754 0.023145406 0.00858667 -0.016913615 -0.003277762 -0.001451726 0.015581659 -0.017220942 -0.0023099796 0.011735212 -0.022423765 -0.010523589 0.006586885 -0.016688958 -0.07335091 -0.053402457 -0.0046465136 -0.004213335 -0.0009401986 -0.002500614 -0.023230255 0.009812131 0.0005805638 -0.006441856 -0.0028707276 -0.0068224194 0.008428576 0.0628612 0.007837996 0.024347395 0.0029149367 0.0072182324 0.020862926 -0.009997303 0.032967355 0.0011348114 -0.016957544 0.024454344 0.03430334 0.0007729933 0.00061282073 -0.049424287 -0.0031041456 -0.021334263 0.002425099 -0.02460857 -0.032533072 0.027326627 0.009506114 -0.007911304 0.016255712 -0.018183101 -0.0052677062 -0.01809822 0.011937847 0.0054724338 -0.0037455594 -0.015354797 -0.019762142 -0.011350461 0.0020127685 -0.01553604 -0.021173822 -0.018549562 -0.027770346 -0.01515677 0.037227146 -0.01385192 0.0025899343 -0.05119871 -0.00022857945 -0.013561041 -0.009859296 -0.00890976 0.004224567 0.0013817142 0.0124451155 -0.0069614244 -0.010137066 0.011220501 0.0011275875 0.01844231 0.005794616 0.011933699 0.0067318273 -0.004752781 -0.03641291 0.0061329086 0.016354835 0.010306189 -0.011277511 0.004176477 -0.0042929063 0.0046265717 -0.004552864 -0.011680484 0.062105644 0.007773566 0.002298964 -0.005918057 0.00029891593 0.0075379 0.009154172 -0.022724252 -0.009662569 -0.033653896 -0.028180957 -0.028027816 -0.020417348 0.025170188 -0.0073816557 -0.02696011 -0.0016747632 -0.0030240663 -0.007085274 -0.0011935425 0.039344482 -0.008699406 -0.023900138 -0.007828395 -0.013412794 0.0106337285 -0.025098057 0.004928154 0.015538641 -0.00046698004 -0.00078255014 0.014813957 -0.005078988 0.0025356999 0.007095151 -0.010774297 -0.011995378 -0.0025671294 0.0033591993 0.0003159115 0.019021574 0.013036987 0.014037576 -0.007403892 0.021321245 0.0037949914 -0.010619157 0.00040042738 -0.015253931 -0.019515349 0.0052088094 0.016450914 -0.006253741 -0.008865152 0.019697936 0.012532851 0.01740528 0.0030730197 0.00978071 0.0077685355 -0.01120287 -0.0062490795 0.0063148113 -0.0098098675 -0.0045753624 -0.01586953 -0.015644522 0.0121883955 -0.026453609 0.0063574463 -0.0013734639 0.016996793 -0.01750751 0.009844568 -0.0032962074 0.010975982 -0.024797803 -0.007975964 -0.0036408408 0.023248462 -0.0024907393 -0.03251254 0.00028112988 0.02443863 0.00094474887 -0.022632325 0.02482856 -0.015106315 -0.012523158 0.022644848 0.013906018 0.017819636 -0.07662351 0.004390298 0.019224703 -0.018734155 -0.010418094 -0.0012023161 0.03535171 -0.0102786785 -0.015134389 0.018578444 -0.026322939 0.045685638 -0.0047923233 -0.007050206 -0.0063201725 0.001129871 0.017937906 -0.00044435813 0.01831958 0.0011529657 -0.033969443 0.020706622 -0.007977214 -0.0074554817 0.018856633 0.036437206 0.0017651453 0.008005427 0.05531516 0.016583038 0.018424394 -0.0074433726 0.005029878 -0.0508483 -0.0066329273 -0.021257112 -0.00094743277 -0.005882257 -0.012252739 0.0070288153 0.014907706 -0.015522934 -0.043155156 -0.050009586 0.007889953 0.02000139 -0.007222918 -0.015049956 0.022635678 -0.002041343 -0.015082067 -0.013470265 -0.0009546334 0.027242666 0.01818436 -0.0035641885 -0.027544914 0.0032049154 -0.03230011 0.020745326 -0.0018206219 0.01039312 -0.008941196 -0.003648313 -0.005061431 0.002492294 -0.011235078 -0.0044219387 -0.015985435 -0.014407233 -0.0118511915
Bệnh lây truyền qua đường tình dục	-0.00061066914 -0.010043612 0.022212598 0.0020917542 0.01751906 -0.005378176 0.004888417 -0.004550576 -0.004934843 0.024489028 0.0067141755 -0.008125449 -0.012697186 0.0033816413 -0.005538957 0.0010800482 -0.0042402954 0.009509073 -0.0056622475 0.0066773966 0.005960456 0.0017691308 0.0061531 0.013421857 0.008090067 -0.014566344 0.01970019 -0.0082913 0.008244153 -0.0040534083 0.013274197 -0.015989797 9.911781e-05 -0.007835042 0.015137237 0.005217241 -0.04562273 0.012339955 -0.0027324702 -0.008113568 -0.002610297 -0.00710089 0.017042007 0.0025247792 0.0010715873 0.00921993 -0.005593572 -0.0046529197 0.0010172535 -0.014471526 -0.0014410382 0.01594878 -0.02006084 -0.0017727166 -0.014303291 -0.012965025 -0.015476091 -0.0014032531 -0.0010188603 -0.00057711196 -0.004362093 0.003989389 0.0050644986 -0.012160069 0.009657109 -0.0014157345 -0.011358732 -0.0049425336 0.03850515 0.003974907 -0.0043032924 -0.0012888401 0.013997755 0.0008707942 -0.005082219 -0.0014255941 -0.014473658 -0.015120935 -0.0009622453 -0.0051122624 -0.009359365 0.009534632 -0.0075152786 0.0004008637 -0.013902232 0.013418639 -0.0055683646 -0.004818582 0.00674128 0.022311391 -0.0064722975 0.0011741128 -0.014009622 0.024985533 -0.0013533446 0.008419977 -0.00022985373 -0.0072547155 -0.00043276022 -0.00985698 -0.022721913 -0.0046759536 -0.007484206 -0.011052151 -0.0017062216 -0.008831961 -0.0071522347 -0.0030844342 -0.017627843 -0.0017336025 -0.009612123 0.009144373 0.0041637244 0.0065955804 -0.006758275 -0.005341842 0.00804672 0.0009996279 0.007940317 -0.004629067 0.008542247 -0.00065268663 0.0068892213 -0.0013730093 0.008911165 0.0062104124 0.014100953 -0.013458458 0.015666481 0.020515425 0.008072336 -0.0015558572 -0.008366832 -0.00808556 0.0051393704 -0.01768089 -0.009020362 0.020216653 -0.00045541 0.004546978 0.011930404 -0.0065040356 0.0022304677 -0.01119619 0.006421433 0.0126357265 -0.003392093 -0.010101518 -0.0067658033 -2.2599706e-05 -0.0030626808 -0.009158515 -0.0111237895 -0.012129517 0.011523792 -0.012071841 -0.0011118111 0.0052618803 -0.002978144 0.008621756 0.0012871206 -0.007769194 0.002320109 -0.0040257005 -0.0021859678 -0.00020046462 -0.004419731 -0.007928073 -0.004442885 -0.0053552142 0.010768994 0.0112315295 -0.012030333 0.0016807998 0.012212905 -0.0050327554 0.0006974981 0.0025940489 -0.0057214247 0.0066576544 0.0058216834 0.012955135 0.03222662 -0.0057896045 0.0084204525 -0.012325639 -0.032327354 0.006373458 0.005009838 0.00019965158 -0.017571693 -0.000105477346 0.0010475954 0.0024579233 0.006125178 0.032555684 0.0038972157 0.0023621488 -0.014506805 -0.00017151842 -0.009916627 -0.0036650798 -0.0046763187 3.2001408e-05 -0.011007521 0.0018168131 0.0021428105 0.010803668 -0.022484811 0.0031314478 0.027637875 0.0024549505 -0.0071349987 -0.0017093495 -0.009995757 -0.017965006 -0.008452948 0.00052535976 -0.0035920728 -0.0089441575 -0.0036657231 0.0010987986 -0.0021940088 0.012293931 0.005651693 -0.002257887 0.002203407 -0.0070530744 -6.233412e-05 -0.032014176 -0.008910837 0.0041155657 -0.005123138 0.014426047 -0.003322146 0.017766736 -0.019500876 -0.0033427537 0.011053804 0.0035172787 0.017254509 0.0067174663 -0.007463646 -0.0054028183 -0.009176048 -0.0044349944 0.010208089 -0.0063972375 -0.0129054915 -0.011987295 0.0030965274 -0.010256795 -0.0016779923 0.0073632356 0.022277363 -0.00081220735 0.012039836 0.010986943 -0.0142197 0.014896266 -0.021959983 -0.0034717454 -0.012958112 -0.002376146 0.0044310647 0.0015427032 0.0017379101 -0.0022832574 -0.006483509 0.008167241 -0.0031351591 -0.008617393 -0.028533304 0.0017112445 0.0034887544 -0.0008809667 -0.018061941 0.029178753 -0.012216158 0.00975569 -0.006326445 -0.009108692 0.017280975 0.0014274935 -0.0015753707 -0.011517475 -0.022412965 -0.017339282 0.004805073 0.0041664923 -0.008463801 -0.005140298 0.0008751178 -0.0028032674 0.00919549 0.0072502065 0.012150732 -0.013723135 -0.0059245173 0.009347028
Rối loạn lo âu	-0.014959057 -0.024313176 -0.003268597 0.0014694555 0.017309206 -0.025691314 0.018821185 -0.0046332995 -0.012812603 0.040801164 0.013393332 -0.014011958 0.01944451 -0.0042403904 -0.002544404 0.017704515 0.010222633 -0.018746981 -0.031274576 0.02164293 -0.007004689 0.0004579945 -0.010307771 0.013920628 -0.015722727 0.004363259 0.009277363 -0.010987232 0.020149155 -0.018417204 -0.008762244 -0.030263493 0.002919725 -0.012997075 0.035546046 0.000410056 -0.008461473 0.0043885834 0.021064015 0.014318779 0.011187355 -0.015338756 0.05267438 0.010589044 -0.021374688 0.004988728 -0.024318526 0.005756961 0.01086885 -0.019340372 0.009931791 -0.010047559 -0.014551535 -0.01819657 -0.009275474 -0.12637204 -0.029389394 -0.0073339795 -0.011758185 0.0034891758 0.006519726 0.009475586 0.01719942 -0.044165418 0.00030316427 -0.014621546 -0.0094774375 -0.00691854 0.10049798 -0.02068392 -0.0025881163 -0.015439451 0.03406002 0.0075493786 -0.019638928 0.009181164 -0.006654769 -0.03334855 -0.011338167 -0.0054196026 -0.010675876 0.0072334097 -0.0025107183 0.017997295 -0.04365265 0.024361068 -0.027111018 0.015903292 -0.00081392314 0.032429393 -0.010007083 0.011058939 -0.008757423 -0.013960476 0.010018715 -0.0034362508 -0.0044659427 0.020030467 0.0137485415 -0.015675584 -0.038099986 -0.005904893 -0.01005127 0.03319311 -0.017003579 -0.057260454 -0.020585142 0.051685695 -0.010816455 0.014069279 0.0005855152 -0.020410845 0.0149354 0.008611238 0.0052216887 -0.012326215 0.012548364 -0.0023011772 -0.0054436326 -0.019985272 0.031588845 -0.028363062 0.0016465088 0.0132732205 0.018720556 -0.030373259 -0.01888054 -0.028782247 0.010515873 0.008056685 0.0031959775 0.01052923 0.004785267 0.056482613 0.012467809 -0.020988896 -0.021317326 0.080254026 0.005520661 0.0053541493 0.028444389 0.0016162979 -0.0012159977 -0.004533933 -0.00044966396 0.010937731 -0.025348663 -0.02176638 0.0050863684 0.011087184 0.016866539 -0.027340533 -0.028679999 -0.022083482 -0.019554066 -0.028206497 0.023163563 -0.011613282 0.00045013396 0.0060206708 0.010708253 0.021524692 0.05212931 -0.03627245 -0.005692001 0.020221258 0.009026567 -0.017753828 0.0075729447 0.01866694 0.020920858 -0.007120965 -0.02415958 0.0103822285 0.009244934 -0.02006285 0.016416432 -0.016507205 0.020507464 -0.0044418997 0.03575068 -0.0007870796 -0.056693316 0.010941618 0.034289952 0.011231228 0.012210338 0.014886614 -0.0016548559 -0.004057381 -0.018193774 0.020708805 -0.004301744 0.0041410653 -0.016182028 0.01776699 -0.0039609 0.009693972 0.01204905 0.00072627794 -0.031383332 0.010196819 -0.014536254 -0.0230783 -0.031401932 0.006839951 -0.004701616 0.042343438 -0.032797147 -0.01216247 0.025653258 0.0030823129 0.034862816 -0.0089195995 0.012549066 -0.01926544 0.008612656 0.017821424 0.024232067 -0.0021686822 0.0003349986 0.009787236 -0.031502094 0.0048144734 -0.0030401992 -0.003347241 0.014753873 -0.019691309 0.017477203 -0.061445396 0.0040715844 0.030438868 0.014062826 0.009096377 0.0032569747 0.016232563 -0.04054788 0.0050887563 0.008189184 -0.024049165 0.045441926 -0.002519483 0.010617713 -0.0015961844 -0.0058884155 -0.000100487225 0.0052502416 -0.016127782 -0.006158868 -0.03358984 -0.010949503 -0.022521367 -0.0020041924 0.026544638 0.03090918 0.023662455 0.01844654 0.08813419 0.0037023562 0.0014686008 -0.04548792 -0.019081326 -0.050885726 -0.011945357 -0.009497757 0.032126915 -0.01458973 -0.0038670592 -0.014277312 0.003283006 -0.0038242985 -0.016423969 -0.013291429 0.013129637 0.022453874 -0.031069634 -0.021035237 0.054469958 -0.007648841 -0.00501984 0.011754085 -0.029292533 0.04200259 0.017661316 0.026143217 -0.04608129 0.00045164986 -0.044019673 -0.009347354 -0.0039854874 -0.0061074574 -0.025910975 -0.002629106 -0.025096765 0.02862146 0.0006855025 0.032898102 -0.0023511704 0.009529514 0.026565352
tọa thống phong	-0.0074585495 -0.020360949 0.037056796 0.008715894 -0.00920547 0.008146007 -0.0020394358 0.017704884 0.023344971 0.03255412 -0.015389334 -0.01883601 0.017233958 0.015656024 -0.0062428415 -0.008750828 0.00724897 0.005076169 -0.025379006 -0.0089386795 -0.0024509127 -0.008501144 0.008419389 0.02972759 0.0036234504 -0.005732677 0.03994898 0.0049303966 -4.1473657e-05 0.0011673259 -0.0009386666 -0.0049214084 0.0050075 -0.0068622385 0.012703942 0.0036036642 -0.010256233 -0.0031148458 0.006075993 0.02126346 0.0010105192 -0.021450272 0.048421502 0.006386796 6.9697317e-06 -0.016852306 0.015398666 -0.01468059 -0.008867752 -0.018157197 0.013509076 -0.001783771 -0.015409887 -0.01235798 -0.018849326 -0.009760806 -0.028235067 0.01154169 -0.025839882 -0.006159491 0.019006295 0.01052105 -0.0040907 -0.007416014 -0.0020285214 -0.002456125 0.007551862 0.004588479 0.04250165 0.011118361 0.0046315184 0.0003261463 -0.009964817 -0.0037575164 0.006785712 -0.017456621 -0.014679035 -0.012828306 0.013778037 0.00094609766 0.00046484746 0.036321465 -0.026558507 0.01688092 -0.021863546 0.009495404 0.011711527 -0.00891606 0.00723777 0.004392452 -0.014087228 0.008756287 -0.023293883 0.0151847545 -0.0071606888 -0.0018363526 -0.007854268 -0.0073603187 0.0033013646 -0.015015533 -0.04098975 -0.0069382903 -0.008578216 -0.0034974148 -0.0007714984 -0.011002739 -0.008114784 -0.013421406 -0.022237118 0.0024114067 -0.02509921 -0.006848583 0.0025526015 0.00063365453 -0.018207693 -0.0014398883 -0.0066557755 -0.0042662993 0.018479409 -0.020820167 0.01008896 -0.0172776 0.018166643 -0.0039131623 0.013722912 -0.0023216906 0.0131113175 -0.018893817 -0.014451723 0.016149819 -0.011785678 -0.015593038 -0.0009042962 0.011500315 0.008089422 -0.01924682 0.010689371 0.0042191963 0.0057655433 0.0023247746 0.0043756817 -0.0066719297 -0.0050080596 -0.013616377 -0.024065597 0.0050736894 0.013067996 -0.010433002 0.0053480226 0.007933607 -0.0025111919 -0.017705463 -0.022729425 -4.3102038e-05 0.0053787297 -0.0049912278 -0.0045680096 0.00039624138 0.0025432867 0.002108402 -0.0040770774 0.0009756611 0.0006909326 0.008701158 -0.0018077451 0.009271042 -0.0050600967 0.02125207 -0.011023664 0.0078008897 -0.0023046979 -0.0022659095 0.004026465 -0.0044507473 0.019007808 0.014908514 -0.0104714325 -0.019303301 0.0015061462 0.008612672 0.017621249 0.0045189476 0.009826662 0.00909831 0.0051394333 0.005329316 0.013106298 0.012967249 -0.019649656 -0.0027095606 -0.007798401 -0.005549687 -0.00855675 0.0021650505 -0.004642174 0.012308391 -0.020506402 -0.0031637102 0.008453621 -0.007873157 0.009027532 -0.005178272 0.002214015 -0.0042923386 -0.032424543 -0.007892264 -0.0048143393 0.008366494 -0.011007807 -0.004851112 0.054847386 0.0008127423 0.01294316 -0.010419994 -0.0065867724 -0.0071762195 0.0009418827 -0.0042050905 0.0053999377 0.002537423 -0.010230988 0.018410085 0.0032748303 0.0060794065 0.0017242876 -0.004705568 -0.004306461 -0.0175022 0.003798816 -0.04877404 0.0007440637 -0.005242952 0.0023195622 -8.771769e-06 -0.005531166 0.008483579 -0.013910086 -0.012159498 0.0073821945 -0.0057579693 0.005518643 -0.005168343 -0.013442745 -0.0029909338 -0.0083055 -0.0013001633 -0.013101414 -0.0099173095 -0.011194552 -0.013388821 -0.00040495812 0.0060775056 0.012052422 -0.0017975426 0.027339527 0.00711913 0.009945086 -0.017276652 -0.0053262357 -0.0026116897 -0.03530785 0.001421909 -0.03823623 0.002592336 -0.016603071 0.00043902316 0.012439125 0.0025826092 0.00659973 -0.002499192 0.005281912 -0.014415827 -0.009054623 0.009784044 -0.00927544 -0.009170404 -0.017843489 0.0053689834 -0.018099586 0.002547891 -0.0061174566 -0.010837542 0.026565699 -0.007228708 0.001411615 0.0012638806 -0.008118723 0.005988092 0.012858925 0.0020557928 -0.013750755 -0.0049153534 0.01343289 0.0059638415 0.010247475 0.022708535 0.0038364455 0.0060378336 0.004832118 0.009356143
năng lực thiên phú	-0.004280252 -0.0048484933 0.04095398 -0.006507029 -0.016874226 -0.011780376 0.008058456 0.0071894564 0.0075894976 0.021570554 -0.014155805 0.011820814 -0.011532282 0.0075791385 -0.0029245776 0.020085238 -0.0021114827 0.008356929 -0.03308039 -0.0059307916 0.0021977378 0.00434854 0.006552156 0.018228477 -0.013995385 0.007222725 0.03518633 0.012025843 0.007844957 -0.013550113 -0.00015014726 -0.008397312 0.011996925 -0.0027683107 -5.4885633e-05 0.022768632 -0.03144544 0.006540079 0.0067046285 -0.006457173 -0.0003158236 -0.0021115947 0.010655979 0.015043558 0.006982535 0.014943664 -0.01942089 -0.010056694 0.0027127701 -0.012723223 0.013929825 0.0027021992 -0.010991383 -0.0009457492 -0.00414342 -0.017176906 -0.032015055 0.01896602 -0.0031571386 0.006022768 -0.00094116083 -0.0050776154 0.019293046 -0.0024955878 0.00064320257 0.0034856852 -0.01685526 0.011000357 0.07574531 -0.004096453 -0.0046628076 -0.008792943 0.018096281 0.003368963 0.0037829971 0.011384133 -0.028078971 -0.012482363 -0.0032739297 -0.0010873575 -0.015946321 -0.005990466 -0.026662406 0.0035253414 -0.023725599 -0.008623752 0.009535774 0.0023980334 -4.4128043e-05 -0.003813764 0.00010585954 0.012240676 -0.0011664481 0.0110932365 -0.012425956 0.0066372473 -0.008711217 0.0011794711 0.010289324 -0.009135137 -0.022802215 -0.0033225438 -0.0031086449 -0.029448992 -0.02749765 -0.025182582 -0.027254853 0.022473967 0.007908773 0.010013803 -0.028625255 -0.012073835 -0.0055056214 0.002043275 -0.01348202 -0.0045839995 0.009189635 -0.0024152317 0.007813335 -0.033676747 0.022547936 0.0030963966 0.011438172 -0.0009236697 0.017012188 -0.0010172059 0.002635322 0.0073274984 0.0010697672 -0.0058906926 0.008510117 -0.019550562 0.0055458015 0.007892564 0.0051177545 -0.007136684 0.002595028 0.03893381 0.0028920951 0.011963445 -0.011872705 0.0023002154 -0.000692207 -0.008182643 -0.013232464 0.0064848014 0.0030113808 -0.02075756 -0.0022535191 0.01079708 -0.0053038197 -5.2032177e-05 -0.011623072 0.0032720175 -0.014776932 0.0031632064 0.023171265 -0.0009059312 0.0004489721 -0.000769021 -0.007683401 -0.0038847784 0.011923795 -0.0026346967 -0.00017175754 0.0064121936 0.006410655 0.0031551733 -0.0038528745 -0.008058666 -0.017455617 0.010959292 0.0008810911 -0.0046772435 -0.002897582 0.0002855647 -0.0074896202 0.0004864612 0.010727233 -0.0030445924 0.021770982 0.0055538286 0.020770492 -0.014173068 0.011950834 0.00472724 -0.0051031364 0.013143798 0.0061343573 -0.007891525 -0.0076281843 -0.0026263045 0.006817526 0.01609533 0.00279708 -0.0052893176 0.017570697 0.018565426 0.029122246 -0.0009713012 -0.012433998 -0.001993774 -0.010601861 -0.010039224 0.008963684 -0.0041925344 -0.007405922 0.004182335 0.0044711037 -0.01223487 0.031075329 -0.011335272 -0.005442784 -0.01157179 0.003792188 0.0014117837 0.0045428057 0.0032146731 0.0033801408 -0.0003953996 0.010244402 0.0024008648 0.011955309 0.01123728 0.0074905823 0.0054919487 0.0021079266 0.00037228968 0.014361136 -0.051252794 0.01460035 -0.002060673 0.011813701 0.013115292 0.0050907265 0.020050177 -0.011136269 -0.0009991291 0.007479651 0.0076167504 0.024567934 0.008424176 0.0061257146 -0.003054453 0.019197345 -0.020498445 -0.0004042147 0.0060960758 0.011656741 -0.0056647044 0.010609019 -0.00028244502 0.0101872925 0.02018541 0.050508317 0.009182386 -0.008431139 0.019668838 -0.014274982 0.008939347 -0.017459959 -0.0170064 -0.014464576 0.0055902926 -0.0061671063 -0.0007131251 -0.00027146377 -0.009174184 -0.014635495 0.014863964 0.009060415 -0.026515547 -0.0071355067 0.0034279462 0.023646621 -0.004720041 -0.017953908 -0.010154072 -0.005575978 0.008952673 0.0031678935 -0.0036799503 0.016173307 -0.0047142226 0.014649086 0.004173252 -0.0008491508 0.00045657298 -0.00041233166 0.008851928 -0.0053438526 -0.0019295602 -0.019429682 -0.0046642134 0.01202191 0.008994782 0.02520456 -0.043917317 0.012968719 0.013881704
dầu hoắc hương	-0.0020083152 -0.021702893 0.018347437 0.008759189 0.0029422056 0.018169036 0.013131431 0.005879309 0.048367858 0.022428185 0.025424413 -0.014003746 -0.016664792 0.01796286 0.007652817 -0.0012534894 0.008369781 -0.033985022 0.008411638 0.0052543804 0.0015510847 -0.019249754 0.0002702855 -0.00080679235 -0.013470378 -0.002225078 0.027035685 0.010102655 0.030905267 0.006758315 0.018556118 -0.019987665 0.0048808455 -0.011165057 0.03957792 -0.00249276 -0.028633835 0.019368408 0.044963595 0.000655697 -0.019920012 -0.016009279 0.036979552 -0.0023034124 0.013467937 0.006146463 -0.010934514 -0.03506517 -0.008395758 -0.0015572025 0.0051609916 0.01922319 0.0038086558 -0.0067153214 -0.02673269 -0.019624239 -0.025885336 -0.0057893004 -0.015265819 0.015937114 -0.017340554 0.015328836 0.007323327 -0.01935646 0.0066543873 -0.004279573 0.008174373 0.0014172903 0.03438026 0.0048646997 0.034351557 -0.009764518 0.020399375 0.01296253 -0.013369267 -0.018862976 -0.0021696305 -0.0095979 -0.014000811 -0.016134437 -0.0025419928 -0.00023546473 -0.038819104 -0.017698668 -0.006658256 0.018945169 -0.042935967 0.007273756 0.0067898086 0.010900647 0.0027395242 0.020672875 0.019202346 0.02415544 -0.003371915 0.0003635278 -0.01307746 0.031635713 0.010737578 -0.007931472 0.016905226 0.024058886 0.009721081 -0.029765313 -0.022146145 -0.03874844 -0.017259078 0.0008642636 -0.012455367 0.030148415 -0.009366115 -0.011803121 -0.006255156 -0.015193023 -0.019473603 -0.012841266 -0.0003539777 -0.004272808 -0.014045722 -0.07122027 0.047318194 0.0034834098 0.043614212 -0.0059842113 0.017395362 0.034656912 0.027683996 -0.026599986 0.010104142 0.014620339 -0.010595757 -0.008008496 -0.004990213 0.029511837 0.015185139 -0.030462824 -0.010959651 0.05129112 -0.007544705 0.007390619 -0.0036887908 -0.009701538 -0.004434472 -0.018534524 -0.01620855 -0.0040493105 -0.020455075 -0.036871135 -3.2021973e-05 -0.0026067877 -0.009290728 -0.014347676 -0.045286417 -0.0275534 -0.0015194528 0.011541863 0.023433505 -0.0061290413 -0.032668334 -0.0041068383 0.005031808 0.0136327045 -0.008441591 -0.0052862414 0.017094588 0.0011772936 0.0052414113 0.006352631 0.030244993 -0.0182677 -0.02832372 0.011674255 0.0064896536 -0.017599827 -0.022228176 0.0107428925 0.019809954 -0.018182471 0.00846758 0.0064764456 0.019860623 0.029851556 -0.012859066 -0.013807605 -0.008206519 -0.023128485 -0.014515307 -0.012058065 -0.013271318 -0.008535189 -0.024337964 0.020740323 -0.030257037 -0.0055045127 0.005330606 0.03915213 0.017946089 -0.007412951 0.0021349925 0.009755785 -0.011930051 0.0066036303 0.007790891 0.0029896814 0.002804524 5.560927e-05 1.975832e-05 0.0065462594 -0.035140913 -0.017010996 0.0798543 8.018687e-06 0.029990911 0.020225173 -0.0145489955 -0.006633905 0.019074963 -0.015690992 0.010735426 0.016599583 -0.006272981 0.012807661 -0.017500406 0.029886475 -0.007913225 -0.006165614 0.002922294 -0.040240813 0.037494633 -0.06987142 -0.003147872 -0.030558823 0.013565946 -0.0048135505 0.019395882 0.026598914 -0.025622256 0.000116296964 0.04079223 -0.004736187 0.03240567 -0.008444673 0.025772294 -0.014535357 0.0012492185 -0.016816305 -0.00817354 -0.004618846 0.0077141463 -0.0052782497 -0.01646568 0.008479134 0.070188396 0.016474044 0.042207778 -0.011059514 -0.0019331624 -0.026297593 0.0030547415 0.012771983 -0.031432614 -0.021211652 -0.017284961 -0.01626838 0.002995331 -0.0035265628 -0.006704349 0.0050069583 -0.008659636 0.01695089 0.014636553 -0.009285878 -0.042335946 0.0055960785 0.017227886 -0.014915056 -0.022325853 0.01846271 -0.0067119063 0.010902755 -0.02486977 -0.0017734393 0.040218722 -0.007670564 0.0048846747 -0.015985666 -0.024940016 -0.021131253 0.013753734 0.017148424 0.015773913 -0.025482101 0.0011910595 -0.011623268 0.011761661 -0.0024052355 0.0046978374 -0.008211582 -0.028521247 -9.048808e-05
nước Đức Chúa Trời	-0.0032912104 -0.007851696 0.06615254 -0.0034359773 0.0026211066 -0.007877001 -0.0066260127 0.019000191 0.01875932 0.037817523 -0.010672316 -0.02263219 -0.016464273 -0.007515984 0.0032050894 0.0426445 -0.012869694 0.00064572855 -0.010384258 -0.021696456 -0.0004546307 0.00035498897 0.0113298185 0.011660613 -0.0086517595 -0.019460231 0.01761316 0.026180781 0.009158833 0.011657369 0.016768858 0.0011087651 -0.008255808 -0.01839198 0.03380754 -0.0033004477 0.009227585 0.008274809 0.024917252 0.014709742 0.01780083 -0.028770179 0.016911356 -0.018718714 0.00960071 -0.0033619262 -0.009059283 0.006132023 -0.0054714456 -0.0019776793 0.0054251393 0.0017881189 -0.0022760374 0.007780376 -0.019837338 -0.01654136 -0.020603422 -0.009053292 -0.007214202 -0.014105162 -0.012198321 0.0062593203 0.015829675 -0.021585219 0.010382068 0.01395124 -0.010420901 0.0023518018 0.031292107 -0.0077203903 0.013255438 -0.0045303972 0.025955899 0.004683074 -0.007520525 -0.0074316086 0.012303693 -0.001305744 -0.0030083405 -0.01589017 -0.0345687 -0.007893434 -0.02882147 -0.013628462 0.0012240838 0.009712002 -0.018330796 0.005243019 0.016533356 0.0271064 0.00021496264 0.027385293 -0.0037299332 -0.0010754205 0.013517872 -0.009588553 -0.00095959427 0.008923072 -0.004563387 -0.003092833 0.00045415293 -0.0049012364 0.000756782 -0.019427855 -0.014190225 -0.01825974 0.0022420816 -0.010304598 -0.02034499 -0.0034279565 0.0017331836 -0.022705667 -0.010156315 0.025533885 -0.0009836131 -0.023310227 -0.003308136 -0.008128397 0.015109871 -0.023059364 0.0200131 -0.007402143 0.027977131 0.023893911 0.014007414 -0.0018978445 0.010070919 -0.007890001 -0.010632363 0.00028541475 -0.0045790705 0.009356992 0.019145839 0.0060230684 -0.0045312066 0.008299733 0.009184973 0.014490206 -0.012531472 0.015295185 0.023047093 -0.00048679067 0.011618452 -5.9307902e-05 -0.023405526 0.000729094 0.010647567 -0.0417014 -0.014256922 -0.003750762 0.012954476 0.0058894106 -0.022020817 -0.008452216 -0.00078576367 -0.031484835 0.0013846522 0.011999434 0.010069962 0.00402794 0.004058969 0.004283215 -0.010564987 0.011233474 -0.008422235 0.003709664 0.00044950715 -0.009051093 0.015080451 0.0062918346 -0.02293351 0.019101856 -0.019303568 -0.0037792176 0.011708878 -0.0051229834 -0.005485689 -0.003104053 0.0040135486 0.009881934 0.002977285 0.0059844702 -0.019878127 -0.0066802152 0.01855654 -0.0029717886 0.013492402 -0.0075464044 0.0029858947 0.005040715 -0.009723395 0.017005194 0.0031396882 0.0026466371 0.0020293978 0.012334485 0.009460967 0.0051898137 0.025730714 0.0043059373 -0.009664195 0.017715445 -0.032000896 -0.023818498 -0.0069456343 0.006749295 -0.0014342794 -0.03046367 0.0044534584 -0.032163836 0.03716552 -0.005374956 0.009323617 -0.0015246028 0.0075280736 -0.017364927 -0.001059615 0.012986694 -0.022395419 -0.010580807 -0.009135053 0.034434907 -0.027844785 0.013959719 0.001537487 -0.015753794 -0.0016615407 0.0047169155 0.038725536 -0.018367615 -0.0009079523 0.0059259413 0.00056761876 0.013792224 0.015859326 0.03160517 -0.003434672 0.01702294 0.008168966 -0.0028877438 0.0029021138 0.011546315 -0.02694603 -0.0004495429 -0.0050354223 -0.000272874 0.007465582 -0.028688407 0.009037459 -0.0098865945 0.0071702786 -0.01970956 0.04164473 0.00682356 0.014246054 -0.016571049 -0.0068549323 -0.019832198 -0.010388501 -0.0022308966 -0.01948947 -0.013312156 -0.024235092 0.011695983 -0.002819974 0.00077998266 0.005327427 0.00983954 0.007671492 0.021807864 -0.016440602 -0.01776386 -0.004443081 0.0065426677 -0.0044915685 0.015455505 -0.009205328 0.0014415933 -0.0077704685 -0.002015458 -0.00735097 -0.011519333 0.017175311 -0.012425797 0.004646758 0.016360467 -0.01988962 -0.008134805 -0.006955078 0.003566388 -0.021193255 -0.0003195703 0.01757062 -0.007199166 0.016257137 0.0024228566 0.007890011 -0.0060057864 -0.002409492 0.009972945
kim từ tính	-0.012613578 -0.025030231 0.04840674 0.023229832 0.008315106 -0.030752532 -0.00010994677 -0.016757429 0.030995253 0.006852169 -0.009194396 -0.008201452 -0.004002401 0.002282804 -0.0134437485 0.038313374 0.0011594829 -0.0021013368 -0.020588327 -0.026795289 0.018672088 0.013880517 0.0026780476 0.0061247814 -1.531384e-05 0.017087791 -0.012203683 0.0093066525 -0.0048820046 0.0069083986 -0.010416866 0.013606118 -0.0244045 -0.026577774 0.009069762 0.008676155 -0.02331254 0.027629487 0.04013304 0.035679497 -0.008131286 0.008010655 0.061118048 0.012423154 0.008651675 0.012285863 0.019666888 -0.024168141 0.018509572 0.008371985 -0.0041438225 0.030428985 0.009047036 0.016407661 -0.017879128 -0.0454295 -0.017733064 -0.016892817 -0.0037488851 -0.028274097 -0.010331545 0.011482267 0.0009433855 -0.010101307 -0.006739631 -0.02768669 0.0062386785 -0.007509129 0.04943093 -0.005836116 -0.0118762255 0.013229955 0.010681539 -0.011337606 -2.959205e-05 0.011807142 -0.0050608283 0.0047577643 0.0076035387 -0.011956405 -0.014280602 0.02276123 -0.0046155783 0.0042897845 0.02134222 0.01633812 -0.0140645765 0.02126258 0.0021857643 -0.015810098 -0.0145960115 0.013397707 0.006735097 0.009025205 -0.0017638049 0.01903076 0.022840185 -0.01131191 -0.009530122 0.010124382 -0.0027496417 0.0013546869 0.0022415263 0.0029856795 -0.0035568369 -0.075133696 -0.031751614 0.019206848 0.002751114 0.021543225 -0.008268041 0.02086518 0.0046859058 -0.007965545 -0.028352393 -0.021668673 0.013354182 -0.029545793 0.01190483 -0.054312605 0.033998225 0.012775216 0.030835275 -0.008433623 -0.0022156304 0.031083478 0.0168563 -0.037595503 0.011008257 -0.0051326845 -0.0045309863 -0.038288217 -0.019803418 0.032115888 -0.01193477 -0.000400611 -0.008579483 0.067088276 0.01001771 -0.028921468 -0.018116944 -0.024559615 0.022315165 -0.0022930428 -0.009026485 0.003286505 -0.03226457 -0.032146618 0.027946668 0.026830267 0.02966705 -0.006746426 -0.036612015 -0.009521773 -0.011965748 0.0071120327 0.032526303 0.0039652754 0.0044356757 0.014027572 -0.036806814 -0.026607199 0.012158132 -0.004693851 0.01740519 0.049131274 0.005130284 0.03177053 0.012196123 0.015270229 -0.01048557 -0.0028731367 -0.016887069 0.0014468431 -0.009466867 0.0016747926 -0.008970004 0.006905688 0.015031404 -0.013083813 -0.0058337953 0.0241657 -0.0029339062 -0.012593468 0.00045521185 0.017358242 -0.005855921 -0.0063848477 0.0016634709 -0.025971184 -0.022843262 0.010450784 0.018911865 0.010856319 -0.0018927945 0.007012127 -0.020430624 0.0013554235 0.011586741 -0.0053501287 0.012304022 -0.011663139 -0.023897734 -0.028726498 0.0042887926 0.004706835 0.0033219845 -0.019061834 -0.0066517293 -0.02422716 0.12420753 -0.0021122422 0.010969056 -0.003959476 0.006914215 -0.005596371 0.032392427 0.041505013 0.019298218 0.0064809415 0.029463418 -0.025134536 -0.019756641 0.032320168 0.0101661915 0.027779125 0.006528044 0.029245423 0.018719453 -0.051261637 0.041977387 -0.01769009 -0.021269687 0.017106397 -0.023081306 -0.009871911 -0.01708485 0.00086002174 -0.008643063 0.017414726 0.015644236 -0.0069072302 -0.015937163 -0.013203888 0.0011447784 -0.010165266 0.0042141727 -0.016856499 -0.027844386 -0.024379486 0.018525537 0.0039522406 0.033914626 0.010773337 0.07046191 -0.016411234 -0.027094932 -0.027804047 -0.0032485938 -0.00832269 -0.04955758 -0.008728381 -0.03725639 0.0064490596 0.004144262 0.0071567213 0.0016417719 0.004644962 -0.014027442 0.009031366 -0.0035930346 0.020939428 -0.01970987 -0.010039906 0.024976676 -0.032318864 -0.0053700902 -0.00042518694 -0.016378157 -0.0029519424 -0.0006744928 -0.0018053842 -0.0026777452 -0.000577445 -0.0026533739 0.0034133627 -0.004434512 -0.006357589 0.01254488 0.0105634285 0.013425373 -0.0222917 -0.0166854 0.023718782 -0.0035479863 -0.0066798907 0.028376916 -0.0057892995 0.020710746 0.008991092
Tế bào máu	0.0024731318 -0.032704998 -0.01881305 -0.006934124 0.011614834 -0.03059936 0.005307644 0.01566055 0.017805476 0.022750365 -0.007282042 -0.008954566 -0.00931743 0.008886486 -0.034364693 0.0065489374 0.038749777 -0.006588429 -0.032021143 -0.017955577 -0.034168992 -0.012336314 -0.0047449344 0.008731653 -0.0065334495 0.019669702 -0.0019765832 -0.004527371 -0.00080718496 -0.015732799 0.0338267 0.0010060733 -0.022326387 -0.029409494 0.03159874 0.012500064 -0.03170383 -0.0043600015 0.041938953 -0.0061033666 -0.009061057 -0.0013336994 0.06457602 0.022742214 0.026831761 0.0075253467 -0.018224401 -0.007854346 0.0063216924 0.013165945 0.026620636 0.0024062418 -0.010366228 0.011402372 -0.008978911 -0.10139436 -0.052262094 0.021527935 -0.011128615 0.03376141 0.024946239 0.0104516465 -0.004022528 -0.020657957 -0.00015320396 -0.006024851 -0.01945384 -0.028506042 0.10683136 -0.010806456 0.019806623 0.011499419 0.038750187 -0.012201024 -0.0018765618 0.08207958 -0.03251431 -0.009536534 0.011897398 0.01626884 0.01069357 -0.014130822 -0.060172953 0.006348842 -0.020318437 -0.020967795 -0.020509534 0.014784588 0.0016187557 0.026431037 0.040194556 -0.04078774 0.0024045215 0.025341468 -0.031032618 0.020978471 -0.01433247 0.021279793 0.006210328 -0.009782787 -0.03331418 -0.010628909 0.01080225 0.0011314079 -0.0070955856 -0.08322365 0.00010280404 0.028603755 -0.019378016 -0.008241099 -0.047852874 0.035481676 0.00948556 -0.021700062 -0.0034025363 0.008206032 -0.005226956 0.008727264 -0.022632599 -0.024372384 0.032620355 -0.0012037349 0.015952565 0.019200334 0.010121731 -0.015706113 0.01666342 -0.020920308 0.0218531 -0.0003318498 0.018034544 -0.040708583 0.025855357 0.05989969 0.02120501 -0.022713587 0.0057251006 0.059287272 -0.0073581715 -0.01128854 -0.0063197436 0.019963764 0.011466806 0.0068125324 -0.005745779 0.031067591 0.020272315 -0.07161269 -0.019930871 -0.0013560253 -0.0023522293 -0.011378409 -0.050810218 -0.012198637 -0.027708314 0.017833194 0.018463342 0.0073488113 -0.0034217206 0.0076602874 -0.0032304395 0.011392398 0.01777323 -0.04601049 -0.016397608 0.015771493 -0.017010162 -0.022599943 0.017509371 0.0065336856 -0.0098087285 0.018364511 -0.01624422 -0.0038663892 -0.0108013665 -0.019426128 0.018645719 0.008007379 -0.008433571 0.006892904 0.023036987 0.008598687 -0.013601001 -0.008110233 0.021209363 -0.010137805 -0.007535051 0.027410947 -0.0040979693 -0.026556171 -0.07695488 0.029781803 -0.043879595 0.041880406 -0.011562282 0.011660267 0.010279942 0.0036972382 -0.0015161941 0.029861584 -0.04639635 0.020461295 -0.026211511 -0.009890139 0.014872762 0.0061252825 -0.015470018 -0.007057169 -0.01669526 -0.028535081 0.034962274 -0.002358662 0.03660788 0.01142254 0.027598104 -0.010179854 0.00021784453 0.026380556 0.031258654 0.031802863 0.0013680835 -0.0023917167 -0.02039831 -0.0022524844 -0.00010362407 -0.0025321944 -0.02368625 0.016433401 0.014978684 -0.058854327 0.02872704 0.0047575263 0.01536345 0.007121558 0.0033425074 0.012994393 -0.058273356 0.022102626 0.02498899 -0.034860812 0.044078454 -0.008623344 -0.0093715405 0.0028919496 -0.012869292 0.017506765 -0.0042695487 -0.013975989 0.017631905 -0.027036522 0.0046578147 -0.0040293257 -0.019893195 0.019594839 0.06410234 -0.012246577 0.046830118 0.07327946 -0.03585841 -0.002725557 -0.078307904 -0.05554182 -0.045232505 0.003799718 -0.0151407905 -0.0046839276 0.01435753 -0.012495063 -0.015925433 0.02667163 -0.059723053 -0.016830968 -0.04068716 0.013212254 -0.003155377 0.005919218 -0.0011729375 0.10657822 -0.0051967134 0.043014485 0.0185519 -0.0015741191 0.009317013 0.0054667247 -0.0011150953 -0.0011529604 -0.037734635 -0.040611926 0.0069967336 0.0018834502 -0.013259573 0.00631401 -0.0047634477 -0.011998666 0.05594771 0.021314405 0.005628512 -0.005181733 0.018520335 0.023909636
Viêm dạ dày ruột	-0.005398761 -0.001567439 0.044786517 -0.009669189 0.00096405874 0.017146923 -0.001642585 0.0054679983 0.009198034 0.0073413397 0.008150689 -0.02608713 0.021726845 0.010500295 -0.020368906 0.0012112334 0.0058731767 0.002549022 -0.026781937 -0.000729361 0.0010821447 -0.0022080394 -0.009636906 0.011630665 0.01124906 0.0013217771 0.012282567 -0.0036707674 -0.011226935 -0.013175146 0.012920533 0.013231198 -0.0014808504 -0.011029 0.028764352 -0.0074272095 -0.01302558 0.036347985 0.004019997 0.017001364 0.004499516 -0.015163205 0.02602831 0.0059845774 0.0109522855 -0.012734317 -0.019548628 -0.014281301 0.00032476336 -0.01696182 0.00991176 0.008275923 -0.03359988 -0.0033000729 -0.011219989 -0.048136305 -0.023657052 -0.00043800633 -0.0074825385 0.018013911 -0.0066752085 0.0037836903 0.001276769 -0.046763193 -0.006393277 9.554478e-05 -0.011429965 0.0016213272 0.062806174 0.016198719 0.004699839 0.010686359 0.02917317 -0.0062262765 -0.019950634 0.024737017 -0.03226204 -0.023729328 0.010514483 0.0017978429 -0.00967812 0.0009236083 0.014135599 0.027285388 0.0053853667 0.008024778 -0.007138032 0.0013928246 0.01974033 0.048898466 -0.007914359 -0.012917934 -0.024896866 -0.0050418335 -0.014834509 0.021302313 -0.010013251 -0.0017601656 -0.009180679 0.0025211403 -0.05202939 -0.0017832813 0.012823425 0.015933895 -0.028418977 -0.04241079 -0.038810875 0.012245485 -0.021554347 0.0024026744 -0.030033108 -0.006208855 0.010763735 -0.0014314128 -0.009869822 -0.00023755498 0.0061001023 -0.013515559 -0.011191338 -0.020256892 0.015705045 -0.00028512973 -0.0025415118 -0.010764538 0.02213047 -0.013298699 -0.0023518482 -0.009596598 -0.003562656 0.027275154 0.009981597 -0.010494262 0.010268575 0.025740668 0.012563186 -0.03282474 0.007645015 0.03867801 0.011388357 0.0068792473 0.023231773 -0.008530767 -0.0074986937 0.00550894 -0.026334515 0.006709534 -0.010893898 -0.071046464 0.0057704565 0.010263399 -0.0022688785 -0.017599264 -0.007472294 -0.0037642505 -0.0054811696 0.01577734 0.025804788 0.003873451 -0.0020187658 0.016931375 0.004130314 0.018880373 0.0043073087 0.0029613823 -0.019473013 0.039904617 -0.005957087 -0.007892986 0.035853587 -0.0016347114 0.027748225 0.00044630375 -0.0014786642 -0.004272082 0.003351663 -0.010306523 -0.0066121994 0.011991558 -0.0009117889 0.012937313 0.013263533 0.020019533 -0.009467258 0.00827539 -0.00011331628 0.0040616314 0.004138992 0.028932093 -0.016179698 -0.018889973 -0.029944664 0.015926931 -0.010879389 0.021041254 0.008598176 0.0033978205 0.014444434 -0.008884704 0.006965687 0.019684413 -0.007859176 -0.0011686997 -0.004603085 -0.014868609 -0.0022106695 -0.014842178 0.0071405014 0.01879709 -0.023897737 -0.027183512 0.05416668 -0.012403019 0.040641457 0.007140427 -0.0062465337 -0.019139979 0.00096872076 0.012473683 0.0048174714 -0.011908342 -0.0029206898 0.023751488 -0.009059144 0.003136402 0.008272749 0.0045102197 -0.00806637 0.0069937953 0.0177781 -0.040155027 0.009880721 0.008070185 -0.013092705 0.00892523 -0.017398642 0.0018721129 -0.03341648 0.006441514 0.033143915 0.0014919479 0.017454127 0.008287937 -0.013416211 -0.0027969645 -0.0069181803 -0.0032757823 -0.00037608243 0.0035603347 -0.00027616546 -0.017857032 -0.0019986522 0.0019790244 0.020697659 0.0016458126 0.01903179 0.0036313632 0.010492764 0.030587453 0.0007470221 0.0015850303 -0.043337487 -0.021077469 -0.037879672 0.02106002 0.012138081 0.0072993888 0.0065294686 0.007400247 0.008915126 0.011049432 -0.0035216562 -0.039818324 -0.03137254 0.00882777 0.0032859598 -0.016401958 -0.017989257 0.018243361 0.009217413 0.00046877828 0.0009458446 -0.012648686 0.012774371 0.003991621 0.0041827736 -0.0031351827 -0.023258373 -0.017325327 0.0030642415 -0.0059130085 -0.011286107 -0.0015477575 -0.00549503 -0.006157412 0.020369465 0.00841929 0.023533983 -0.02578938 0.012848859 0.009313359
chế độ chiếm hữu nô lệ	-0.011139629 -0.008884845 0.031121667 0.007878134 -0.016419368 0.0040146285 0.005905728 0.00603801 -0.0079116635 0.009716777 0.01615262 -0.02990721 0.014362975 0.01642282 0.004879767 0.01600004 -0.01169232 -0.014125784 -0.008096208 0.0009741636 -0.006379422 -0.0298251 0.01659279 0.01776362 -0.0048354417 -0.013278474 0.016422095 0.008341899 0.03517241 0.005087334 0.011395379 0.0048013562 -0.0046340013 -0.008775582 0.021523938 -0.0054750857 -0.005536446 -0.004271973 0.00490397 0.005903363 0.0014820262 0.010948969 0.013449866 0.00033609231 -0.012939937 0.017112318 0.011616503 -0.007946439 -0.007900461 0.00763919 -0.025314953 -0.019254968 -0.003447263 0.0038055573 -0.024861114 -0.022317661 -0.028717007 0.0012120351 -0.02647712 0.00021513578 -0.019763138 0.0029112452 -0.009694603 -0.0048941956 6.202786e-05 0.0120198 0.0025974745 -0.0055907085 0.047573574 0.007550817 0.0030756444 -0.013933237 0.0013024069 0.00647956 0.0047276956 0.041315872 0.005575772 -5.963613e-06 0.00972188 -0.01776348 -0.0013575597 0.0043411483 -0.015106063 -0.022083279 -0.0375518 0.021247616 0.018447032 -0.004413789 0.013933696 -0.005642827 0.010025154 0.0016992922 -0.005932478 -0.03686276 0.00080949254 0.0117792515 -0.0026218556 -0.0037539317 0.025300141 -0.007880527 -0.009715194 0.01950321 -0.013731732 -0.044086695 -0.017773028 -0.012078633 -0.012722178 -0.0045316187 -0.012479084 0.012569642 -0.012796025 -0.010827821 0.003451743 0.00472022 -0.0099003725 0.0011645514 -0.011358277 -0.0015440366 0.024633411 -0.017241579 0.013985339 0.008229335 0.0152260745 0.018450808 0.00547224 -0.005035696 -0.004133674 -0.0197243 -0.0052020447 -0.003108393 -0.014733933 0.00918058 -0.005366039 -0.008483415 -0.017513972 -0.0064015496 -0.01636158 0.03959499 -0.010337712 0.004410354 0.024441497 0.022617074 -0.015114651 -0.0066634687 -0.018998021 -0.0048287795 0.02713217 -0.025137719 -0.022270963 -0.011617638 -0.021241244 0.0035382602 -0.034489423 -0.036195286 0.0033778113 0.016795473 -0.023236409 -0.007898997 0.0021860234 0.0006804759 -0.0049959947 -0.009383777 -0.019379215 0.017266318 -0.02821414 0.061253037 -4.312467e-05 -0.0002477375 -0.022149047 0.020113299 -0.008074731 0.0020509367 0.011999102 0.013398512 -0.021458615 -0.006711211 0.004579719 0.027966656 -0.018769255 -0.006634283 0.011815207 0.03013262 -0.023658494 -0.0030412546 0.009443598 0.017525746 -0.014427255 0.008443827 0.01166579 0.0080950605 -0.008793968 -0.02291884 -0.0121354265 -0.0009861862 0.028548246 -0.021519892 0.0026711912 -0.009247161 0.0101340385 0.006175148 -0.012573928 8.1549086e-05 -0.020064708 -0.019162461 -0.020041844 -0.010365033 -0.021756584 -0.014720793 -0.012475028 -0.008298582 0.034824874 -0.0022350359 -0.011174276 0.0025775824 0.006044029 -0.017672006 -0.019890314 -0.010822489 0.003254518 -0.019684693 0.008550353 0.019901788 -0.042621125 0.02093187 0.010260799 0.00093915366 -0.009698373 -0.015855988 0.0022893394 -0.041955907 0.017531293 0.0033497051 0.014274461 0.0038141548 -0.011554854 0.020994993 -0.011262902 -0.04630785 0.009140102 0.01267395 0.0110879075 -0.001969589 -0.026346158 0.0012369391 -0.005658005 -0.0031502775 -0.009244423 -0.031589493 -0.015441012 -0.0061324467 -0.013590179 -0.014620575 0.031235294 0.019042702 -0.004504472 0.016105698 0.007813073 -0.009068256 -0.01672431 0.0094182575 0.002490331 0.0042148544 -0.018956874 0.00154747 0.017200558 -0.022564596 0.017365094 0.0051851952 0.0022720834 0.0077463416 0.018847803 -0.009778122 0.012855914 0.022150652 -0.009635354 0.011569607 -0.024147494 -0.0024361582 -0.0015632113 0.0300835 -0.0071286005 -0.0048544877 0.042378783 -0.011792781 -0.0057133636 -0.033830393 -0.022182269 -0.02227754 -0.03159838 0.010919624 -0.02781516 -0.011772344 0.012376804 0.008758058 -0.012259332 0.013498472 -0.006633753 -0.034105662 -0.020973321 -0.013500436
thiểu năng hô hấp	0.0002759052 -0.01874444 0.04654656 -0.009585093 0.0049080793 0.0069127376 0.0064311055 -0.003225371 0.006582987 -0.009455765 -0.0048007206 -0.00808948 0.008171937 0.019301703 -0.031946555 -0.002879332 0.009367907 -0.0075231413 -0.010460284 0.009591121 0.009277808 -0.0134244915 -0.0019615449 0.016720204 -0.0008227849 -0.009935951 0.004391485 -0.0008806036 -0.012471671 -0.0064087375 -0.010770334 0.0011428813 0.025266241 0.013754834 0.015612737 0.010940242 -0.032307692 0.0538568 0.018760854 -0.020194082 0.009117245 -0.014360633 0.037618805 0.008022723 0.0013030285 0.008973399 -0.012823379 -0.008726449 -0.025142994 -0.012101398 -0.0031632592 -0.013519664 -0.035809748 0.0035905952 -0.027675379 -0.060376074 -0.005421864 0.0023626378 -0.010375911 0.008973386 -0.001529903 -0.021948004 -0.0070159454 -0.0015337329 0.013047793 -0.0038890673 -0.017397791 0.00048172462 0.07282241 0.008623366 0.0036776299 0.00813988 0.003705783 0.003034082 -0.0029426448 0.027243221 -0.044500515 -0.0031652295 0.009906513 -0.00965188 -0.026071489 -0.0046986714 -0.020994982 0.008226069 -0.017743926 0.023800086 -0.012648165 -0.007605843 0.00055752514 0.020126306 -0.014886256 -0.008861119 -0.010856478 0.00794772 0.0050303084 -0.000510406 -0.003144454 0.005850175 -0.0035006308 -0.01011801 -0.04279379 0.0078517515 0.0039035373 -0.089432165 -0.025545586 -0.0030738434 -0.02284029 0.010800153 -0.001964966 0.0027549032 -0.09008932 -0.032510936 -0.004587024 -0.0054330546 -0.015475813 -0.0058637657 0.013442301 0.014010606 0.004276347 0.0018499386 0.024903921 0.0043193614 0.03950945 -0.0046774945 0.01401325 -0.009403733 -0.005515103 -0.005114301 0.0056298547 0.0018290643 -0.019503083 -0.02251001 0.014177617 0.0053238897 -0.0025091243 -0.038515594 -0.03342555 0.04335956 0.0072248564 0.030920897 0.0074752895 -0.015712729 -6.6432855e-05 -0.014596324 -0.03476486 -0.008822874 -0.010469326 -0.045381665 0.0036592064 0.013192578 0.0021206387 -0.025350781 -0.005983278 0.0014393494 0.0024211335 0.010119248 0.012622497 0.0045039747 -0.020835452 -0.012616272 0.014536055 0.020660276 0.0012481079 0.0035233607 -0.00814176 -0.00022347023 -7.049112e-05 0.00740932 0.02026635 -0.004390957 0.010014133 -0.005914582 0.017331736 -0.01329876 -0.0005905179 0.0037336717 0.006964186 0.0677561 0.00399529 0.035340868 0.025426198 0.017981494 0.015625713 0.026310783 0.023909705 -0.015016455 -0.028007464 0.020055113 0.0012611953 -0.0050833765 -0.017579425 0.0037464595 -0.012426826 0.0023924373 -0.0034370646 -0.013838722 0.013074214 0.0017204969 0.022441741 -0.0005548994 -0.023499548 -0.0010327098 -0.010103807 -0.0023057132 -0.01422414 -0.0069415243 0.024472114 0.012025555 0.0057044257 -0.045917224 0.06390216 -0.00956431 0.02154004 0.0019707754 0.01794893 0.015743706 0.009322526 0.0039105993 0.0012438233 -0.010951992 0.031625118 0.011467099 -0.015509976 -0.00013081878 0.006294967 0.011811031 0.025558185 0.0062509696 0.019160809 -0.048562184 0.0072711078 0.0029298624 -0.003350775 0.018023044 0.013921003 0.009733086 -0.00299532 -0.01206974 0.007571461 -0.024172248 0.011588783 -0.00753395 0.013217972 -0.0037913814 -0.0063166553 -0.012450967 -0.0056292447 -0.002165644 -0.0040534562 -0.042577405 -0.0008594227 -0.0073722354 -0.009613498 -0.00074284774 0.028720161 0.009148745 0.010907877 -0.0002868784 -0.01207961 0.0052230777 -0.024640938 0.012906542 -0.052450623 0.020607423 -0.01309183 -0.008344086 0.0035109993 -0.020505387 -0.0052801636 0.0077773463 -0.0047193784 -0.011538448 -0.020589655 0.00287384 0.025485406 -0.0033596584 -0.016279649 0.009279576 0.00932512 0.025085075 0.0046791118 0.00018305679 0.00029344187 -0.0065066437 0.009198129 -0.015556218 -0.03083279 0.016278671 0.010791144 -0.00019302846 -0.024570633 -0.019862806 0.010326534 0.006975474 0.021700522 -0.0039360514 -0.00054446334 -0.032487098 -0.0013316642 0.020562205
Hội chứng cướp máu động mạch dưới đòn	-0.00036586588 -0.009842834 0.020264423 -0.002885481 -0.012088822 -0.019491758 0.01934914 0.0032079811 0.013618768 0.026080435 -0.0052773184 -0.013677177 0.0051724636 0.0009754364 -0.0036495596 -0.005984256 -0.009437669 -0.008925696 -0.009675399 0.017655868 -0.007869447 -0.012863366 0.0017830236 0.0008648171 -0.0037366045 -0.0108338725 0.0043601766 -0.009485851 0.022414826 0.0003683221 0.022558808 -0.008525261 -0.003197243 -0.002491411 0.019259073 -0.014916644 0.007833041 -0.0006333741 0.016567504 -0.008893021 0.001252774 -0.00083157455 0.03239375 0.0064032394 -0.0058894046 0.006459514 -0.011843689 -0.010560833 -0.00016376354 -0.0011296383 0.005733499 0.004676015 -0.0054003885 -0.0035977857 -0.021183548 0.0010704529 -0.026127623 -0.0061347485 0.00015809605 0.003616631 0.0058170734 0.00018371418 0.029083576 -0.024178725 0.00081848504 -0.005063103 -0.011259867 -0.004537009 0.0065243025 -0.007583434 -0.008772829 0.008414448 0.03138222 0.022004798 -0.0055666915 -0.013710175 -0.0066521848 -0.019616066 0.00119376 -0.00019366616 -0.02249368 0.0008794555 -0.029200267 0.007980999 -0.0046670013 0.020812502 -0.018538445 0.0013414876 0.0017992564 0.007067124 0.009331878 0.0031362034 -0.0033816264 0.016002264 -0.008078888 -0.0051772553 -0.001149532 0.0022313707 0.0039343527 -0.0045269853 -0.015450159 0.007330314 -0.0025533813 -0.0076063504 -0.015480142 -0.007219704 -0.0018710273 0.0017183715 -0.011382712 0.005441754 -0.000721784 -0.0153660225 0.0072949333 -0.0050796643 -0.01987924 0.00065130973 0.009892022 -0.006143055 0.005214609 -0.016817953 0.021958943 0.009765078 0.01652702 0.0021546404 0.011366727 0.010967292 0.011210173 -0.014531018 -0.013182955 0.0015784649 0.006192114 -0.011192849 0.015953397 0.00579787 0.0001930642 -0.008350727 -0.008190056 0.007748725 -0.010722892 0.018727394 0.0006926294 -0.002379652 0.008063638 -0.0070785983 -0.014343245 0.0047282153 0.00064473395 -0.02497158 -0.0054922174 0.01723804 -0.0068604946 -0.005896818 -0.017307913 -0.009728307 0.016143663 0.00083841436 0.005024976 -0.020509914 -0.015189948 0.0030534358 0.007943664 0.007983359 0.0025407865 -0.010638077 0.0049213865 0.0007598069 -0.0024677687 0.0015623146 -0.0016583004 -0.010416454 -0.0064182603 0.0041612466 -0.0067855646 0.009272037 0.007359229 -0.0062951623 0.00056502735 -0.014427785 0.006363166 0.014921133 0.014532011 -0.0045977356 0.011553414 -0.007956641 0.017403755 0.018081537 -0.012206672 0.009124659 -0.005612431 -0.006328664 -0.008415619 0.001504312 -0.004689005 0.0060258433 -0.008072396 0.012981966 0.010456769 0.015538499 0.0062019425 0.01736495 -0.0038772277 -0.0008056973 -0.010020887 -0.007843993 0.00028491946 -0.006716798 0.007269779 0.0054995096 0.0021472622 -0.0040255133 0.030292934 -0.016295532 0.01775118 0.012214066 0.014132196 -0.007998223 -0.0091601005 0.00058339495 0.0026921965 -0.016521437 0.0064125173 0.018304296 -0.008036322 0.0056462083 -0.0069345855 0.00052785187 0.0065005063 -0.0067447633 -0.0035425646 -0.024563625 -0.0046367263 0.0035472056 -0.008220665 -0.0024940546 0.016641006 0.016424265 -0.0102810245 0.017956778 -0.0003040912 -0.015071298 0.0061777965 -0.0052806106 -0.007272669 -0.0123008955 -0.008783554 -0.00058890576 -0.001298065 -0.011553849 -0.016088435 -0.009446158 0.021162799 0.011676137 0.028507799 0.017179925 0.022365432 -0.0019718178 0.009913996 -0.0010112423 -0.0076841014 0.0064979093 -0.0019864577 -0.0041100234 -0.006612047 0.009696439 -0.003142961 0.014733015 0.0017356322 -0.0006950274 0.013037934 0.0022514453 -0.007823742 -0.018296555 -0.0060597416 0.01500317 0.0031441408 0.00720391 -0.028108833 0.007677332 -0.0067749177 0.010701764 -0.0029206038 -0.0065484815 0.025717108 0.0053700902 0.014106362 -0.008621521 -0.021128 -0.004590461 -0.0010424051 0.0027007984 -0.0022660408 -0.016097462 -0.0041626766 -0.00056940765 0.02178165 -0.0002183708 -0.015060309 -0.00029089718 -0.016626198 0.002783604
Chứng hôi miệng	0.013674171 0.0031835665 0.012046281 0.008230267 0.004435778 -0.01612708 -0.0063222605 0.010893419 0.0062080976 0.011392697 0.007505485 -0.024852775 0.00166181 -0.017025113 -0.013335366 0.007406953 0.023909288 -0.0038445953 -0.027006852 -0.0076258024 0.0048230668 -0.0076025617 -0.0057035186 -0.0016942463 0.008954376 -0.009327596 0.0068619465 -0.011863204 0.033304114 -0.008360654 0.021147434 -0.021074455 -0.0010554286 -0.010495835 0.0042976784 -0.0060719224 -0.013192111 0.012123927 0.017089559 -0.01295638 -0.0008405688 -0.0024186247 0.021533204 0.0077509554 -0.0053415815 -0.012306148 -0.005137075 0.0007978557 0.0142229 -0.012674819 -0.004803733 -0.0045028436 -0.0076994253 0.008401874 -0.015768398 -0.036284752 -0.0319096 0.0072340723 -0.0074698324 -0.01319722 0.009913982 0.001050196 0.016896756 -0.02332022 0.006229027 -0.010088515 -0.0070449244 -0.01979395 0.0432036 0.0010675043 -0.01556393 -0.0012552509 0.016279006 0.0011797937 0.003361562 0.024014005 -0.010327666 -0.0024635 0.0055201994 0.0044450513 -0.011168226 5.4053387e-05 -0.009739643 0.008495511 -0.009394388 -0.007762236 -0.0144521585 -0.015290485 0.003978282 -0.033724047 0.012986904 -0.01920667 -0.04929743 0.03486223 0.010299553 0.001216489 -0.008899152 0.004568966 -0.0010522312 -0.009184657 -0.04550469 -0.020981085 0.037665647 -0.0051210383 -0.0013854504 -0.03268001 -0.017680762 0.010478346 -0.020749543 0.0028475055 -0.0028854562 -0.008328279 0.025979433 -0.024755733 -0.01797877 0.007896542 0.02473266 -0.014359155 0.008735495 0.00795666 0.010697024 -0.0022071418 0.012903273 -0.0057789236 0.020162122 -0.00120358 0.013509357 -0.018882528 -0.015757103 0.0030680804 0.0024948774 -0.0056423363 -0.013539114 0.0024236594 0.01861569 -0.038808502 0.023594966 0.050973415 0.016494997 0.009219352 0.0049934792 -0.0059013166 -0.009278313 0.00043428974 -0.011119962 0.000646716 0.007991025 -0.03365906 -0.01330202 0.011691283 -0.0076057017 -0.012555419 -0.024020104 0.009759767 -0.012568229 -0.022274055 0.03268714 -0.013678585 -0.007773049 -0.00012593888 0.0075199283 -0.008504039 0.017388875 0.0032596812 0.0003444778 -0.013109449 0.006996235 -0.012351499 0.037868973 0.01110982 0.03334925 0.015260036 -0.019809753 -0.014762213 -0.0074732383 -0.011916786 -0.022625936 0.028657056 -0.010344075 0.0032747474 0.0073848274 0.010049979 0.010967092 -0.007359745 -0.0015733821 0.007866697 -0.017539805 0.018497407 0.0022067353 -0.0009074207 -0.0036205202 0.03088258 -0.017386874 0.00936742 0.0052552945 0.0063690897 0.025820265 -0.008947551 0.0004468245 0.010905624 0.0024099522 -0.0029760818 0.008418198 -0.005933698 -0.020495625 0.007063938 -0.015453577 -0.024966668 -0.022242276 -0.023442475 0.009206443 0.017287977 0.012935193 0.02343636 0.023842704 0.009412322 -6.718647e-05 0.016981227 0.02126201 0.0037518814 -0.0086218575 0.030165404 -0.025577802 -0.0021127583 -0.0061504943 0.0013288584 -0.0075926385 -0.004517904 0.0050962074 -0.035548434 0.017314263 0.005495888 -0.009086793 0.025897818 -0.016497632 0.004494888 -0.04101846 0.009732648 0.0070689046 -0.010118352 0.03314376 0.0028094721 -0.001629368 -0.0106382305 -0.004071123 -0.007516284 0.011709778 -0.02273052 0.0050679874 -0.017133271 -0.00080706895 0.0003978981 0.006425436 -0.0066822073 0.034388665 0.012013465 0.009970681 0.03955635 -0.028746594 0.02131175 -0.043939248 -0.031994883 -0.039727993 0.006905238 -0.0068449294 0.012289811 0.020459095 -0.011185844 0.0006092656 0.038844965 -0.008547123 -0.015676748 -0.029478014 0.01131228 0.0011118525 -0.018401917 -0.010453494 0.037987076 -0.009902513 0.017592536 -0.009741022 -0.029104467 0.017465807 0.0021585682 -0.0031302732 -0.0047697746 -0.030705782 0.0062758187 0.007924332 0.008932535 -0.006166533 -0.018169932 0.016713325 -0.010169371 0.030829487 0.016553937 0.0073551666 0.015147762 0.0022303306 -0.0026064573
sự hoãn thi hành án	0.0203375 0.009102746 0.008666571 0.0026787187 -0.005307434 -0.018894123 0.0039649624 -0.00061945146 -0.003902736 0.0016533012 0.0019940492 -0.0092496425 0.008806346 0.011844118 -0.01549026 0.01739491 -0.003024535 0.0030849744 -0.0033772339 -0.0037249615 0.008493134 0.002761957 -0.0022046661 0.01146829 -0.0020213872 0.010834278 0.045494866 0.012744379 0.015013361 -0.008848817 0.0013661055 0.0029093346 0.015050197 -0.025393048 0.0014965378 -0.004513581 -0.05041712 -0.012521927 0.0017159879 -0.0071774255 -0.003763541 0.020607887 0.02064922 0.008365254 0.0046848515 0.00485395 -0.010152301 0.023517884 -0.0031772966 0.021980708 0.012579323 0.016446233 -0.019427277 0.006322298 -0.015274467 0.0026757796 -0.012845166 0.0045046173 -0.013365423 0.0004946011 -0.009060092 -0.011729365 0.007836429 -0.0002892951 -0.0084151905 -0.012816465 0.013279091 -0.019688854 0.0335771 -0.018266736 0.038891084 0.0041619567 0.013330571 0.037358515 0.003477665 0.021125592 -0.020670041 0.0084616635 0.0065563754 0.0141333565 0.008246118 -0.0019392737 -0.03044269 0.0051797032 -0.013077003 0.0024155707 -0.0027924483 0.020977557 -0.010950699 0.0016584722 -0.011668863 -0.0025410573 -0.016295865 -0.00038253822 0.021185417 -0.00019232917 0.02230983 -0.010421465 -0.015969701 0.014794308 -0.01990015 -0.010919332 0.002499824 -0.010200478 0.004536018 -0.0065753786 -0.004795185 0.007285641 -0.02306987 0.010178307 -0.017094107 0.000452287 0.011834026 0.009546082 -0.0024210394 0.010481153 0.003144097 -0.008015025 0.017371684 -0.019022346 0.015108563 0.014827655 0.012869344 0.009238327 0.028467381 0.004265244 -0.0091951685 -0.0072592325 -0.018309532 0.014380894 -0.010562939 -0.014176509 -0.008474566 0.0130257625 0.0020912339 -0.021370197 -0.013188157 0.00918465 0.014562808 0.018212715 0.0005512556 -0.014629443 0.00878036 0.007133833 -0.016437232 0.0013171037 0.007905601 -0.006118907 -0.016347153 -0.0041512656 0.019556746 0.0023002743 -0.019099766 -0.0007659572 -0.012167935 0.011514893 0.00041604924 0.0038070902 -0.01574345 -0.0022872295 0.0030112383 -0.0068641366 -0.004064146 -0.024333745 0.008163162 0.019761302 0.0071574706 0.0013176647 -0.0014752712 -0.006601311 0.0085461745 -0.0020300162 0.019856513 -0.0029641262 -0.0046556685 -0.0011774976 0.0020367906 0.034522504 0.0005272674 0.01616757 0.007720535 -0.010278599 0.015805606 -0.011098661 -0.0064780153 -0.013693236 -0.005088073 -0.0042124735 0.0074001807 -0.0037526996 -0.008161135 -0.011615103 0.007483799 -0.00076764537 -0.0067254216 0.019182602 0.024084052 -0.016891586 -0.0114254905 0.008967881 -0.0037337595 0.012729173 0.009661965 -0.013377563 0.00438044 -0.012057046 0.02161672 0.016503703 0.0058224746 -0.012757385 -0.03821572 -0.0039775395 0.018350555 0.00037806525 -0.008245145 -0.0065888814 0.014926237 0.0043862397 0.00097212987 -0.011754472 0.02163573 0.008642262 -0.0025571939 0.016653307 -0.00539529 -0.0067466013 -0.00401116 -0.0007576601 0.009967999 -0.05304575 0.0036707998 0.0050087087 0.008608679 0.020534616 0.0031636513 0.012081405 0.0075897733 -0.006893583 0.0063438253 -0.0032569477 0.01578116 -6.846026e-05 -0.020704951 0.015549936 0.005960378 -0.017197361 -0.019591374 0.001416825 -0.0005032515 -0.021067234 -0.014756785 0.0009937878 -0.012928099 -0.001617951 0.010995406 -0.0011830203 -0.0066704107 0.022286534 -0.014680417 0.0046132244 -0.0082957465 0.0048038396 -0.0049013067 0.01775942 0.008946146 -0.0067627504 -0.017620783 0.024768976 0.005384283 0.0027844037 0.004547828 -0.020552129 -0.03138906 0.0045357984 0.0012419996 -0.011991825 -0.01641936 0.024358382 0.013384031 0.020677058 -0.0025973935 0.0064986595 0.0074572763 -0.0058301887 -0.0060705733 0.0123999175 -0.016629094 0.020320943 0.009176546 -0.01354052 0.0020911733 -0.0063884747 -0.016714048 -0.0027429292 0.005976836 -0.0028368374 0.0011665734 -0.008680382 0.00044328917 0.017347783
Hệ giác quan	-0.008047158 -0.00023563617 0.033681057 -0.00077915116 0.0052980604 -0.011178943 0.021244539 -0.006980043 0.010190165 0.014781043 0.01080109 0.005382725 0.012275519 -0.0072338795 0.0013457347 0.01977597 0.022062797 -0.0010456942 -0.04250281 0.0050875563 0.024716418 -0.0050994153 0.007407586 0.027741035 -0.0041035875 0.011321559 0.0070189 -0.0022089058 0.013556467 -0.009478121 0.01169517 -0.0055435384 0.01643038 -0.015578015 -0.001385387 0.011352874 -0.024603123 -0.007088574 0.0058286292 0.033805612 -0.011509071 -0.012427121 0.033272546 0.015875842 0.0030441284 -0.013342505 -0.020834263 -0.012528792 0.021686336 -0.029610137 0.011405576 -0.030318653 -0.002393265 -0.014996151 -0.011940405 -0.0014206186 -0.022715762 -0.015481894 -0.029275874 -0.009543608 -0.008302933 -0.02308258 0.033145655 -0.023256555 0.0008742407 -0.018509403 -0.0132987425 -0.0109297605 0.06470738 0.015209651 -0.0013632515 -0.01619796 0.011469046 -0.008498869 -0.011031494 0.022765134 0.0054611103 -0.016049301 0.0058283405 -0.016738828 -0.028980741 6.2477586e-05 -0.03361656 0.0013024758 -0.016959662 -0.013091358 0.0030495084 0.0016728885 -0.01489334 -0.0031822145 -0.018706478 0.0006364867 -0.011396615 0.013545173 0.005268703 0.030655866 0.0023143142 0.0067973174 0.002586386 -0.025034571 -0.035840906 -0.01123846 0.0020808708 -0.008228065 -0.04393565 -0.0134138 0.01358815 -0.042770214 -0.014143666 0.015171424 0.023041615 0.019572351 0.019592077 0.006232141 -0.032835033 0.0033524116 0.014559234 0.011827173 0.02070326 -0.031079823 0.03120939 0.018959671 0.019983815 -0.0122769475 -0.00078394415 0.0049276887 0.018698912 0.0064172717 0.00036512053 0.009968432 0.004618016 -0.019122433 0.007709863 -0.013799615 -0.01353229 -0.012131318 0.0074120546 0.052932143 0.009300025 0.011723409 0.013507612 -0.006794731 0.006481716 -0.0015805066 -0.04022924 -0.008087564 -0.003806763 -0.017855477 0.005869197 0.030459573 0.006917429 0.0076016085 -0.0252693 -0.002034322 -0.004100737 0.010905822 0.0029497463 0.020245139 -0.006428824 0.009350136 0.008945512 0.011209253 0.02108502 -0.0002274733 0.009001081 0.0063217 -0.009729465 -0.013658496 0.028647732 0.0066715605 -0.0053475844 0.027212078 -0.0126212165 0.016048027 0.0060167587 -0.016745353 -2.1285563e-05 0.038201265 -0.004880092 0.008636253 0.0063015586 0.01328134 -0.043594778 -0.008518358 0.0025228045 0.007265456 -0.005772601 0.008777367 -0.014490405 -0.009591104 -0.03237592 -0.014126833 -0.010767473 0.018731847 -0.009372344 0.028039884 0.0012874834 0.012427926 0.009691534 -0.0013976109 -0.029396078 0.003676486 -0.006477104 0.0043101413 -8.293986e-06 -0.027616952 -0.009033794 0.008939152 -0.036939774 -0.01864695 0.005423017 -0.009103338 0.010113047 -0.006381874 0.0041991724 -0.0065141106 0.008076248 0.011132274 0.0130143035 -0.0038854703 0.016486993 -0.0007978849 0.003350412 -0.0059147845 0.0036922358 -0.021372322 -0.034127984 0.01388331 0.0003332436 -0.052428357 0.011898296 -0.019356418 0.015503949 0.010376546 0.0075466125 0.0050433865 -0.023334324 -0.003225123 0.039776128 -0.0013617568 0.013656433 -0.0066344617 -0.0036872856 -0.0076986877 0.009856118 -0.00018303841 -0.0032584164 -0.0076644965 -0.004338206 -0.02780484 0.006969151 -0.025702897 0.05296126 0.014668189 0.026944403 -0.0069520576 -0.0054896036 0.017432261 -0.0068009375 0.014845857 -0.0395238 -0.013525915 -0.025162468 0.011507168 0.00035233574 0.014508082 0.020600567 0.008906541 -0.014173026 0.0015018225 -0.015351102 -0.008799632 -0.022830382 -0.0015186745 0.0057655876 0.019543715 -0.026013419 -0.004887472 -0.018182915 0.005227215 0.004068227 0.019169863 -0.0043600956 0.02755402 -0.0009794096 -0.016632939 -0.006642622 -0.007464261 -0.0011802168 -0.0015493777 -0.011980486 -0.027545175 0.024316799 -0.010539244 0.03689284 -0.0022021115 0.017653573 -0.03129565 0.00991369 0.01456711
Nhồi máu cơ tim	0.017875776 0.0014780705 0.008538756 -0.0401072 0.009181199 -0.024574568 0.012814594 0.01267433 0.011151562 0.027589645 -0.025262525 -0.05436474 0.0031800598 0.019395906 -0.010597527 0.046972066 0.0054045967 -0.050165445 -0.01376534 -0.0036479426 -0.012304073 -0.018137423 -0.025958376 0.01390726 0.01923862 -0.012529874 0.020818576 -0.030921346 0.0060119964 0.0019644643 -0.0145777315 -0.018085366 -0.000369668 -0.0179936 0.02177429 -0.038065318 -0.004879015 -0.028115729 0.03301642 -0.015960945 -0.015232252 -0.014252537 0.018113507 -0.020855712 -0.023141038 -0.032093287 0.0009426823 0.022858044 0.010162108 0.02028634 -0.001864238 -0.0034994888 -0.0117114205 0.02123988 -0.00988251 -0.0036324817 -0.020316886 -0.02149189 0.017934259 -0.04005275 0.010012449 0.012942151 0.0072616744 -0.018379739 0.036319967 -0.0005495325 -0.030985827 -0.0021194194 -0.0070094145 -0.026463674 -0.007036101 0.007258046 0.023950577 0.0007884824 0.0014922832 0.007961495 -0.027395865 -0.019422224 -0.004163478 0.028783292 -0.027137598 0.003414368 -0.019855605 0.008342601 0.018886069 0.011863287 -0.028919425 0.00441281 0.020365495 -0.00920215 -0.010733734 -0.016298804 0.020046892 -0.003467999 -0.0037113961 -0.0024414216 -0.02066782 -0.017436188 0.032548603 -0.007721562 -0.02201734 -0.0057871374 -0.0034881507 -0.01926552 0.019379137 -0.0013326505 -0.023214798 -0.015378578 -0.009960456 -0.004953013 -0.019188171 -0.039835595 0.020783717 0.026421268 -0.008325094 -0.028683508 0.008314982 -0.00485422 0.0023472335 -0.0053429385 0.02483517 0.017337313 -0.0066787107 -0.023911772 -0.007699744 -0.037287284 -0.01283591 -0.018608395 -0.010082354 0.012954763 0.038265 0.021314269 0.013053562 0.0099777235 -0.0056658313 -0.014360498 -0.026118802 0.01775546 -0.003959133 0.02215775 0.01782044 -0.015725864 -0.017658727 -0.02003089 0.012340397 3.040103e-06 -0.009423433 -0.045828965 -0.008063685 0.014827283 -0.004207476 -0.023966627 -0.008829647 0.009575717 0.018938703 0.06738569 -0.0023815462 0.004410094 -0.009262579 -0.011616148 0.008408735 0.006132774 0.01543234 0.00027482904 -0.0011226907 0.062743634 0.00038468465 0.0024339354 0.0010291652 -0.039175507 0.00056491344 0.008573997 -0.010404775 -0.012689511 -0.006352277 0.0030660757 -0.032580834 -0.018762408 0.014320522 0.011874782 0.007685653 -0.013030127 0.010478498 0.02133477 0.0049738926 0.0002812521 -0.003390154 -0.0029302665 0.0012230751 -0.016871717 -0.045158107 -0.0032047832 -0.004277059 0.021986758 -0.0002503141 -0.010149258 0.025538191 0.003833802 0.0010792824 0.019879172 -0.030635566 -0.0041129896 -0.008613957 0.0022093258 -0.012710802 0.004282285 -0.01834474 0.0070858747 0.017192444 -0.01965143 0.0086147925 -0.03057709 0.022126002 -0.0033073446 -0.013122304 -0.02178961 0.009658614 -0.01237355 0.008305529 0.00812673 -0.002483824 -0.015612257 0.027634438 -0.03159158 -0.019467209 -0.0011458794 0.015632587 -0.032583386 -0.028417423 -0.053585995 -0.020004883 0.033032723 0.0009405874 0.018152142 0.01170742 -0.026529972 0.009107532 0.021173414 0.0038287477 0.0017558594 0.025012938 0.01826289 -0.013594819 -0.016399808 -0.038199354 -0.007115771 0.013345485 -0.007854551 -0.003501773 0.0058028516 -0.02572715 0.016499577 -0.0082368255 0.045357678 -0.0026447761 -0.025175095 0.015181592 0.00058755744 0.012914381 -0.005947005 -0.03630611 -0.0029533545 -0.031370502 0.02482057 -0.00229994 0.039857324 -0.004208538 0.027899938 0.01495743 0.0033606489 -0.0063740336 -0.02378818 -0.026465932 0.012833468 -0.0057175015 -0.023202676 -0.027301887 0.02947425 -0.007559016 0.04593287 -0.03221099 0.012153964 0.004378743 0.014603005 0.040471334 -0.012416889 -0.018402409 -0.00694334 -0.021925401 -0.0441571 -0.0049319034 0.024810445 -0.011018394 -0.004283086 0.014496847 -0.014256728 0.023406383 -0.006368774 0.025400838 -0.003726696
Dậy thì muộn	0.016579634 -0.034618128 0.017097143 0.004150588 -0.010983385 -0.0069637643 0.013311808 0.0018252488 -0.006313947 0.01784371 0.0018465358 -0.0118544875 0.009749261 0.009114077 -0.0073932977 -0.01108371 -0.00057169644 0.013154949 -0.013036257 0.010037054 -0.0009841375 -0.013533461 -0.00714673 0.032759167 -0.006846443 -0.013834102 -0.003648993 -0.01011875 0.0047228932 -0.010318315 0.009347608 0.00901678 -0.010652155 -0.010925502 0.005069596 -0.015721897 -0.04221762 0.011607234 0.019665727 -0.0077630496 0.0059314417 0.017665949 0.0054111117 0.0076389685 0.0012807753 -0.005030053 0.0074761896 -0.004943818 0.012372731 -0.0010120155 0.015006659 0.013871493 -0.0035358057 0.0027651258 -0.019564228 -0.03259004 -0.0072228215 -0.01311114 -0.017663071 -0.004649312 0.019252513 0.0069091963 -0.013757626 -0.026943225 0.0035867274 0.0013734283 -0.017295122 0.004534488 0.032051373 0.02689997 0.013067196 0.0077177114 0.011623466 0.0007520154 0.014451861 0.017471055 0.0036792737 -0.018451354 -0.0025055348 0.00934778 -0.018710297 0.022415604 -0.0122471545 -0.01845754 -0.01605393 -0.001992906 -0.008683958 0.025203299 -0.003536351 0.045387637 0.0112051945 0.011079738 0.011282632 0.0016641088 -0.029840093 0.020462045 -0.002166389 -0.002058357 0.014915569 0.010634115 -0.032998897 -0.003923181 -0.019936115 -0.004364432 0.003936108 -0.025816455 -0.019749546 0.005339703 -0.0071754926 0.010192255 -0.014223914 0.01393977 0.017944831 0.016079742 0.009174589 0.0054481393 0.01609407 -0.004852972 -0.003351035 -0.022672087 0.025823494 -0.014746333 0.0237172 0.0054654316 0.005331912 -0.008223305 -0.016695464 -0.010960795 -0.014686726 0.025166044 0.022585759 0.0008963611 0.0019726902 0.008410601 -0.022833697 -0.0040484415 0.003037924 0.04884225 -0.0019660038 0.013890062 0.00806047 -0.0025195852 -0.0041395095 0.0024070677 -0.004399354 -0.00831179 0.004729242 -0.023888309 -0.0012220596 0.03520755 -0.010384613 -0.0104159 -0.014238614 -0.012497558 0.008416534 0.01043119 0.004515994 0.008450498 -0.0067099826 0.009585713 0.027424539 -0.013471583 0.0120065315 -0.0091392165 0.0023477338 0.0089536635 0.0049672085 0.022663713 0.011554679 -0.012800807 -0.01821825 -0.009086314 0.0012755085 -0.010625963 -0.009697835 -0.0011222303 -0.0035497863 0.025959592 -0.010260638 0.011312684 0.021287922 0.022868048 -0.017663172 -0.0005566288 0.005295229 0.014260364 -0.014537351 0.006059972 0.007939496 -0.017646715 -0.028940704 -0.001579 -0.0009772358 0.019160539 0.008507976 0.0038236578 0.017119383 -0.0033221238 0.0058605624 -0.0037052308 -0.0047669006 -0.006889774 0.009058099 -0.0030295856 0.005250739 -0.016315475 0.019932179 0.020796515 -0.008538089 -0.028145248 0.046876512 -0.0031716607 0.011752668 0.00018153564 -0.013123063 -0.0067114653 -0.010592109 0.0067699673 -0.0027693945 -0.0007515753 0.010765352 0.011246083 -0.035009835 0.00318623 0.0042131096 -0.0010322323 0.0035345287 0.007822076 0.020579152 -0.032561786 -0.010427383 -4.612878e-05 -0.008048138 0.005064614 -0.0054699974 0.015195591 -0.025428707 0.006680636 0.014284566 -0.005298379 0.030456826 -0.005664763 -0.013746348 4.139021e-05 0.0027997694 -0.010316127 -0.00058802404 -0.0111881755 -0.0050745895 -0.017157614 -0.001613421 0.00703751 0.02423733 0.0016307604 0.023493541 0.011295406 0.017032962 0.007151398 0.0024224042 0.008851568 -0.027440697 -0.028286904 -0.044947155 0.01790566 -1.3800338e-05 0.015216601 -0.0023382208 -0.0073821126 -0.015652742 0.01141019 0.0031563197 -0.02503242 -0.005747064 0.0065048216 0.012989963 -0.02990454 -0.017837133 0.02538758 -0.0048492374 0.00722035 -0.0164938 -0.0027899414 0.013179807 0.0075568603 -0.008567262 -0.029679423 -0.027138133 0.010890381 0.0003632076 -0.009495778 -0.0016155865 0.014473404 0.023366334 -0.01757679 0.004926463 0.0029438627 0.02404259 -0.03471526 0.013605475 0.022942934
Ung thư phổi	0.0005130585 -0.01002736 0.014309014 -0.04981821 0.016473783 -0.014040267 -0.00022143796 0.01875102 -0.009349801 0.011426609 -0.0134108765 -0.008047754 -0.007316022 0.017483953 -0.02788524 -0.0040720543 0.015260902 -0.01085175 0.0076207826 0.034830585 0.023817193 -0.017447868 -0.020440418 0.022167034 0.0012408402 -0.017880522 0.01658036 -0.008649257 0.016676929 -0.015225679 0.016365098 -0.019562148 0.010770293 -0.024271911 0.026900128 -0.027599435 0.0016004553 0.03300958 0.012333608 -0.016693378 -0.008950477 -0.01602881 0.033008933 0.0058681024 0.011497326 -0.016655905 -0.035339456 -0.008878079 0.012039674 0.0035685156 0.0025447854 0.029033056 -0.038506325 -0.009456765 -0.025985908 -0.07193917 -0.037471794 -0.0017690659 0.0053971494 0.00765 -0.026386738 -0.005160109 0.021637399 -0.07243226 0.028959487 -0.0078137545 -0.013432568 0.012259393 0.03504715 0.01466094 0.009821511 0.030244708 0.058635663 -0.003438222 -0.009507309 0.0420474 -0.022685077 -0.025764596 -0.00880239 0.0028205304 -0.008580927 0.015933758 -0.0122912275 0.01235057 -0.015513947 0.0447564 -0.017134266 0.026011463 0.023022035 0.0014066044 0.013286943 0.032218244 -0.00652497 0.034871522 -0.009117096 0.020136576 -0.04660321 -0.018047662 -0.023830624 -0.024711158 0.0016218334 0.00299526 -0.002024857 -0.0046383725 0.0011956483 0.0019908412 0.005553323 0.023015875 -0.0364376 -0.022592027 -0.060493015 -0.016233038 0.023354406 0.016997278 -0.0073826546 0.024587154 -0.0003562592 -0.0068784123 -0.009574925 -0.027132839 0.036323976 -0.019787043 0.045546394 -0.021520957 0.024846774 0.017305823 -0.003504904 -0.019167932 -0.025454396 0.03373552 -0.010163108 -0.016039852 0.0050587924 0.028290749 0.0045734704 0.0020249232 -0.023364224 0.0674075 -0.02307393 0.011082354 0.0032398687 -0.023968535 -0.003782111 -0.021479499 -0.02916567 0.042596087 -0.015087892 -0.048387237 0.0042252997 0.009309823 0.0044137063 -0.009782432 -0.004602718 0.007465385 -0.00023022442 -0.010825357 0.030851448 -0.0031243223 -0.008098045 0.013239553 0.015225154 0.017998377 0.036383234 0.010046639 -0.0032183796 -0.004686985 -0.01118246 -0.0015618801 0.04239807 0.004483279 -0.0041839965 0.026388396 0.0017310979 -0.015646841 -0.015818343 0.002675793 0.0134567 0.020082721 0.013911207 0.03821679 0.03949047 0.015577331 0.04116316 -0.016069945 0.027048051 0.02338911 0.0066935355 -0.00019129421 -0.0043002395 0.015132949 -0.04728932 -0.00020439764 0.024993792 0.0041708276 -0.0018497643 -0.012424206 0.00076905714 0.0049798214 0.000763043 0.024768952 -0.027341295 -0.010392934 -0.042181112 0.0018114962 -0.010877475 -0.013325688 -0.006531965 0.035437122 -0.013496086 -0.03347013 -0.020284822 -0.017540108 0.020109553 -0.01511119 -0.01447849 -0.019166626 -0.0039953575 -0.004399754 -0.0035422132 -0.02346127 0.009979916 0.054028153 -0.038717207 -0.00794358 -0.00757509 0.0051332964 0.027690742 0.003668151 0.019261556 -0.08298389 0.009186208 0.02307808 -0.020382743 -0.015000587 -0.00083254353 0.014976261 0.002978966 0.04292851 -1.9421428e-05 -0.0065828697 0.028163437 -0.017845951 0.018519277 -0.0032103672 -0.008139525 -0.0030106404 0.00907092 -0.03956095 -0.00909999 -0.03224649 0.004488097 0.012155443 -0.016038677 0.023611544 0.0044556917 0.0077746613 0.042634435 0.023493536 -0.030401235 0.007715374 -0.03612124 -0.04483414 -0.09213582 -0.007596941 -0.017002955 -0.0010093302 0.0015578798 0.03945418 -0.03759926 -0.00052138756 -0.005003177 0.005415754 -0.03297431 0.03904696 -0.017166613 0.022903096 -0.034692653 0.054965634 -0.0022199561 0.035931908 -0.017613817 -0.038937304 0.035794437 0.0009023782 0.013904965 0.0112995375 -0.012781082 -0.048812162 -0.02280024 -0.016474914 -0.029845122 -0.0012434945 -0.012986434 0.007329625 -0.0068651373 -0.0053588627 -0.011813599 -0.036036946 0.03045779 0.015274413
bộ Guốc chẵn	-0.018355131 -0.026623275 0.023955876 -0.026026824 0.006166891 -0.017713005 0.011342938 0.0077950647 0.0138733 0.011700498 -0.01100296 -0.051193543 0.011182362 -0.010727399 -0.0072119297 3.1102194e-05 0.0074390336 0.03291739 -0.027281737 0.009849701 0.012929636 -0.01208617 0.0062770573 0.003321419 -0.002049161 0.004900948 0.008620286 0.01773876 0.018972443 -0.00411395 -0.024834285 -0.01335991 -0.0052323444 -0.04223116 0.026268462 -0.013785137 -0.04816229 0.026899647 0.020210112 0.001134733 -0.016472958 0.007413859 0.06551664 -0.0068505206 -0.0010643913 -0.012361662 0.01192469 -0.034581125 0.029666299 -0.0029156748 -0.01474216 -0.004362809 -0.008488709 -0.0055473037 -0.008397299 -0.0409532 -0.020735301 0.009833177 0.0013472752 0.009249586 0.020380784 0.007846236 -0.005993191 -0.003576172 -0.012223859 -0.022780579 0.007629483 -0.01773088 0.042427436 0.0059479675 -0.003987172 -0.02671733 -0.0025711013 -0.025485035 -0.017539164 0.019438619 -0.0062765935 -0.021740258 0.01689637 0.009897058 0.009911294 -0.0017553724 -0.015787233 0.016205104 0.0033757756 0.020787109 -0.040005412 0.016472612 -0.001972067 0.010501847 -0.016267166 -0.019722667 -0.023326954 0.002287434 0.00029378384 0.011521252 -0.013567423 0.025917217 0.028708559 -0.0032065227 -0.0099927485 -0.017382609 -0.016463662 -0.010696627 0.0076593147 -0.057273917 -0.028594166 -0.00250974 -0.0024686158 -0.0077381535 -0.009254734 -0.0063027865 -0.006908224 -0.016271332 -0.01788052 0.01624102 -0.015794408 0.008425752 0.025107633 -0.049970794 0.024888169 -0.008195113 0.0062512895 0.015580796 0.04076109 0.022826564 -0.022481296 -0.002075525 0.018018888 -0.0052758856 -0.0058318316 -0.012365271 0.007697581 0.02660858 0.011435161 -0.0054950984 0.0067251986 0.06484384 0.003778079 0.013059089 0.002622711 -0.010541898 -0.023582956 0.014965395 -0.012510751 -0.011598866 -0.003514795 -0.011369994 -0.005365404 -0.0076361806 -0.029961443 -0.04230706 0.0069865407 -0.0037434013 -0.008716913 0.0076886327 0.008929423 -0.033551164 -0.029625783 -0.009199321 0.03403014 0.014256802 0.0038799471 -0.012710522 -0.004381462 0.026750956 -0.021291131 -0.008078715 0.004445805 -0.01897869 -0.0030157971 -0.0032239282 -0.00039247648 0.00896897 0.002810683 0.012174617 -0.009556688 -0.005175931 -0.0100877555 -0.022536892 0.01908189 0.0125516 0.012471371 -0.010445127 0.00082540105 0.004251295 -0.018607223 -0.002192529 0.015347088 -0.00087079627 -0.017486716 -0.011142364 0.0029759242 0.01910472 -0.019595383 0.020578798 0.0045925574 0.026679765 0.011474283 -0.0005651448 -0.0005508501 -0.0021686633 -0.0026399728 0.0062831463 0.011156524 -0.011139008 0.005261329 0.026999176 -0.015386283 -0.023500292 0.056408565 0.0025855876 0.01932464 0.008475589 0.011238773 -0.019185252 -0.0074685193 0.025578251 -0.030882755 0.009183094 -0.008532984 0.021267474 0.020939233 0.035451032 -0.015264732 0.014117698 0.029013723 -0.02343516 0.024799302 -0.022130039 0.02218262 0.00723435 0.0012769833 0.0049077165 0.004482941 0.037742905 -0.015735287 -0.004771669 0.010195641 -0.021081205 0.026232874 0.02151726 -0.009178812 -0.00057053415 -0.003991467 -0.008688026 0.0065515963 0.018656319 0.0008231815 -0.008725314 0.00054411776 -0.012389714 0.022418972 -0.0036448084 0.048181824 0.0036511957 0.021119757 -0.018854732 -0.014265439 -0.0021558423 -0.052706577 -0.0015798798 -0.02950125 0.00022050664 0.0012871206 -0.0023822193 0.0018003322 0.007676393 0.007840084 0.009488899 -0.0031128873 0.006407908 -0.021038543 -0.019134615 0.013254732 0.0030788307 -0.0047860956 -0.02186751 0.015793825 0.010329022 -0.0031383832 0.0038033314 0.048696805 -0.007243355 -0.008706918 -0.017359732 -0.01925901 -0.016170796 -0.017823253 0.020801084 0.015506635 -0.02215183 -0.0064016767 0.00715587 -0.016489651 0.003106069 0.0003941551 0.015130974 0.0034492917 -0.014365105
trạm canh gác	-0.0071244733 0.0011337745 0.015573129 -0.013208882 -0.018055769 -0.0004992265 0.015646169 -0.00022135099 -0.0029191782 0.017846735 0.01354346 -0.007634635 -0.005801872 -0.005550554 0.014517695 0.020940522 0.0049970043 -0.011787916 -0.02638067 0.021267384 0.014800605 -0.0061210664 0.028384387 0.013985607 0.006628822 -0.027427731 0.011851131 0.0044637937 0.0009033714 -0.010903514 0.008629374 5.5393713e-05 -0.007446925 -0.023147155 0.0184761 0.011172513 -0.007721411 0.027500017 0.016683547 -0.0008773946 -0.00057072 -0.014893258 -0.009395732 0.0044382247 -0.0062386882 -0.0018015149 -0.0074910996 0.010955514 0.005691986 -0.001944356 -0.0134074325 -0.00022077915 -0.002142366 0.0048852186 -0.03725837 -0.06795462 -0.033179615 -0.0143314935 -0.006187417 -0.0039526396 -0.000687079 -0.018413749 -0.0011465107 -0.024990814 -0.0031564862 -0.007115413 0.007928455 0.012488536 0.07798199 0.0136726145 0.025558425 0.007918744 0.014055015 0.009847774 -0.010521339 0.02098491 -0.00077364035 -0.024549551 0.01420359 0.011335889 -0.017242242 -0.00816293 -0.049680255 0.016209664 -0.022448396 -0.011734358 -0.022063883 -0.027812297 0.01978317 0.015320897 0.0024254024 0.012802457 -0.020465989 0.009151594 0.00035180105 0.0038124092 0.009264624 -0.008524444 -0.0013602455 -0.015346917 -0.034317367 -0.016278801 -0.010533584 -0.033377375 -0.007908417 -0.0049966844 -0.013640847 0.03859597 0.006906448 0.016139152 -0.049563922 0.003558985 -0.020450987 -0.008312948 -0.013988089 0.017042708 0.011317798 0.0068853577 0.0092486385 -0.025377292 0.019089842 0.008096024 0.027559675 0.004371756 0.02132374 0.010804748 -0.0012307216 -0.023178566 0.01190515 0.00691375 0.0110560665 -0.005802154 0.007020021 0.0066055683 0.004742321 -0.0098758675 0.006762353 0.045761358 -0.0008144582 -0.008111302 0.00355455 0.018105455 -0.01776235 0.012592402 -0.022893317 0.016280873 -0.025028972 -0.015132043 -0.025612008 -0.0265944 0.017504051 0.005399904 -0.04060612 -0.0017836894 -0.00032404336 0.0017929532 0.0017644382 0.014315587 -0.009135284 -0.025243623 0.0028632306 -0.0019519068 -0.00023900904 -0.014977655 0.009197327 -0.0286209 -0.0002903376 -0.0015736107 0.020103939 -0.0049100574 0.0003427466 0.010303667 -0.0057253446 -0.015911527 -0.016207177 -0.012663294 0.00526374 0.032555167 -0.010254069 -0.0077177663 0.0018587492 0.011933755 -0.016729277 0.011689528 0.00047653643 -0.02213202 -0.009539121 0.015868085 0.01626206 -0.00055795914 -0.018306857 0.015610009 -0.009870563 -0.0044503706 -0.013279847 0.009143513 -0.011357698 -0.0124095315 0.015512156 0.007998618 -0.016942406 0.001508309 -0.006538285 -0.016387727 0.0053123804 -0.016485106 0.02041953 0.017499803 0.0083281305 -0.011894084 0.02607791 -0.010191559 0.03199911 -0.029274832 -0.006482094 -0.005854791 0.01949265 -0.011377066 -0.035321847 0.0040892754 0.020722635 -0.0020358711 -0.024851726 0.015320063 -0.018753437 0.0054362584 0.011044567 -0.0006480686 0.010115029 -0.07029147 -0.006560546 0.0039704237 0.0017961352 -0.005711374 0.011779491 0.034033008 -0.029648079 -0.013058591 0.006253242 -0.01593825 0.054503344 0.011918252 -0.027333401 0.011707291 0.0064554405 0.018771911 -0.006842464 0.016271656 0.0055832285 -0.023053605 0.01848859 -0.01976569 0.016694464 0.017857092 0.044288844 -0.0047349813 0.017290777 0.047751974 0.018873148 0.026742108 0.02679524 -0.00110996 -0.05317068 -0.00040561284 -0.0135272555 -0.015936948 0.016785126 -0.024901092 -0.009569353 0.008104081 -0.0076846643 -0.030989451 -0.03430069 0.007528278 0.03246037 -0.0039297002 -0.0067220237 0.00039982217 -0.0005321708 -0.018437935 -0.0015079561 0.006932741 0.0070173587 0.0007627791 0.0078994 -0.022469474 0.009924762 -0.016108382 0.019824248 0.0055010123 0.0009683845 -0.017818999 -0.010212361 0.006151632 0.01692485 -0.007882335 -0.0067590955 -0.019044673 -0.01722628 -0.009434726
Sốt thấp khớp	-0.018022291 -0.0053599714 -0.0027306005 0.012308579 0.002984483 -0.042733148 0.013641254 0.0034439564 0.013317326 0.049111363 -0.008934861 -0.023629932 0.03605542 0.00061155244 -0.019988837 0.027808847 -0.004760723 -0.019965364 -0.0060461746 -0.024040084 0.007938699 -0.018177452 -0.007542889 0.005538642 -0.024883324 -0.013811285 0.030971581 -0.025240827 0.018195495 0.006490658 0.009185196 -0.015423577 -0.01295479 -0.012826931 0.016945718 -0.01801046 -0.02739086 0.057660148 0.02585098 -0.011303248 -0.0058802273 -0.016127776 0.044580296 0.0037989474 -0.032156296 -0.024676789 0.0030748667 -0.018666077 0.017072437 -0.019861612 0.030137151 0.019567994 -0.013246629 -0.017902547 -0.012599013 -0.072921105 -0.01716465 -0.0046978933 -0.014295245 -0.0042362986 0.028813027 0.008944998 -0.01483783 -0.03179989 -0.018768009 -0.013993633 -0.031614445 0.0010725223 0.009786859 -0.021851948 0.010573587 0.0048537985 0.009009499 0.013613518 -0.027457237 0.007471338 -0.024248295 -0.022859814 0.0017589655 -0.016489802 0.0023323807 -0.0018203609 -0.030827539 0.025310159 -0.0029467621 0.028560413 -0.020603694 -0.0022285806 0.010460899 0.0020435886 -0.012429485 -0.023338767 -0.020818762 0.011224193 -0.029701902 0.0037448392 -0.011719086 0.009070099 -0.0038525285 -0.010473359 -0.024164679 -0.022962274 0.011835727 -0.028909553 0.013119671 -0.0325932 -0.020751338 -0.004555742 -0.00025092065 -0.017995985 0.0023493515 -0.0076793674 0.022461481 -0.013519773 -0.050513316 0.02207051 0.007629135 0.005439389 -0.0020697475 0.00036414273 0.021102887 0.012679432 -0.005545474 0.0019196682 0.0007859968 0.0016209907 0.010367484 0.0007717064 -0.011055163 -0.004117057 0.011570641 -0.015548102 -0.01891856 0.015183345 0.025937574 -0.032880675 -0.016333621 0.026294852 -0.004188816 0.014462089 0.0126025565 -0.009424163 -0.0004786472 0.018526196 0.009019831 0.017381558 -0.021212973 -0.061813988 -0.026005812 0.0036827447 0.007778324 -0.014933801 -0.0312415 0.029304119 0.001084696 -0.015844174 0.016619215 0.015521971 -0.017294377 -0.004843275 0.0026003716 0.01935664 0.010299095 -0.02711518 -0.0026305662 0.023560643 -0.017434638 -0.001970268 8.3514235e-05 -0.00038329716 0.0033861934 0.0044086385 0.0021607836 0.010139491 0.0028397352 -0.00067945436 0.0015413914 -0.004747997 -0.005926166 0.0055416203 0.020540275 0.027431028 0.02231098 -0.005513168 0.013602644 0.018578963 -0.013672585 0.004389821 -0.019924944 -0.014823262 -0.024687339 0.0040678396 -0.03514312 -0.002078349 0.003151563 0.019258833 0.0030794544 0.030176086 -0.008722239 0.0048358734 -0.04528066 -0.014378822 0.021256326 -0.0049676495 -0.0085162455 0.02211503 0.00097734 0.0053874077 -0.034872714 -0.027754255 0.051586304 0.0046213465 0.034697082 -0.011980781 -0.01818584 -0.007572278 0.0335387 0.011932094 0.024432886 -0.014512279 -0.0010611773 0.025983727 -0.02349519 0.017458728 -0.01118866 -0.0068846615 0.02070409 0.018946767 0.019618658 -0.018153083 0.013228894 -0.018501014 0.006571233 -0.00606584 0.0004190342 0.009332356 -0.022231717 -0.011026684 0.005831795 0.0015912632 0.027715951 0.009633402 -0.0024264678 -0.008565856 0.007873412 5.8641148e-05 -0.016706157 -0.02681073 0.013708923 -0.037515927 -0.0054733194 0.0136319585 -0.031824272 0.0074024457 0.00086888805 0.0045973575 -0.0009548901 0.022441972 -0.03245791 -0.0050665904 -0.04825987 -0.0154513605 -0.0631569 -0.0039075227 -0.0011010793 0.0056812013 0.01944063 0.004844295 -0.009438834 0.005860457 -0.029392226 -0.021897798 -0.034609877 0.020501643 -0.015299881 -0.010145238 0.00895954 0.03323972 0.014624726 0.008186922 -0.008827479 -0.022673188 0.032599963 -0.011241581 0.051840328 -0.035732795 -0.027671598 0.00664466 0.014321622 0.01030219 0.004888673 -0.010144181 -0.010178022 -0.0029139072 0.008173659 -0.0018422692 0.03701362 -0.009884627 -0.0043363078 -0.011880983
thần kinh tủy sống	-0.012211498 0.0011022673 0.039433025 -0.005759084 -0.002743754 -0.012492458 0.009923511 0.0013765339 -0.0007680878 0.026323989 0.00026324257 -0.020931706 0.017074488 0.0061109713 -0.0015428709 0.01706592 0.007858292 -0.0039772475 -0.024717499 -0.0058031376 -0.0010605445 -0.0090482235 -0.01366369 0.0030238829 -0.0100119235 0.016175086 0.01665435 -0.028014883 0.009590047 -0.003988158 0.00019092648 0.004377676 0.015960362 -0.014801004 0.018880894 -0.00368506 -0.014041645 0.04220942 0.015065398 0.021981891 -0.0039853863 0.009508805 0.04516143 0.0060031344 0.009160724 0.012086856 -0.01027104 -0.008657349 -0.0043958593 -0.013456853 0.012726929 -0.0075235674 -0.014666084 0.009476833 -0.013491155 -0.02320483 -0.021485066 -0.005418036 -0.00970591 -0.010790292 -0.0063590435 0.010753959 0.001772871 -0.02634383 -0.014240822 -0.006402275 -0.010194141 -0.010407726 0.050511442 0.005255821 0.013070835 0.008193536 0.011217711 0.010488 -0.0060540633 0.015322134 -0.01987051 -0.015265315 0.01165596 -0.0038601435 -0.017543642 0.010927792 -0.02351717 0.0056730467 -0.015589052 0.002721596 -0.02646178 0.004626654 -0.009870013 0.010985782 -0.00076710456 -0.017264789 -0.009881399 0.011704854 0.0009503715 0.0033815843 0.0038196922 0.0019904994 0.0038471024 -0.0069805444 -0.0242985 -0.0066251447 -0.004419864 -0.024725273 -0.022874333 -0.022327632 -0.016989902 0.014068222 0.00445529 -0.0015917977 -0.038711704 0.000138856 0.0048663947 0.0028869482 -0.020730056 -0.0077092214 0.002822449 -0.0050861463 -0.0013421746 -0.006309619 0.030942518 -0.0020919912 0.02082907 0.006051587 0.013719931 -0.001632242 -0.004970614 0.0015141508 -0.00019218214 0.016964952 -0.0020650374 -0.008787733 0.0027393012 0.0052277017 -0.0063398913 -0.0069239694 -0.003811753 0.032519434 -0.0046764268 0.014184687 0.0024777572 0.002749888 0.010727536 -0.0051034177 -0.014945097 0.0006950139 -0.006400428 -0.041978963 -0.0073084813 0.030288428 0.014554044 -0.0008177187 -0.020505158 -0.007599145 0.010764196 0.008835461 -0.010964675 0.0047722664 1.0683667e-05 0.010705138 0.008973703 -0.0031789392 0.010021832 -0.00828607 -0.000356982 0.02495964 -0.0096612 -0.0056136847 0.023191063 -0.015057553 -0.0007674979 -0.0028412156 0.0055422336 -0.011183375 0.005234995 -0.0015149389 0.0070434473 0.02344409 -0.005335273 0.008038971 0.02411016 0.0173449 0.011997818 0.010753752 0.005028147 0.012668457 -0.015817009 0.009299998 -0.0025507607 -0.0077263294 -0.027379831 -0.0054735695 -0.009412356 0.0014382892 0.0045589134 0.00797944 -0.013226945 0.008069102 0.0085540125 0.021489915 -0.0055069327 -0.0039595813 -0.013197791 0.010830529 -0.0017059441 -0.0075447047 0.011464221 0.008730693 0.00091370195 -0.036872976 0.07773254 -0.015735839 0.0053359196 0.004364419 -0.012376992 -0.015830653 0.010269905 0.0021232665 -0.004937152 -0.0131405685 0.009798039 0.019413855 -0.013652517 0.02342127 -0.004921809 -0.0127866035 -0.0035536676 0.009611021 0.013282603 -0.03367778 -0.00023396173 -0.0061614374 0.00074641954 -0.0017070398 0.0035877835 0.011909622 -0.010550107 -0.0039150994 0.006682972 -0.01514309 0.023357201 -0.0009273831 -0.001764494 -0.011640747 -0.0018566665 0.0030921353 -0.005421832 0.005729612 0.0009189262 -0.019989662 0.0022787408 -0.0056314357 0.054723907 0.0052045826 0.066714585 -0.0034604806 0.010051165 -0.009784965 -0.00028358866 0.004649016 -0.030720372 -0.01323623 -0.050962694 0.015812753 -0.010916244 -0.007992029 0.009391279 -0.002160892 -0.0008637649 0.011372663 -0.0020206703 -0.016611194 -0.014764723 0.007622144 0.008793892 -0.0049853968 -0.023707174 -0.002198616 0.0072059715 0.01511315 -0.026637642 -0.012762358 0.02447935 -0.0027818596 0.0071318923 -0.0044829296 -0.018605758 -0.0025708773 -0.005377764 0.01820482 -0.011174634 -0.025235113 0.012675932 0.0059607956 0.019010438 0.015906977 0.0025657723 -0.029571313 0.011717859 -0.008020994
ngay tức thời	-0.0009970557 0.00024987824 0.07703323 0.02028097 0.015071967 -0.0046124253 -0.00738086 0.014569322 -0.0006514927 -0.006252524 0.010274509 -0.0059913653 0.013740331 -0.031790644 -0.010574901 -0.0011749457 0.019618679 0.0055390988 -0.026205832 -0.016212981 0.004352535 -0.011410995 0.011126679 0.014548353 0.00010549277 0.023838555 0.0054075937 -0.01688655 0.011939019 -0.009695244 -0.013798639 0.0023664597 -0.0035753807 0.0074145007 0.01615163 0.012427986 -0.019960837 -0.00073114835 0.0025800378 0.020607628 0.011615997 -0.010240414 0.029683115 -0.010215098 0.00050248264 -0.010323953 0.011405923 0.0035449653 -0.0049549057 0.00029489584 0.020151341 -0.0033692603 -0.022015195 -0.0031900555 0.0077165975 -0.01826104 -0.018996771 -0.00026764956 -0.010228804 -0.002260106 -0.012253612 0.019136863 -0.00874044 0.00091288576 -0.0024290092 0.00840588 -0.010774572 -0.023294168 0.020736312 -0.0067707733 -0.0026801869 0.007255562 -0.013632718 0.014499068 0.0032104517 0.0052102073 -0.011335694 -0.0075031933 -0.012236773 0.006454908 0.00088229775 -0.0063184355 0.011390659 0.005454542 -0.03163563 -0.0077304426 -0.0005108863 0.01732148 0.011399227 0.031629294 0.004260573 -0.019269664 -0.009161011 0.0014697178 0.009163418 0.007978562 -0.0007707002 -0.010354713 0.00940691 0.012500583 -0.027213328 -0.015658922 -0.009978537 0.016380532 -0.0058523226 0.0056271325 -0.013078316 -0.0028799942 0.012375485 0.0065845046 -0.029313074 -0.0008395409 -0.00070636923 -0.009715819 -0.0065901075 -0.013319575 -0.00067672506 -0.012345444 0.0025313885 -0.04316073 -0.0030395694 -0.011544761 -0.012770256 -0.009604547 0.015572953 -0.0064111175 0.0003895106 -0.021908205 0.013427192 -0.008110219 0.009728824 -0.024385273 0.011373089 0.015743421 0.007200764 -0.011294172 0.0072661857 0.06690105 0.008211346 0.0015626731 0.0011513003 0.000532198 -0.005681573 0.00022889505 -0.059842173 -0.006684043 0.009361434 -0.023039104 0.00690126 0.0071116667 0.012412212 0.015574646 -0.0025274418 0.019581823 0.0059556733 -0.012867872 0.021706212 -0.024201827 -0.01195234 0.0032927669 0.022372557 -0.010752699 0.0041240053 -0.022187896 0.0026527732 0.0033311958 0.0034495106 0.0030929744 0.01773704 -0.015406416 0.028326387 -0.004268104 -0.010340304 0.0020388567 0.01566065 -0.013606443 0.009334696 0.03912077 -0.00042898598 -0.0015981573 -0.006791108 0.019077104 0.01828974 -0.0061048074 0.0063062133 -0.010151618 0.015337085 0.023069257 0.014970455 0.002739475 -0.040315147 -0.0024756605 -0.0030452257 -0.009229372 -0.0018686728 0.0011721904 -0.0025393588 0.013691038 -0.016880522 -0.003536393 -0.001745544 -0.0018746761 0.0011305483 0.0057311193 0.014155881 0.008180482 -0.0019651474 0.018621057 0.009412765 -0.013498069 0.07412795 -0.008392197 0.030966379 -0.0011663305 0.013229731 -0.017978052 0.0019626769 -0.007911425 0.017472345 0.0061962376 -0.006351885 0.00539662 0.013390582 0.0011682202 0.003694108 -0.004539601 -0.019066172 0.010073016 0.014383984 -0.003977112 -0.0011025667 -0.005593652 0.007819215 0.030885564 -0.011269525 -0.0100334305 -0.016375713 -0.012568987 0.0136114275 -0.019353524 0.014411292 -0.009950051 -0.011534584 0.011153955 -0.011915109 0.0041782446 -0.011144638 -0.012642666 0.005531064 -0.005826175 -4.534017e-05 0.0072526024 0.02884896 -0.0024528517 0.030125368 0.014442876 0.0029788443 0.00045042823 0.0026183976 -0.007839047 -0.029711079 -0.004207773 -0.022438882 0.014343491 0.0014254173 0.0019604117 -0.0032946414 -0.006903464 -0.013917514 0.007297093 -0.013844353 0.007885219 0.012158635 0.0025154995 0.0066598263 -0.023737043 -0.009781014 -0.030771762 -0.0063469545 -0.01593528 -0.008877078 0.007580425 -0.022918625 0.026475845 -0.01158246 0.0056939777 -0.0065544043 -0.007657449 -0.0034154477 -0.0073673413 0.009615266 0.01796578 -0.013214751 -0.006752452 0.018995894 0.0038642166 0.007283318 -0.012318215 -0.008098371 -0.008146992
lượt đánh bóng chày	-0.014439345 -0.024729645 0.004021109 0.0026656413 -0.0038006674 -0.015382741 -0.0068624234 0.0002749049 0.017716154 0.04380503 0.006460714 -0.03339435 0.012926735 0.0016885872 -0.008728512 0.021578927 0.0006124066 0.0022192965 -0.017355785 -0.0049379705 -0.0053236317 0.013551613 0.010252746 0.016548995 -0.010000724 -0.003385051 0.013730776 -0.00772587 0.023197671 0.010962258 0.014988486 -0.010593586 0.0035371874 -0.01993709 0.023550704 -0.021375306 -0.024169974 0.01916345 0.029545216 0.0154508 -0.012836862 -0.008646943 0.021955652 -0.0020913365 -0.0036863496 0.008072727 0.0067938687 0.01019998 -0.0020275896 -0.0069348863 0.002608638 0.0056712218 -0.001738579 -0.0048904656 -0.038389836 -0.02069493 -0.045521155 0.0028102535 -0.00197469 0.006930892 0.008631177 0.008742972 -0.007377947 -0.044166304 -0.021521794 -0.0013656212 0.0018817591 0.0030741086 0.021862583 0.0030363644 -0.017363977 0.004596538 -0.0098968875 0.009994714 0.011229724 0.008390118 0.005617113 0.00044312864 -0.020028777 0.007389344 0.011484337 0.010264265 -0.019973403 -0.0068702265 -0.026937336 -0.008069154 -0.006540676 -0.0036646854 -0.0069689862 0.034683965 -0.013238445 0.0067268494 0.015346108 0.004238137 -0.017410366 0.004335766 -0.00083373574 -0.0045141117 0.020527817 0.0025009573 -0.021708831 0.00819467 -0.015199872 -0.018628625 -0.014509254 -0.009265345 -0.014088616 0.041532736 0.010504899 -0.0148251215 -0.013247396 0.01183997 -0.021335836 -0.016360033 0.013490312 0.00020250656 0.008625225 -0.009084928 0.0005358326 -0.025558965 -0.010616591 0.008412938 0.013496985 -0.006420299 0.014637031 0.015929796 0.022560185 -0.022451123 -0.014534391 -0.003000338 -0.0028732647 -0.029113756 0.015685938 0.016909897 0.001314262 -0.014689728 0.009697749 0.046345975 -0.01622802 -0.010708884 -0.0042508263 -0.008388105 0.0003059787 -0.018155608 0.009682029 -0.0019082357 0.005931921 -0.00087577454 -0.006365975 0.00053689745 0.015863106 0.003045246 -0.020525886 -0.030893445 0.0007082771 -0.002849 0.023107847 -0.00492332 -0.012069471 0.020712221 -0.0026282498 -0.01678482 0.022782402 0.0066707134 0.007655673 0.0007281588 0.0026794118 0.015264247 0.022882672 -0.0052299206 -0.0010270431 -0.007497551 0.028156472 -0.0020026152 0.0058551007 -0.008521891 0.0044870107 0.042926226 0.0063458523 -0.0034958532 -0.0052536596 0.0034204072 0.024013612 -0.010474204 -0.0060952464 -0.002341231 0.010716237 0.00045184343 0.011437029 -0.015857063 -0.032173343 0.021146452 0.010390484 0.013601529 -0.0012051413 0.0013549298 0.014534661 -0.0011030207 -0.03269737 0.0008770475 -0.015339599 -0.009150052 -0.0018096446 0.011869042 -0.00751926 -0.009945375 0.010490471 0.021762231 -0.019969843 -0.017280882 0.051995758 -0.010391304 -0.017399149 0.007588902 0.004319576 -0.02109616 0.0064602327 0.026568543 0.0072134375 -0.01176671 0.014219138 -0.0044788695 -0.027946627 0.01791025 -0.011308362 0.022149192 -0.00655032 0.007043198 -0.007484395 -0.037240095 0.0002413749 -0.0022614256 0.007243997 -0.0027917007 -0.0073026507 -0.0042282213 0.00021141526 -0.002877527 0.008741518 0.016341895 0.010696367 0.009249311 -0.002638304 0.004419022 -0.0011277226 0.0025500967 -0.0009351686 -0.019882875 -0.004537169 -0.0073746056 0.021212514 0.023153434 0.032497276 -0.00083444297 0.038636647 0.0072013773 0.0018204546 -0.009398499 -0.014890389 -0.006335307 -0.019005295 -0.014855569 -0.025971422 0.0008369678 -0.003989003 0.0031861416 0.0034108285 -0.0019449206 0.0007751676 0.031224128 -0.004810717 -0.00635034 0.005962667 0.005988754 0.008433647 -0.02548211 -0.011426797 0.018853076 -0.0063362606 0.01787281 0.013848686 -0.0058402754 -0.0074660005 0.0041963495 -0.007415844 0.0074029476 -0.020096457 -0.012019251 -0.007981772 -0.00530055 -0.013149519 -0.021881932 0.00019452457 0.0031200913 0.004443792 -0.015169168 0.0053686984 -0.005702954 -0.011522915 -0.009369769
hệ thần kinh ngoại vi	-0.0037380382 0.008201555 0.05293861 -0.0061794156 -0.0052361833 -0.013776578 0.00812098 -0.0042528803 0.00076709734 0.014427492 0.0053583463 -0.0054539936 -0.0060759177 -0.00038142464 -0.0013492064 0.015710652 0.007406125 0.00072401104 -0.025832381 0.008467607 -0.007954776 -0.0046029272 -0.0095536085 -0.008831433 -0.0005724426 0.014281216 0.012448234 -0.022704666 0.012855219 0.00094094203 -0.012255538 0.0049994257 0.0035635876 -0.007668392 0.017296806 0.0011570529 0.001369499 0.013544922 0.022711445 0.011188249 0.006242377 0.00928484 0.022941934 0.00048383747 -0.0020898303 0.0130127035 -0.00065443665 -0.003948376 0.005957334 -0.011370527 0.0077031585 -0.005077734 -0.009451124 0.010330842 -0.011484515 -0.002260504 -0.012071696 -0.004451108 0.0018538323 -0.010423087 -0.00210488 0.00015977035 -0.0066727777 -0.028781537 -0.00954095 0.00010863142 -0.0015893793 -0.008951855 0.051857468 0.0008797577 -0.00038846405 -0.0009228793 0.00061640004 -0.001532904 -0.02010157 0.015519963 -0.014223507 -0.016277961 0.009042941 -0.005831611 -0.008520365 0.006742537 -0.019963425 -0.0007396644 -0.026711294 -0.0017438221 -0.0058579133 0.0054505197 -0.013326727 0.0031429098 0.0031625014 -0.016025897 -0.011870526 0.0005104208 -0.010115965 0.01696533 0.006039155 0.007825318 0.0039221905 0.00010667741 -0.033126052 -0.00039409279 -0.0035024434 0.0043596104 -0.020253235 -0.0048574517 -0.013623043 -0.008928122 0.009662262 0.0007576143 -0.015670845 -0.0024613098 0.012943747 0.010379896 -0.0052600643 -0.0015828916 0.008930689 -0.012792823 0.016631909 -0.007818289 0.026326308 0.016599769 0.019428417 0.0058256597 0.016292183 -0.0044211573 -0.022225525 -0.0037283618 -0.0020306262 0.01054349 0.0115516605 -0.0077353236 -0.0023650017 0.0012901888 -0.007304736 -0.007928483 -0.0054833246 0.050280787 0.0021331715 0.0008436347 -0.014727968 0.010863084 0.011032174 0.0056135487 -0.029483074 0.003424896 -0.007662348 -0.02042143 -0.0003760621 0.01682781 0.01724641 -0.0025164261 -0.01920464 0.0077675567 0.010319828 0.013865311 0.0029645606 0.005615291 -0.009236642 0.0055006067 0.00976861 -0.004588376 0.012521831 -0.016600445 -0.0022353362 -0.009720318 -0.014072964 -0.0032363432 0.014157231 -0.004557942 -0.0044684275 0.0043223877 -0.0031338148 -0.0044547087 0.0061519556 -0.010743749 0.0029287047 0.028101573 0.004410319 0.0070248856 0.0071121557 0.0046850503 -0.013989199 -0.00019369059 0.0034288845 -0.005082028 -0.008909761 -0.010045049 -0.009307496 -0.002022163 -0.05015742 0.009271626 -0.008571274 0.01598439 0.0112964185 0.009645235 -0.0007135421 0.0015157838 0.036612682 0.0054012774 -0.016812505 -0.013261783 -0.005407219 0.0057522 0.00041369305 -0.010236729 0.011326501 0.004485902 -0.005173746 -0.027904784 0.045979295 0.006483934 0.004738443 0.004212459 0.009938247 -0.00059868325 0.0068853553 -0.00020585033 0.0011786211 0.0071286946 0.0021358505 -0.0051180273 0.0012993283 0.0051737637 -0.019602928 -0.001665393 -0.0024034695 0.009874453 0.0018995502 -0.032818228 0.004437299 0.0063671675 -0.005980646 0.0003743997 0.0019230932 -0.0013627943 -0.009162951 -0.0021871882 0.005711844 -0.010356795 0.03246478 0.0015556528 0.00959336 -0.0012121605 -0.005166018 -0.010061821 -0.007596626 -0.007078587 -0.010537367 -0.027679907 0.002416604 -0.0048307725 0.060001932 -0.00795662 0.028931793 -0.004394026 0.011429158 -0.004337162 0.008970015 0.0014681494 -0.009472656 0.0005913388 -0.024412524 0.008481261 -0.01268321 -0.012461973 0.0071252496 -0.008737302 0.0017870745 0.0029479132 -0.0008161716 -0.007414562 -0.0074335667 0.006764545 0.011577235 -0.0002931206 -0.027922932 0.0043274662 0.0050560012 0.008501348 -0.00035124115 -0.0070360107 0.012235261 0.0116852755 0.012839787 -0.010822695 -0.006915244 -0.019797903 -0.005141558 0.008290686 -0.00019562284 -0.00475693 0.0098416945 -0.0016184335 0.025191223 -0.0026026622 0.0056553623 -0.023916643 0.01927022 0.0082457345
bệnh nôn ra máu	-0.00045352257 -0.017936012 0.041314777 -0.015917448 -0.0058973515 -0.022594057 -0.0008881728 0.019155085 -0.0012276276 0.009389246 -0.0011425485 -0.014661782 0.0011539641 0.014112223 -0.0041598626 -0.01256199 -0.007787333 0.0010598511 -0.01203387 -0.013601904 -0.007182787 -0.0048813415 0.0017361518 0.0021369134 0.009180818 0.0031284876 -0.002108214 -0.0125942575 0.009336068 -0.031300265 0.008162526 -0.021273078 -0.00090128224 -0.0018963877 0.014591257 0.0034686811 -0.0069588097 0.0006583422 0.029438274 0.004138496 -0.004952597 -0.008326208 0.060026553 -0.008726519 -0.0026453359 0.009890503 -0.00029784112 -0.006183439 -0.0013262935 -0.014184549 -0.017531786 -0.0018505079 -0.0047475006 0.0027387503 -0.01963587 -0.06258331 -0.025322858 -0.01686465 -0.017579453 -0.015068708 0.013348703 -0.0038501772 0.008092212 -0.056075417 0.012545964 0.0021112706 -0.009815993 -2.8987344e-05 0.011467337 0.0040728548 -0.0034300399 0.002237181 0.014517681 0.018981123 0.0044922563 0.022201594 -0.01362809 -0.0025810038 0.0038875302 0.024043785 -0.01718803 0.010030432 -0.043215733 0.0037983903 -0.024194406 0.008165081 -0.016921643 0.003020859 0.0068206 0.017986832 0.007419131 0.014632061 0.017336098 0.007850111 -0.0040496807 -0.0013180801 0.0028630341 -0.02215545 0.015224848 -0.001906121 -0.03986799 0.0053286324 -0.005165572 0.00073976355 -0.00047342444 -0.0016052823 -0.017826544 -0.017408455 -0.026834764 -0.009301873 -0.019903097 -0.01814555 0.024063546 0.023172472 -0.0071920524 0.0026236114 -0.011775329 -0.016897295 0.015847353 -0.01738034 0.0067071496 0.024702314 0.0079276 -0.0052412795 0.007242685 -0.008319452 0.011834588 -0.013941752 0.0031807167 0.009871728 0.0054002693 -0.007451095 -0.008110706 0.021155726 0.016320799 -0.011057257 -0.01893821 0.044884846 0.017563201 -0.009502392 0.031161102 -0.006225131 -0.014421194 0.002084273 -0.012646391 0.003762116 -7.1995244e-05 -0.021519225 0.0020026239 0.012351934 0.001210294 0.0028011103 -0.014111981 -0.007902675 0.004101856 0.00085506245 0.027035067 0.0004002881 0.00010789759 0.005648633 0.010453001 -0.0060067233 0.0014965867 -0.011586929 -0.0054638316 0.022399742 -6.8851674e-05 -0.007650614 0.017176282 -0.0011737962 0.0061236424 0.025180701 -0.00276625 -0.0070514153 -0.014196636 -0.013604452 0.025063358 0.029839177 0.008984385 0.003411493 0.0025507635 0.028045999 0.0146095455 -0.011747717 0.019608531 -0.002456453 -0.010831926 -0.005176777 0.011018883 -0.025069969 -0.042427614 0.019819964 -0.008623135 -0.0035160137 0.0133771505 0.02460238 -0.00045254768 -0.0080993725 0.0012099502 0.007690753 -0.01660408 -0.026926298 -0.014823788 -0.0028354411 -0.018163111 -0.006725322 0.006031094 0.016985519 -0.001864299 -0.015368413 0.028052332 -0.0062783402 0.0017603431 0.007875572 0.0013972248 -0.024826545 -0.01259841 0.0033245224 -0.001194923 -0.0011687049 0.008707918 0.008214811 -0.015116317 -0.0058989846 0.00285965 -0.009752245 0.009466987 -0.006177881 0.021652533 -0.03281882 0.018052863 -0.003310523 -0.01120474 0.006711594 0.0033376592 0.020997502 -0.013202817 0.005862308 0.025662579 -0.008927079 0.020537088 0.018505558 -0.016844455 -0.00081784796 -0.013522299 -0.004291051 0.0031215458 -0.010323623 0.009139935 -0.018743444 0.02659623 0.018305456 0.04965978 0.005088352 0.032887366 -0.0077315746 0.015480115 0.001685964 -0.005503473 -0.02107374 -0.04269344 0.0051790704 -0.009029151 0.0083826175 -0.014263629 0.0012247161 0.021280255 0.001287086 -0.011097829 0.007725072 -0.015316689 -0.028977247 -0.02290393 -0.0015767033 -0.0039963797 0.0159338 -0.021075012 -0.0030553152 0.002091341 0.018757442 -0.013241434 -0.01917605 0.02459979 -0.012874977 -0.0020251235 -0.006187931 -0.019078908 -0.047364768 -0.002830859 0.0007839978 -0.0060290094 -0.013554503 0.0011588848 0.00087742036 0.0009806993 -0.0074046087 -0.0027573705 -0.028758686 -0.009687121 0.0016598621
Phẫu thuật tổng quát	-0.006763555 -0.001227751 0.007967425 0.009414252 0.0069883987 -0.011951135 0.0147717185 -0.008156385 -0.0041770455 0.020561129 0.0064097843 -0.014592573 -0.00015952479 0.009912204 -0.021973554 0.0070207757 0.011298322 -0.016330007 -0.01577972 0.018117316 0.0070348787 -0.0032758513 0.0014260767 -0.0046574967 0.015870703 0.00035247498 0.01863774 0.00245723 0.02836683 -0.01763225 -0.00986612 -0.0011447382 0.0035642115 -0.019026121 0.009791902 -0.010967882 -0.0057337903 -0.0027850377 0.0014667069 -0.0142007135 0.012118133 -0.0069002765 0.023676103 0.0028677997 0.0022832947 0.0007609303 -0.0080415625 -0.008980653 -0.017526034 0.0033917115 -0.00069023087 0.010784659 0.004255314 0.025261266 -0.01732056 -0.036589306 -0.026676454 0.016055783 0.0015670783 0.0024880848 0.009213712 0.004882244 0.01791048 -0.026406748 -0.012468932 0.003102708 -0.015894998 -0.0077250428 0.024534991 -0.00032629943 0.0017264712 0.00362928 0.01293825 0.0016085923 0.011774019 0.011884432 -0.0053325165 -0.0037388594 -0.0110457335 -0.01304264 -0.014773872 0.0049413424 -0.019480629 -0.015189952 -0.0059686573 0.004095319 -0.01267257 0.02027201 -0.0009634352 0.041058674 0.007057931 -0.010696348 0.005467909 0.013719836 -0.0156462 0.023633875 -0.020162357 0.008715767 -0.0020434351 0.0107536465 -0.0013839486 0.0028102812 0.00013928943 0.019457566 -0.00081313914 -0.03982088 0.0017933042 -0.007149623 -0.0020494307 0.00011219001 0.0016067837 -0.021954123 -0.01446407 -0.0034185215 -0.008777216 -0.019772477 0.0075063608 0.007276387 0.0033634065 -0.008129604 0.02439602 0.0040202676 0.022167388 -0.007979892 0.009616923 0.006536423 0.014586623 -0.03797222 0.002716556 0.008168529 0.008717027 -0.004429453 0.016573496 0.0043874183 -0.0033678263 -0.011590148 0.015321616 0.03534088 -0.005153121 0.01937192 0.005058429 0.0057606855 -0.013386215 0.017643578 0.0043796725 -0.009923172 -0.0034610936 -0.0019662017 0.0037145251 0.017925011 -0.021646956 -0.01603295 -0.012725138 -0.009992864 -0.007350681 0.0036566397 0.0064341268 -0.013748156 -0.016113406 0.007441053 -0.005506441 0.003574607 0.00072628714 -0.017805174 0.01584505 0.011987027 0.012073627 -0.0006942278 -0.015836978 -0.011143085 -0.018031843 0.024731701 0.00059659965 0.0033800337 -0.0018812732 -0.014545005 0.0003468775 0.013158952 0.011223402 0.0019438975 0.001917438 0.028417123 -0.023535851 0.003165617 0.00607164 -0.012534575 -0.00932773 0.0055940244 0.0006861848 0.0041715354 -0.027541097 0.012510368 -0.020885931 0.015524021 -0.005320177 0.010152558 -0.014326986 0.0033465952 0.018889558 0.01670567 -0.007843884 -0.0029606002 -0.015397306 -0.0023494198 0.013106073 -0.012287155 0.003112506 0.0072022844 -0.010926485 -0.0010860972 -0.004683299 0.00038679212 -0.007644059 0.006375667 0.016483847 -0.015539082 0.0013385835 0.014542863 0.008604783 0.014388071 0.006565641 0.021751147 -0.019033195 0.008149262 -0.016327463 -0.010038708 0.010935314 -0.0053304085 0.016076386 -0.0023787469 0.009859069 0.021414902 0.0020905184 0.0046647307 -0.007941178 0.018135931 -0.016682854 0.023768708 0.0067946305 0.013395444 0.0023995447 -0.0011434723 0.0054299626 -0.008639282 0.026075441 0.014428828 -0.00031956617 0.015458905 -0.012531389 -0.028872967 0.020875515 0.022856303 0.020942707 0.008879217 0.022888439 -0.0017112584 0.0005200489 0.03790995 -0.013231503 -0.010755246 -0.013067253 -0.02331634 -0.011892865 -0.0061983634 -0.0062603448 0.009618411 -0.0055835266 0.013389285 0.009069672 0.028893968 0.0011007546 -0.031376787 -0.026460797 0.020788627 -0.00023288652 -0.010612609 -0.018791704 0.04590363 -0.0017308774 0.011398623 -0.021613054 -0.026712509 0.009529758 0.003614761 0.017116794 -0.014476359 -0.018667895 -0.004250506 -0.013196867 -0.0024866445 0.008422057 -0.00056819164 0.016741944 -0.010392886 0.0052348454 -0.0024542734 0.0045177992 -0.0099457055 -0.0016412367 -0.0063206786
kẹo dẻo hương hoa quả	0.0033942892 -0.02790936 0.018793464 0.009898621 0.023959447 -0.008897327 1.886438e-05 0.0013175689 0.0007519534 0.008057459 -0.00022552065 0.0030440781 -0.007066988 0.0034590117 0.0008825995 -0.01900009 -0.0018040696 0.002437066 -0.021621663 0.017993892 0.0012700704 -0.012973354 -0.0010620384 -0.0015499409 0.0025535878 -0.0004796168 0.012873285 -0.009137231 0.012370222 -0.009669318 0.011517405 0.0018094495 -0.018408706 -0.009700149 0.010014051 0.0006662325 0.020004794 0.0047636 0.020557467 0.003282959 0.00233386 -0.0031371305 0.03137969 -0.0073148506 0.005742309 0.012000973 0.0088425595 -0.027272271 -0.00071414874 -0.017079873 -0.005104091 0.0083451765 0.0041076704 -0.009981838 0.0032154308 -0.014072475 -0.030211205 0.0061033485 0.0014880485 0.0006486499 -0.006301032 0.012481718 -0.0021260136 -0.030669516 0.006173338 -0.006729495 0.0038445878 -0.012522277 0.012037824 0.006134345 -0.011691967 -0.0036681609 -0.00277597 0.013138047 0.0066527785 0.0040787943 -0.00061265 -0.00053125806 -0.0021400233 -0.003198685 0.005501285 0.0026363775 0.012281719 -0.010543689 -0.006946799 -0.0023213106 -0.008666238 -0.0015604139 -0.004520579 0.0027588939 0.011829683 0.007611241 -0.013438752 -0.0023839618 0.00031128427 0.01094215 0.008730551 -0.0032955476 0.011142724 -0.007311631 -0.02266859 -0.005840711 0.0024657762 -0.0092662005 -0.00514722 -0.009957275 -0.009262918 -0.009534527 -0.0148928445 0.019793168 -0.018144388 0.009294936 -0.017031077 -0.011401854 -0.019576494 -0.0002546884 0.0018105734 0.009120767 -0.004864561 -0.026546383 0.011977005 -0.0034231842 0.024900861 0.011836124 0.013595678 0.012099047 0.0071863453 -0.02879633 0.013158794 -0.0016598791 -0.0038845923 -0.0066658566 0.005887065 0.020574238 0.013486248 -0.012870379 0.0048612757 0.033689342 0.0015233096 -0.005229686 -0.009887585 0.0016147709 0.010137903 -0.011152353 -0.020751337 -0.018891595 -0.01214552 -0.03266685 -0.011484641 -0.0046334597 0.0010381744 -0.0019208462 -0.019388044 -0.00435873 -0.012180012 -0.0041200416 0.008200799 -0.007968244 -0.0036242157 0.001821889 0.011445486 -0.0026481778 0.0020381156 -0.024956606 0.00630397 0.024947084 -0.0053846086 -0.008460646 0.020193709 -0.0002788258 0.009992877 0.01143123 0.0034525348 0.0010786951 -0.0059309863 0.0070908563 -0.012268937 -0.012836066 -0.015836352 0.004786802 0.010072671 0.0008331298 0.01631124 -0.003929753 -0.00019880707 -0.008866514 -0.005137179 -0.0008905228 -0.0031413406 0.008439642 -0.028392727 0.029646594 -0.014066957 0.0019949023 0.004787216 0.011311081 0.018284038 0.020321846 0.009260633 -0.0058388724 -0.009051842 0.00015111233 0.009267923 0.0126161985 -0.004444493 -0.007922527 -0.0028659266 0.011448159 0.00016369435 -0.001379805 0.018912312 -0.011591058 0.012204645 0.00954964 -0.01753684 -0.0025137172 -0.0058849268 0.0061290413 0.0133363195 0.012973104 0.01118359 0.018007712 -0.0073500285 0.010481844 -0.0029690035 0.0076570967 -0.011761443 -0.009211802 0.035546534 -0.022300733 0.0028260017 0.0072916686 0.009502518 0.0024354924 0.0030789273 -0.011740164 -0.008645668 -0.01051238 0.024949752 -0.0040619234 0.005487472 -0.0040432685 -0.0019159692 -0.003221304 0.004795015 0.005571012 -0.002448529 -0.015629755 0.0067114625 -0.02497003 -0.006553604 -0.015475124 0.056378786 0.011704153 0.025698114 0.000444529 0.010480262 -0.0056855967 -0.00596322 0.011875968 -0.013479464 -0.00063181 -0.028945772 0.016821219 -0.016630445 0.00038800426 -0.008139956 -0.018856172 0.0032143064 -0.007876183 -0.015897779 0.005743727 -0.0071511087 0.020716237 0.014412438 -0.014012153 -0.017991414 0.017646797 -0.02305542 0.014370079 -0.016766967 -0.0028896984 0.010681958 -0.008021011 -0.010289548 -0.0023681396 -0.0020968125 -0.0024840464 0.0051274276 0.016120102 0.004358735 0.005926998 0.0044826097 0.006134824 0.01055256 0.0058379597 -0.00572836 0.01196286 -0.01654675 0.00909262
Nhiễm khuẩn huyết	0.0057975394 0.0018847595 0.009986406 -0.020841796 0.010274742 -0.031201243 0.0004125118 0.020431748 -0.0051295697 0.026391907 -0.022909848 -0.03391915 -0.010099331 0.00710888 -0.022312881 0.027673054 -0.012239222 -0.005236732 -0.0019666029 -0.0032552753 0.014816747 -0.010504172 0.006876096 0.003494284 -0.00574117 0.0011890965 0.034290377 0.00089967996 0.013564962 0.0023129333 0.022914208 -0.0068860506 -0.012426066 -0.0042911223 0.031715497 0.007451046 -0.0019245868 0.0050751613 -0.0001808251 0.0055445274 -0.0025289461 -0.0013492721 0.030913154 0.0037340024 0.016245296 -0.001555678 0.00036394942 -0.016794851 0.0022427177 -0.043022666 0.009845657 0.0062574507 -0.013389483 -0.012573173 -0.014583493 -0.03720324 -0.025906974 0.0016818818 0.0007802056 -0.0014382412 -0.015074832 0.018112373 0.023723667 -0.013806659 -0.0036345941 -0.0043796026 -0.01931754 -0.0164829 0.034573555 0.006442907 -0.0101553 0.0077094412 0.029912667 0.007519421 -0.00071666617 0.040570695 -0.028927276 -0.030263606 0.0019497352 -0.020853795 0.009678227 0.022635138 -0.024271313 0.026879245 0.010454625 0.015509065 -0.01992931 0.006867113 0.009067534 -8.367176e-05 0.005200157 0.0062118964 0.010051469 0.017187992 -0.02120686 0.033094145 -0.017799806 -0.00083714374 0.0023193297 -0.005736322 -0.018426776 -0.00156692 0.00078193384 -0.010291454 -0.010263369 -0.04634607 -0.035740755 0.028225027 -0.02814676 0.0051032584 -0.022257725 0.0040786746 -0.0018294714 -0.0011518407 -0.005891544 -0.010619897 0.019322807 0.008275535 0.008665834 -0.004699766 0.027220374 -0.020050233 0.0083691245 0.012926833 0.039510064 -0.006355548 0.005925184 -0.004979586 -0.003912551 0.012449404 -0.009413084 0.01784099 -0.004039756 0.010623886 0.008340156 -0.022873556 0.0008146616 0.019090252 0.00096230267 0.011882991 0.0030466756 0.0028729385 0.0064715235 0.0054955278 -0.00571374 0.01605402 -0.010676889 -0.02216245 -0.017031318 -0.009269792 -0.0010783677 -0.030381141 -0.029923344 -0.021908196 0.012006418 -0.003963839 0.007593013 0.0037504772 0.0026344857 0.008161815 -0.006361146 0.0077504143 0.03534245 0.00028924047 0.0030868177 0.0011145964 -0.0046435585 -0.009680565 0.013719867 -0.0041867187 0.008004537 0.018243654 -0.0056640515 -0.0029697965 0.014060029 -0.004919531 -0.0035341212 -0.009937455 0.015252991 0.014097319 -0.0117385965 0.013580476 0.03221484 -0.016976912 0.014230451 -0.011886521 -0.004353506 0.017181722 -0.00096944737 -0.005355956 -0.0017322247 0.02268606 -0.0014283593 0.022798857 0.0020091955 0.004671912 0.013511 -0.01971951 0.0100281 0.015510141 -0.021259395 -0.014047669 -0.012100431 -0.0055090394 -0.0012362634 0.017790075 -0.0044230027 0.002415686 -0.03475632 -0.009423354 0.00052293786 -0.008795754 0.0082207965 0.007914219 -0.0028226317 -0.025458928 0.020102905 0.007150189 0.011972955 0.001534528 -0.015393616 0.012074564 -0.018537544 0.026464837 0.0126963705 -0.00413212 0.016794551 -0.0025070556 0.009327724 -0.030079965 -0.014616018 0.011136944 -0.0025434142 0.013289039 0.012911573 0.0017298545 -0.0050375997 0.023026995 0.005559906 -0.008152487 0.0045110444 -0.0052935537 -0.012579471 -0.023359131 -0.007176322 0.009142713 -0.0064618806 -0.008512287 -0.010686588 -0.0010707936 0.0072843875 0.010034821 0.020214943 0.012359988 0.027976982 0.0017249897 -0.013718218 0.025251072 -0.006011161 0.0027343784 -0.029846208 -0.020236844 -0.023134155 0.013557457 -0.0018260083 0.018194143 0.010751454 0.023131121 0.01862942 0.026749628 -0.015853908 -0.0086164195 -0.016297953 0.011418207 -0.0073822853 -0.014821793 -0.01766389 0.054807317 0.0056500826 0.018266542 -0.006926283 -0.008684812 0.01513224 -0.004522105 0.025083225 0.003494282 -0.02532101 -0.038633086 7.584821e-05 -0.017611017 -0.011146254 0.0022599513 -0.007416207 0.01345635 0.02102187 0.0010583404 0.017145542 -0.031312227 0.0100835115 -0.008968314
bệnh thiếu máu hồng cầu	0.006896638 -0.009098623 0.048665993 -0.010732218 0.0059297374 -0.0074417703 0.0023023526 0.0057599084 0.011991071 0.020073643 -0.016020471 -0.011684212 0.00087931077 0.019987335 -0.02423067 -0.0045840875 0.009773759 -0.0030710583 -0.016894193 0.012412006 0.0028122987 0.00017499781 -0.012109605 -0.0024305303 0.0094436165 -0.0052998927 -0.008925225 0.006033899 0.010851385 -0.008995295 0.012951672 -0.013665181 -0.016976949 -0.018634781 0.021824704 -0.016554104 -0.022065226 0.026494926 0.012518531 0.003557632 0.0069528157 -0.0043225666 0.027010787 -0.005505892 0.0026618906 -0.0057841786 -0.0058808783 -0.0014204601 0.015297644 -0.013836287 -0.0045525394 0.0046473346 -0.00921209 -0.010981555 -0.01466527 -0.008356105 -0.019430522 -0.02533575 -0.0015712593 0.007578851 -0.004570071 -0.00025633074 0.028636655 -0.018254902 0.008495215 0.0027474237 0.0027997717 0.0038530421 0.041748602 0.0065530823 -0.0031143671 0.013153499 0.022112934 -0.01379465 0.004034576 0.012133679 -0.013904177 -0.0037992483 0.0077383327 0.00522691 -0.014039031 0.006773693 -0.020123754 -0.0049045407 -0.006821559 0.014440713 -0.021004427 -0.0075368504 0.02948069 -0.0024221498 -0.0049723154 -0.01562508 -0.00027271252 0.010589959 -0.017216645 0.0029420631 0.002799374 -0.011000151 0.008190577 -0.0058347313 -0.026714291 0.008948527 -0.0110928845 -0.029696945 -0.009190007 -0.007838152 -0.019143926 -0.024359485 -0.0029656377 0.0102492375 -0.03910067 -0.011843165 0.012712755 -0.01797528 -0.01598923 -0.010348472 0.0073681544 -0.0068090614 0.013051298 0.006470422 0.032690313 0.021331964 0.021101817 0.0066525014 0.019931845 0.014300081 -0.0058624507 -0.007000805 -0.0075163785 0.025327519 -0.013235518 -0.011348303 -0.00944572 -0.010806859 -0.0031898678 -0.016839167 -0.009242197 0.027327547 0.004789758 0.019595688 0.010543878 -0.009415669 0.009232499 -0.0024409953 -0.011806528 -0.0020362067 -0.024406081 -0.027235849 -0.0065653212 0.008200648 0.00062343304 -0.002908777 -0.022925692 -0.0075645377 0.0145633845 -0.0013396853 0.014455046 0.004996619 -0.0019693004 -0.0060809795 -0.007720714 0.00088813406 0.022956584 -0.0074387384 -0.006500561 -0.0094909845 0.0072620027 -0.014993615 0.01879712 0.0040797433 0.0039245742 0.01626956 -0.013989891 0.0023832694 -0.0027715561 -0.013043521 -0.013867982 0.030475894 -0.005009604 0.005389626 -0.0038396716 0.019218381 -0.0048774304 -0.00024285549 0.012746821 -0.0047581885 -0.0025802318 0.0069337515 -0.016356843 -0.01335725 -0.012934725 0.0043728715 0.0017127028 -0.004713113 0.009209909 0.0066066263 -0.0067337127 0.009503021 0.008490126 -0.0072555137 -0.018634677 -0.0023299765 -0.019134816 -0.009970897 -0.007845402 -0.0093650725 0.021513762 0.025515871 -0.0046919114 -0.019986996 0.060307957 -0.006215532 -0.008247149 0.0026423824 -0.008916207 -0.018455463 0.014590005 -0.01357398 0.006247404 -0.0060091503 -0.0024796645 0.008437173 -0.021958262 -0.0056931023 0.0022497883 0.015876431 0.0022247273 -0.017595395 -0.00051559723 -0.0184061 0.0030258317 0.0141915865 0.0035376658 0.015368859 0.0006335241 0.024330838 -0.018029448 -0.0010348605 0.011650344 -0.016516533 0.021331027 0.014695528 -0.0044911993 -0.015019531 0.0019130742 -0.019616226 -0.020161955 -0.028676368 0.013638963 -0.01679588 0.00084923813 0.008760233 0.019043984 0.0422874 0.014847736 -0.009366457 0.010235082 -0.022457948 -0.003753474 3.3231896e-05 -0.00766995 -0.00850352 -0.04942311 0.006916218 -0.013720484 0.007273657 -0.010797231 0.011568053 -0.011075996 0.014519862 -0.005639683 -0.015483388 -0.021285286 0.006459435 0.017733991 -0.00097634114 -0.027568644 0.033591945 -0.004849633 0.01596478 -0.01182202 -0.0057928036 0.031365104 0.0037906272 0.007240932 -0.024134735 -0.038930524 0.024302386 -0.0030543602 -0.0026000026 0.0053029885 -0.0032978044 -0.0002455863 -1.5140999e-05 0.013666028 -0.00046502452 -0.0036425327 -0.018313257 0.026890036 -0.008755166
Tai biến mạch máu não	-0.014256504 -0.0126183545 0.008164628 -0.022871466 -0.0008692704 -0.006908357 0.02403377 0.023831332 0.0069127656 0.01883038 -0.009268324 -0.019557836 -0.0077387965 0.011273038 -0.03610286 -0.0006763802 -0.0058461837 0.0011571208 -0.00944345 -0.008333426 -0.0067456183 0.0017571234 -0.01114009 0.008281703 -0.0068169096 -0.0009820001 0.023758594 -0.013588096 0.021230904 -0.013757654 0.019042047 -0.016903251 0.0013328968 -0.0119236065 0.009779322 -0.013326712 -0.031657204 0.0012636867 0.020018993 -0.019204143 0.002746973 -0.0011355695 0.028395478 0.021109732 -0.0010204437 -0.0048011276 -0.019332038 -0.01018412 0.010830809 -0.013911188 0.005784543 0.016803179 -0.0016953353 -0.012296532 -0.0033224723 -0.03893347 -0.03168516 0.008139648 0.0007781322 0.0059883897 0.005180783 0.017623592 0.0014527864 -0.04314551 -0.0017630741 -0.011455186 0.019570542 -0.016425531 0.06024034 -0.021856576 0.006186557 0.017099194 0.03723234 0.023100456 -0.02252964 -0.017575633 -0.023437843 -0.00908227 -0.0050984863 -0.013189758 -0.035078958 -0.010973577 -0.019673051 -0.0066599366 -0.011432472 0.014598437 -0.018438848 0.01219593 0.014476515 0.030283282 0.00083236257 0.0012090966 -0.012666693 0.020551259 -0.011736542 0.0052071624 -0.001985548 0.001228409 -0.0065058446 -0.010815185 -0.03658295 -0.0058439425 -0.0056564515 0.008548133 -0.026464421 -0.065968215 -0.029376613 0.0075719245 -0.02354821 0.002618935 0.00015538461 -0.02263493 -0.002711053 -0.012404047 -0.0133067295 -0.013889195 -0.0135333305 -0.012635362 0.0070392354 -0.015365608 0.029614007 0.02228585 0.03312838 0.0037678115 0.032097902 0.00077364064 -0.007801754 -0.004145787 -0.0065534697 0.01344059 0.0043603047 -0.010300668 -0.009208247 0.011732702 0.0016559488 -0.0026444218 -0.032357585 0.027140943 -0.020806199 -0.0002607605 0.011384997 -0.016501255 0.021531649 -0.0126854405 -0.0039335224 0.02152182 -0.013206986 -0.021144286 0.00075857574 0.009664808 0.00116914 -0.0018263749 -0.022832101 -0.0108923875 -0.008794356 0.024250792 0.0018229112 -0.016982485 -0.009221378 0.016041463 0.021327725 0.017923094 0.013685174 -0.0064792763 -0.0038986825 0.0047910926 -0.0121604325 -0.0070614927 0.0055490993 0.0068987687 -0.016230099 0.0065013412 -0.011523918 -0.016555868 -0.0016866605 -0.005100988 -0.008615486 -0.022377681 0.001343126 0.014227065 0.010028869 0.012041566 0.009880049 -0.00049785135 0.020190524 0.011246179 0.004217773 0.02093423 0.0061803977 -0.0024074703 -0.01860194 0.008067462 -0.005430311 0.012875107 -0.014749761 0.025375789 0.015635429 -0.008103413 0.025979193 0.02176692 -0.0032827274 -0.004193087 -0.012215936 -0.006524423 0.0021774478 -0.026264837 0.00067968783 -0.0006442328 0.0032167612 -0.015162491 0.03047855 -0.00027359332 0.014557453 -0.007966478 0.0056937295 -0.005465014 -0.012029036 0.002589106 -0.0099823065 -0.007644386 0.010957266 0.016400253 -0.004841668 0.014707142 0.0040328884 -0.0031866976 0.009271841 0.009326776 0.013237884 -0.056646198 0.0003066312 0.011836096 -0.0046251565 0.00696838 0.026890002 0.014971328 -0.015885169 0.020780664 0.0074888626 -0.0036156299 0.015077428 0.024041561 -0.0025484024 -0.010456109 -0.002969129 -0.0059088035 0.008397532 -0.005244613 -0.0006834767 -0.008992619 -0.006441494 -0.018381141 0.049150165 0.020129621 0.038583647 -0.007424561 0.010620428 -0.009068734 -0.011019415 -0.004501494 -0.029565698 0.011992288 -0.028871953 0.0015117085 -0.025638977 0.01134519 -0.010886494 0.011946619 0.0026800006 -0.0023981575 0.0046648583 -0.016987517 -0.021123737 -0.0021281375 -0.006449837 -0.005780511 -0.03445356 0.01833731 -0.014409117 0.038608663 -0.009515934 0.0075114896 -0.000119130076 0.01462802 0.013948806 -0.0028857745 -0.0077854902 0.0027398875 -0.015581211 -0.0031469737 -0.0097602615 -0.0031089198 0.005003518 -0.010710482 0.04231843 0.0044364315 0.016875459 0.0037622915 0.010739026 0.008317046
thần kinh sống	-0.013292499 0.0070815743 0.039840553 -0.004346916 -0.012240591 -0.0072875153 0.016616484 0.0024466466 0.005785233 0.026993535 -0.00095490296 0.0015663175 0.015601228 -0.00020738643 -0.0017705783 0.024816973 0.009067954 -0.0062862462 -0.032333348 0.0020380348 -0.0045183897 -0.01356031 -0.009194374 -0.0032824848 -0.014465998 0.004390445 0.03396861 -0.031190567 0.019347457 -0.00863929 0.0015666969 0.013494312 0.009792244 -0.029844077 0.013786644 -0.0001645349 -0.014758855 0.050490897 0.030056909 0.02476874 -0.009766243 0.022644034 0.027522488 -0.0047279205 0.0010911226 0.019875223 0.009866671 -0.0023787934 -0.0052408907 -0.011042143 0.017765284 -0.0046016797 -0.019732388 0.00490977 -0.0148007 -0.022446448 -0.0160931 -0.00021628632 0.00038236708 -0.013746537 -0.0050518624 0.016567267 0.0029771046 -0.017879693 -0.004342984 -0.0043395306 0.003678983 0.0026984394 0.06638772 0.0052589215 0.015941994 -0.0044370745 0.0053976155 0.024385223 -0.009564151 0.010945384 -0.021785075 -0.01794421 0.008360071 0.00789436 -0.01027367 0.010098862 -0.031984854 -0.004698472 -0.013601411 0.00097030523 -0.014852787 -0.0019792132 0.0019966636 0.010052443 0.0011672064 -0.01937723 -0.004671211 0.0024064817 0.007060047 0.015552304 0.008678799 0.00032644905 0.011949246 -0.010975771 -0.056895003 -0.007935762 -0.013856168 -0.024977744 -0.012709792 -0.023308717 -0.013684191 0.008214812 0.004790958 -0.001723247 -0.054866295 0.0028147667 0.00090910046 0.0025641602 -0.016049618 -0.008845604 0.015828632 -0.01456526 0.0022683293 -0.0045319707 0.025911123 0.009744451 0.021554938 0.0039100708 0.0013527075 0.0036535177 -0.02024478 -0.025276393 0.012615402 0.018515704 0.011125808 -0.015093531 0.0037541224 -0.0056374385 0.0015988679 -0.0043360176 0.0048001204 0.037939973 -0.009495205 0.001455218 -0.015707456 0.00012566421 0.014801669 0.00058146304 -0.029377868 0.002913765 -0.00514345 -0.03859282 -0.0040561114 0.020714033 0.0036036614 0.0063646734 -0.015426462 0.003441483 0.0062016197 0.002032763 -0.01378185 0.012917757 0.0089144 0.0011602696 0.011949156 0.0078267185 0.0019511575 -0.010894183 -0.009192686 -0.01301897 -0.0011396594 -0.009701279 0.027879516 -0.009364229 -0.021390542 -0.0005922926 -0.0019661945 0.008298888 -0.0044499524 -0.007694092 -0.004072135 0.0129547315 0.011430013 0.0025833666 0.014163002 0.017640473 0.021135077 0.013673608 0.010632795 -0.0139186615 -0.01693122 -0.0072911545 -0.014016982 -2.6815416e-05 -0.027834194 0.0066064545 -0.010793076 0.0029313362 0.003629606 0.015495454 0.0005484273 0.013291374 0.027972026 0.013641792 -0.0149305165 -0.0030892808 -0.013181596 0.016009888 0.005368715 -0.010521148 0.017768651 0.008187488 0.014787085 -0.032680985 0.057563692 -0.011475738 -0.0092338575 -0.0023966879 0.0073425486 -0.006877847 0.0011758009 -0.0012664521 -0.009946409 -0.0079726465 0.016517086 0.011072277 -0.007998827 0.012144345 -0.0024905575 -0.011877105 -0.014859627 0.010400972 0.013967107 -0.042596605 -0.0074260184 -0.00922603 0.004209655 -0.00053365156 0.010593832 0.0046538226 -0.0047906227 -0.011091858 -0.005702724 -0.0122956885 0.040922794 0.018503694 0.005959978 -0.009061107 0.0033962678 0.0087826 0.004569482 0.0017412053 0.005807318 -0.027236996 -0.0019053798 -0.014707014 0.010366028 0.0021715683 0.0720426 -0.00092239183 0.005361076 0.006554382 0.0016612243 0.015625188 -0.010486193 0.00082906213 -0.017687162 0.007104308 -0.008799912 -0.017582713 0.007873345 -0.0075020385 -0.006778838 -0.0056159752 -0.012668255 -0.016184717 -0.016054044 0.016823336 0.014827604 -0.008294139 -0.03470781 0.0008943081 0.022226995 0.01174333 -0.031896863 -0.011127275 0.018179366 0.004870678 0.008116458 -0.011033482 -0.007976141 -0.015874239 -0.0004002334 0.027396485 0.011471332 -0.027841136 0.0067520705 0.0055251233 0.023643568 0.015310672 -0.0005586247 -0.026280398 -0.006799443 -0.008944989
hóa trị liệu	-0.011885747 -0.007476506 0.027317768 -0.0041115684 -0.0020211942 -0.005226058 0.0003332831 0.003945771 -0.0032788366 0.013706173 0.0032859282 -0.015206742 0.007150033 0.006458801 -0.0077158436 0.028112605 0.01779111 -0.009271409 -0.006284973 0.011436333 -0.00562803 -0.011686075 0.006573937 -0.0014316641 -0.016159436 0.004718748 0.012952924 0.00058437587 -0.015353376 -0.0005599782 -0.0051739654 0.0077970126 -0.0042284383 -0.008582113 0.018283285 -0.017703218 -0.0011140093 0.01448378 0.035668883 0.011172032 0.0007792512 -0.003085339 0.00430272 -0.005159083 -0.0016762253 0.00260889 0.005533937 0.013725865 -0.0009444643 -0.018717404 -0.0037075742 -0.0001218453 0.0016691282 0.012174787 -0.028381854 -0.034964103 0.00279717 0.0011938721 -0.021074962 0.014870855 0.0015925631 0.012013818 0.017424373 -0.013873404 -0.0045356685 0.0019717284 -0.012391898 -0.0035489588 0.016881056 -0.0027752644 0.011168493 0.0001905784 0.003372866 0.01293152 0.003537579 0.037863612 -0.0058351504 -0.018147351 0.0025319874 -0.0073478804 -0.01307418 0.018085137 -0.019962784 0.0037487622 -0.015735105 -0.0032368165 -0.006449758 -0.001805655 0.0007133588 0.007984363 0.011914974 0.011540049 0.019841459 0.008549208 -0.025723124 -0.014910865 -0.018414523 -0.009023759 -0.005034417 -0.018085048 -0.023820719 0.0031076553 0.0074081896 -0.0072805434 -0.004349484 0.013327437 -0.026092023 0.03399601 -0.0020808405 -0.0014950465 -0.020338094 0.005760352 -0.006137444 -0.009574644 0.001596398 0.0034199492 0.009837823 0.0026586014 0.006241492 -0.024963964 0.012547381 -0.006315358 0.0142093 0.010271362 0.0073438 0.01221859 -0.00090957026 -0.023492081 0.006611443 -0.007331401 0.015495328 -0.0075647286 0.023611864 -0.00086952373 0.012821709 -0.0047898674 -0.00073490664 0.040614694 -0.015596713 0.0046915086 0.0020693056 -0.01520775 0.014823263 -0.01105083 0.019394886 -0.013513641 -0.008118889 0.0077959546 -0.00057004613 0.0053204014 0.008331055 0.012664999 -0.019416148 0.0011586134 0.004580443 0.016558817 0.00059777347 -0.017243674 -0.004374648 0.017808419 -0.017028064 0.008740921 -0.018452186 0.000706476 -0.0034263325 -0.00041023717 -0.01338548 -0.021514066 0.00550486 -0.004716271 0.01587302 0.028728832 0.020229539 -0.0023965822 0.003617334 -0.006715433 -0.024619345 0.014672175 -0.0069216713 0.016195659 0.014495289 0.0116801765 0.037727274 0.00043909848 0.014337545 0.012177169 0.024534432 -0.01105628 -0.0071916133 0.0020575419 -0.012721424 0.010368439 -0.0063708 0.0015794706 0.004394032 0.024064716 -0.008919743 -0.012989757 -0.003806691 0.011179822 -0.009170291 0.013517549 0.0046738773 -0.020411247 -0.008463479 0.008898827 0.0033115246 0.022882933 0.0011621236 -0.0034274473 0.00987567 -0.0073174327 -0.004696709 0.009533858 0.003104794 -0.004735674 -0.00033412912 0.025461525 0.0033440844 -0.020922728 0.002382173 -0.004283724 -0.017935533 -0.0125493705 0.009519368 -0.0033215515 -0.0047678263 -0.0053547784 0.00013484061 -0.02970075 0.008231366 0.0027225702 0.006494804 -0.017060466 -0.007658027 0.0070410906 0.0020156805 0.0027179779 -0.0009987429 -0.0010670893 0.01561254 0.004514898 -0.016855132 0.004723739 0.0041844994 -0.01232579 -0.011096387 -0.0019933418 0.017764308 -0.018140793 0.004741168 -0.0016293905 0.011882557 0.023098566 0.026875013 0.000763784 -0.011381399 0.026285063 -0.005279956 0.0017225072 -0.021532077 0.01100936 -0.024277776 -0.00079376297 0.006747242 0.0027194633 -0.013070906 -0.01120837 -0.013302261 0.01211729 -0.01344288 -0.014550616 0.0011348724 0.0026887977 0.011247174 0.040968888 -0.0012122651 0.0015869985 -0.005167434 0.005812158 -0.016674463 0.017865628 0.008836337 0.008400351 -0.006947777 -0.024057928 -0.024156865 0.028643543 -0.014420289 -0.0017734461 0.013174251 -0.017618526 0.010000211 0.013356467 0.008703749 0.0006643906 -0.013144436 0.028629273 -0.010459812 -0.008320929
Miễn dịch tự nhiên	0.007498022 -0.010087807 0.020903734 -0.0009199146 -0.018556569 0.011171245 -0.0012089841 -0.0011439766 0.020925216 0.0338503 0.01681685 -0.01696241 0.0049248207 -0.004658564 -0.0002599503 0.018894479 -0.005108026 0.007854341 -0.01006369 0.0025426024 3.4864992e-05 -0.013165492 -0.0017961289 0.0018260699 -0.0079498645 -0.0058301836 -0.011754822 0.012287378 0.011365471 -0.0033893022 0.017553689 -0.015674029 0.011878731 0.0013004749 0.020936191 0.014237909 -0.011221417 0.038889572 0.015230531 0.012187313 3.093022e-05 0.0042681023 0.04079409 0.0051227836 0.002901119 -0.0037780215 -0.0026716897 -0.01611581 0.012613154 -0.03083387 -0.012371907 -0.011404891 -0.013434546 -0.003591966 -0.01712501 0.0015036687 -0.03190717 -0.0028818166 -0.0057650656 0.001986153 -0.003672807 0.0035257142 -0.0019460565 -0.004247169 0.009864826 -0.029264346 0.015716968 -0.016721837 0.021110337 0.028585631 -0.0021413139 -0.00239211 0.020601653 0.021447243 -0.0063320016 -0.0029379916 -0.020672118 -0.009536081 0.009554018 -0.008822825 -0.032481603 0.009723252 -0.0316596 0.020123499 -0.027835373 0.01761485 -0.024484258 0.008768564 0.0057258983 0.017888498 -0.009604291 -0.01414927 -0.009162726 0.015178078 -0.02528312 0.0016866671 -0.015229192 -0.012777883 0.0008368022 -0.005160426 -0.01403954 -0.0017332868 -0.0034964108 -0.014964825 -0.012036943 -0.07286323 -0.0144572295 -0.0027185474 -0.014331902 0.014381681 -0.021132274 -0.006441631 0.007944037 -0.009504337 0.006153429 -0.006533089 0.024456639 0.0004771484 0.0063047702 0.012621931 0.045003705 -0.006470562 0.021646498 0.0061143367 0.023082726 -0.0074352943 -0.012573849 -0.0049758423 0.010750886 0.01152495 0.0022074848 -0.0038053165 -0.0015495992 -0.0036328784 0.0033661649 0.0024917112 0.00025398657 0.040988162 -0.018921869 -0.0006602509 0.017434645 -0.003737826 -0.006929337 -0.0028790159 -0.009021327 -0.007332198 -0.013467727 -0.013072502 -0.016444422 0.0053991387 0.01390661 0.0023108663 -0.033367038 -0.01480867 -0.005029812 0.0061116437 0.0055726646 -0.008769214 0.0015038629 0.005412165 0.0037594747 0.011003863 0.019769657 -0.003787544 -0.018292189 0.0006576814 -0.019440755 -0.014248632 0.00451787 -0.0006390666 0.01041909 0.00011379272 -0.000168344 -0.027066302 0.014103012 -0.008610798 -0.008041272 0.040741812 0.0010091085 0.008441113 0.014168106 0.021809213 0.016132759 0.0062334 0.020404335 -0.0048554353 0.001211233 -0.0003577856 0.0032946626 0.008124918 -0.015835404 0.008140514 0.0031554005 0.011301978 0.006095688 -0.014260127 0.028915862 0.0052233515 0.02011504 -0.0024046819 -0.017116379 0.012714437 -0.009181513 -0.0022622216 0.0015884798 0.0155638205 0.0027154533 0.015157221 -0.00652898 -0.04916611 0.043722074 -0.0030790642 -0.0012934916 -0.0037312885 0.038407248 -0.035173792 0.0025234732 -0.0032278826 -0.016457606 -0.029254505 0.00115623 0.005532928 -0.0070149223 0.01457196 -0.0023263881 0.014713442 0.0059104036 -0.014222699 0.007043951 -0.065438464 0.015622745 -0.013200253 -0.0033733905 0.0051339595 0.012381051 0.011291899 -0.019656004 0.007680178 0.01149501 -0.006787941 0.0065530753 0.0006798364 -0.020720312 0.008220593 0.010394216 -0.0015394094 0.019701798 -0.00616493 0.015128286 -0.010331957 -0.0029224358 0.0007770816 0.048216324 0.022577023 0.023783173 -0.011864353 -0.011795095 0.012360948 -0.0016320768 0.013141291 -0.042384986 -0.017475123 -0.043504268 0.003813994 -0.0077419956 -0.008002876 0.004132716 0.0024576471 -0.008761271 0.0037746984 0.00023258175 -0.021087231 -0.031630147 0.005912454 0.006167995 0.006600306 -0.018848153 0.029238965 0.011234909 0.033739183 -0.010135762 0.007045893 0.040390708 0.0020806435 0.0011230757 0.001558621 -0.039357267 -0.02523039 -0.011999035 0.02456247 -0.0013961942 -0.008218683 0.011343366 -0.007416443 0.0129095 0.011312194 0.009099135 -0.041310728 0.012849582 0.0059947777
Một máy đo huyết áp	-0.003477764 -0.026547385 0.025419528 -0.0138303535 -0.01037902 0.0069101783 0.010446173 0.032135684 0.0037676 0.026540648 0.011532168 -0.012002272 0.021146527 0.00497135 -0.0052930284 0.011175848 0.012920433 0.001802313 -0.018557413 0.019413667 0.016386798 -0.0100528775 -0.0062633352 0.025737487 0.010353473 -0.026742607 0.023594344 -0.0026400024 0.03406021 0.0045044613 0.018108536 -0.0041857185 0.0043234406 -0.014181083 0.02068217 0.0011769608 -0.029471615 0.008755529 0.005994691 -0.005478235 0.0024768708 -0.011541389 0.030207714 -0.0011916407 0.016494216 0.0010111341 -0.00060989335 -0.013071144 -0.005422003 -0.023170952 -0.005143655 -0.0017892356 -0.011808381 0.00066292385 -0.0196456 -0.0283897 -0.0025776029 -0.013148467 -0.013644378 0.0023082392 0.0021104733 -0.004343088 0.0075354306 -0.035768896 -0.0053679496 -0.001948386 -0.009670258 -0.0250804 0.043464497 -0.004072394 -0.011463531 0.012713619 0.018343631 0.03232918 0.008765515 0.027046332 -0.035624694 -0.01948594 0.008597041 0.0038456102 -0.015509337 -0.0051132487 -0.02982109 -0.0063618748 -0.023671461 0.0007125034 -0.045092054 -0.0034785676 0.009634225 0.018042495 0.005479374 -0.0068081557 -0.00769223 0.009949316 -0.022969384 0.020662535 -0.014047722 -0.004029086 0.01793383 0.009135172 -0.008702274 -0.0024877782 0.020742152 -0.0129119195 0.013788189 -0.04002363 -0.019958427 -0.020329954 -0.012377539 -0.012307083 -0.031668812 0.006231035 0.0083869 -0.011447174 -0.005045373 0.010270641 -0.0005739531 0.01035247 -0.002000498 -0.007272711 0.021643631 0.003624299 0.018776067 -0.0018534318 0.020771578 0.014209135 -0.011735239 -0.0018254074 -1.5154481e-05 -0.0066898055 -0.008674286 0.0065881936 5.2642185e-06 0.0023247458 0.0044963914 -0.024670452 -0.0027190319 0.024937654 -0.0063619944 0.007699011 -0.0044297003 -0.010838568 -0.01761634 0.004618862 -0.0043634614 0.021472566 -0.011623232 -0.052895464 -0.0036787263 0.0076292795 -0.008098972 -0.0047579827 -0.033097178 0.013053609 -0.0017329928 0.009928078 0.00421518 0.013845637 -0.016593207 0.008807357 0.012744958 0.013817985 0.025133708 -0.01180227 -0.0037489955 0.006706495 -0.008354572 -0.0040709367 0.012484698 -0.015534869 -0.008605735 0.01826708 -0.013148823 0.0046835956 0.0170493 -0.003116128 -0.0043131225 -0.0034629838 0.025748864 0.0054907734 0.0021866094 -0.009869357 0.019761201 -0.018048013 0.013464865 0.010668457 0.0067748763 0.007248945 0.00602715 0.0019400433 -0.0143859945 0.01564669 -0.018979909 0.025693253 -0.0040522562 -0.011125102 -0.0022302587 0.01688742 0.019403515 0.011001389 -0.016127557 -4.0623578e-05 -0.011276478 -0.018665021 -0.018493054 -0.017553505 -0.0011502199 0.024662698 -0.009626446 -0.024305463 -0.006706399 -0.020290844 0.008534215 -0.0112179015 -0.016483795 -0.025610803 -0.0026316575 -0.006473249 -0.006912184 -0.00020947965 2.399087e-06 -0.0032623813 -0.024003161 0.009641395 0.010250664 0.0076650837 -0.0041267644 0.0014995014 -0.00059236225 -0.023366868 -0.009068247 -0.0071365098 -0.009605272 0.009852702 0.011355418 0.0069742613 -0.019421874 -0.006527752 -0.0029203282 -0.015201849 0.046945643 -0.0034337232 0.0045312606 -0.013184765 0.016545555 -0.0047804127 0.0021752845 -0.027062325 -0.009671069 0.006065588 0.009316185 -0.009039658 0.0118416585 0.013644276 0.016976725 -0.00509968 -0.0050372873 0.02679054 -0.005403764 0.0044899294 -0.027456962 -0.016605489 -0.038377635 0.004680467 -0.009518453 -0.024244312 0.014383334 -0.008613596 -0.0022525396 0.01478374 -0.0070313993 -0.01975196 -0.012809259 0.00021830409 0.011625957 -0.009477802 -0.013992099 0.026646173 -0.0069363597 0.011781893 -0.007644073 0.009746585 0.0146512585 -0.0020799353 0.0040573166 -0.007231597 -0.033913795 -0.018464137 0.0100594545 -0.005593896 0.011789836 -0.015892716 0.0033075174 0.0071269274 0.0104317535 0.012766113 0.0014724182 -0.020041166 -0.007648911 0.0025346146
hệ thần kinh giác quan	-0.007212533 0.022245532 0.03730048 -0.0046712053 -0.0006531492 -0.011245517 0.009736457 -0.0041874098 0.008366143 0.027927363 -0.00466885 -0.0036953152 0.012030592 -0.0010027408 -0.012406852 0.0368858 0.012464544 0.0011576392 -0.039380863 0.011291197 -8.157715e-05 -0.01625375 -0.0077431323 0.006135217 -0.0037236705 0.019697111 0.0072985142 -0.018701721 0.0074068494 -0.0091425115 0.0027036797 0.0124840215 0.013462076 -0.014680704 0.0075044567 -0.0029307196 -0.0161652 0.017115824 0.023240086 0.027140638 -0.008314136 -9.929388e-06 0.02337439 0.013230947 4.2522326e-05 0.008039819 -0.018291468 -0.011981756 0.012129151 -0.017652811 0.008479929 -0.0069343196 -0.0018707827 -0.0036215223 -0.0104839625 -0.0005151741 -0.022898495 -0.010756401 -0.007915663 -0.013036263 -0.0012689924 0.00028222502 0.019604038 -0.017133232 -0.011075844 -0.012642157 -0.00889162 0.0018670524 0.039927322 0.007230292 0.006190806 0.0014420893 0.0095271375 0.00047494136 -0.013564596 0.024512272 -0.01317664 -0.014683306 0.008532278 -0.0026507739 -0.024877975 0.010781394 -0.035787344 0.0030919388 -0.026818136 -0.0075601833 0.0023043077 0.0046890653 -0.013460016 0.0021446242 -0.0025163002 -0.013597252 -0.012260212 0.0033076555 0.0027468265 0.020553006 0.0020192757 0.015113023 0.006386696 -0.012696827 -0.020603351 -0.0060537294 -0.0038783215 -0.010539132 -0.03506171 -0.0056286827 -9.598881e-05 -0.013966647 -0.0037056312 0.005171886 -0.007632439 0.0052738534 0.014265522 0.00889709 -0.020304047 0.0009499656 0.008631315 0.004592458 0.012452288 -0.008250022 0.030724194 0.014847314 0.02930012 -0.005181545 0.0066583892 0.005430707 -0.004264363 0.00089465006 -0.0008059506 0.008791504 0.006735784 -0.015959898 0.0006912008 -0.0061787465 -0.002631497 -0.006122809 0.000939528 0.046458356 0.002074005 0.012865359 -0.0070079803 -0.003342159 0.005349786 0.003696268 -0.026637703 0.00034307037 -0.00600518 -0.031650014 0.0049631577 0.029228693 0.016864266 0.0014401689 -0.02987067 0.014117433 0.0033721805 0.016134262 0.000113799426 0.01034434 -0.011219609 0.007156065 0.01391173 0.0017503041 0.011883856 -0.010429079 -0.0038699876 -0.009581393 -0.010352595 -0.0051315427 0.026797544 0.013485822 -0.008514286 0.014358887 -0.0040779538 0.0028354067 0.0033910938 -0.0109896455 0.0051094377 0.04442817 0.00027481504 -0.00057661464 0.007981261 0.011686338 -0.01726146 0.0032835878 0.0073306635 0.010840742 -0.010170903 0.0018459506 -0.012964182 -0.0061867796 -0.03606216 0.0037352392 -0.00571106 0.015049991 -0.0005583701 0.016357774 -0.00019301214 0.010969678 0.023506882 0.0077881776 -0.018508943 0.0039032649 -0.009027956 0.0116641745 -0.006110707 -0.022211988 0.0076335883 -0.00020265878 -0.021769397 -0.0408533 0.019376935 -0.0044452967 -0.0071088104 0.00019250954 0.0026275106 0.0024085513 0.009130528 0.0056508863 0.004511102 -0.00083554536 0.016613444 0.0030737885 0.00488968 -0.0005834459 -0.006985233 -0.011175223 -0.02363819 0.016410438 -0.0035841553 -0.037604194 0.0005361134 -0.014745653 0.011758111 0.008001005 0.012760779 0.00841373 -0.009322694 -0.006531874 0.01688588 -0.014664823 0.014858943 0.0026913243 0.005652492 -0.012200641 0.010693718 -0.006054268 -0.0058061657 -0.0049025016 -0.011136423 -0.015310228 -0.0018587935 -0.018293606 0.050665252 0.0005306065 0.03472601 -0.0076969913 -0.006644306 0.006579276 0.003322379 0.015451367 -0.00026375652 0.0018546495 -0.03222207 0.013362137 -0.010204693 -0.0058538197 0.011296849 -0.010450937 -0.0014522697 0.0058422186 -0.010287541 -0.017442118 -0.015145041 0.002730654 0.011518704 -0.00011999272 -0.022964723 0.013437152 -0.0030894217 0.006103796 -0.010586061 0.00870779 0.007560839 0.014259724 0.0055197896 -0.019529883 -0.010411782 0.0046089096 -0.00019865678 0.0033972717 -0.0051688636 -0.0073104813 0.016986128 0.0021924884 0.03500007 0.0017737899 0.008134374 -0.04667122 0.010808805 0.00071710034
Thần kinh gai	-0.022585236 0.0021214895 -0.011900444 0.00011702729 0.021288896 -0.014055935 0.01978358 0.019794272 -0.0069010137 0.056685273 -0.016685767 -0.0058826995 0.0012933909 0.033096507 -0.038052414 0.021658774 0.019893564 -0.0010189496 -0.029865395 -0.014461535 -0.01436193 -0.021334533 -0.0137221655 0.00019294092 -0.013993599 0.031382844 0.005103681 0.00089334155 0.04990084 -0.014849354 0.008104769 0.023084223 -8.467136e-05 -0.023498088 -0.0062053767 -0.026642453 -0.01903732 0.05331026 0.00080817135 0.053401645 -0.009710232 -0.0013087626 0.065443784 0.023414463 0.0022587993 0.00952351 -0.029023398 -0.022286532 -0.034516986 -0.008857274 0.015129142 -0.002842957 -0.029039698 0.003099887 -0.013670892 -0.0230515 -0.037622306 0.0064983736 -0.0077749165 0.009459023 -0.010543797 0.019744717 0.009166001 -0.048824593 -0.0072551398 0.010556636 -0.00422881 0.002070485 0.06752627 0.01799532 0.02790153 -0.00021108426 0.02331307 0.0042517046 -0.02891503 0.035272457 -0.027544485 -0.031218821 0.011778661 0.0004337457 -0.004040766 0.04302676 -0.026383698 -0.011524251 -0.0016401376 -0.0073140278 -0.017793361 -0.0077271243 -0.0012049238 0.018797439 -0.012693849 -0.010257505 0.019071156 0.03296589 -0.010212979 0.00029462593 -0.006853364 -0.012685158 0.008175573 -0.023150062 0.0057188896 -0.005479205 0.0041136392 -0.032307003 -0.0140387835 -0.048843466 -0.020337258 0.021949388 0.010035512 0.0034057477 -0.060402453 -0.024603283 0.015199366 0.013324895 -0.043856062 0.010192716 0.0017001785 -0.008702372 0.009635285 0.023644513 0.03661442 0.0040173675 0.026396044 0.0031993168 0.016460793 0.009280658 -0.00451201 0.009693971 -0.0061068386 0.018629847 -0.0063750376 -0.02292471 0.004924946 0.0050062626 0.030658243 -0.009997573 7.8256155e-05 0.031671196 -0.023777999 -0.0055075977 0.020210123 -0.009609975 0.008500505 -0.0017088889 -0.028512621 0.024358643 -0.0048777624 -0.04248861 0.012005105 0.005464264 0.031129383 -0.03869688 -0.017189128 -0.008310524 -0.0029911476 -0.01819126 0.011449658 -0.014640499 -0.017771697 0.0024571232 0.0009834004 -0.0024765162 0.0108434595 -0.015758622 -0.01158529 0.01123875 -0.010110185 -0.022858428 0.014421376 0.035542108 0.010906852 -0.026605438 -0.0050091855 -0.02574765 -0.0127698565 -0.023231657 0.0083066365 0.048979748 -0.004328863 -0.0022777738 0.006022836 0.021022227 0.035288755 0.00027794225 0.020305924 0.030063592 -0.011926456 -0.0005470196 -0.023202043 -0.011792946 -0.026144713 0.022880614 0.013322798 0.04241806 0.0038002757 -0.0037179089 -0.01694323 0.026326293 0.010057775 0.033051465 -0.019566417 -0.01657645 -0.011228946 0.013783247 -0.0020306052 -0.0012339306 0.0004997721 0.01225203 -0.01692915 -0.043651875 0.05400413 -0.007277574 0.028071247 0.01554204 -0.0154465875 -0.023770636 0.018078547 0.007996034 -0.025191285 -0.010176667 0.036746033 0.021009048 0.0009987124 0.032971937 -0.0091780685 -0.0036889722 0.0001291057 0.027392743 0.008235295 -0.08827767 0.011940664 -0.023453258 0.0055050557 0.0065152524 0.025723042 0.042666744 -0.03473592 0.009276799 0.02856487 -0.018980237 0.029334871 0.0044042645 -0.02700664 -0.02899766 0.017902952 -0.004176608 0.016047683 -0.015284347 -0.015856666 -0.0058906297 -0.036270466 -0.010839538 0.04973125 -0.019742854 0.057330433 -0.052649472 0.011964186 0.025329856 0.00076615135 0.021904357 -0.026292492 -0.019177128 -0.050111536 0.0046080262 -0.0023008497 -0.022088898 0.010833056 -0.0074413526 0.008376321 0.029743481 -0.0048441244 -0.024799038 -0.031175066 -0.0011665357 0.02502507 0.011720511 -0.035612915 0.06673136 0.013706338 0.005985426 0.0014531437 -0.0020955226 0.015622551 -0.006004322 0.015596297 -0.033897195 -0.026204413 -0.01104959 -0.01640702 0.022197666 -0.0021902465 -0.0062938286 0.016580788 0.02673732 0.043540347 0.035204295 0.0054060486 -0.019530682 0.015582621 -0.036926176
phao cứu sinh	-0.008720797 -0.0012884319 0.022385236 0.0056895167 0.0087364605 0.032082543 0.022353848 0.011711974 0.00032695246 0.033320084 0.002827427 -0.022003995 -0.00365867 5.983976e-05 -0.010126505 0.0032451437 0.01713226 0.008147308 -0.017516864 0.012890012 -0.0010838305 0.007871828 -0.0086600445 0.005530955 -0.00042713637 -0.01422376 -0.008748828 0.018378748 0.023423068 -0.018108128 -0.005199563 -0.013444158 -0.005092943 -0.0112020755 0.024596302 -0.019258395 -0.0048964415 0.035675447 0.016411617 0.016139826 -0.0009820667 -0.0068005067 0.0009284876 -0.022316562 0.005178528 0.018744765 0.016853977 -0.0017473139 0.0008127317 0.0077052047 0.0036435819 0.013238891 -0.0030339123 0.008101351 -0.008614327 -0.031554613 -0.012546545 -0.0065625217 -0.013062014 -0.023132773 0.0023386457 0.00060207734 0.0067102136 -0.027857633 0.0048120623 -0.0033090084 0.002429977 -0.017726984 0.024947233 0.019909156 0.027624046 -0.019073049 0.012624061 0.0048964336 0.009881753 -0.01056745 -0.012088315 -0.028454239 -0.0024076747 0.009794905 -0.0056154504 0.021508856 -0.024463324 -0.016910551 -0.011107385 -0.00037372264 -0.003959859 -0.014996183 0.009036302 0.025837237 -0.018503463 0.033003066 0.00726655 0.011855388 0.007916704 -0.00084914046 -0.01649979 -0.0056296242 0.0046074823 -0.00574151 -0.023982948 -0.0027638583 -0.0087848315 -0.038940474 0.007615383 0.001605672 -0.0019608655 -0.0013518502 0.004874715 0.008254855 -0.012828922 0.0001827966 -0.0071036224 0.014406871 0.0037092448 0.011490177 -0.009972385 -0.018983928 -0.004421392 -0.016882615 0.027967988 0.0039866087 0.024049664 0.005471162 0.021518813 0.011396817 0.011062544 -0.025662335 -0.010225995 0.024261264 -0.0024174675 -0.01581534 -0.004581323 0.002889749 0.00744698 -0.0064078006 -0.01802714 0.029332878 0.005960017 -0.007670076 0.024784796 0.008724917 0.020545106 -0.004922397 -0.03267564 -0.00945836 0.00014763698 -0.033549193 -0.007957839 0.014526015 -0.0015365015 0.01189264 -0.023166565 -0.0021762839 -0.0062944023 0.0007154169 0.0077436436 -0.010473168 -0.01100168 0.0043493137 0.0011037026 -0.0020876771 0.0055573615 -0.011889046 -0.013311819 -0.021731699 0.009612623 0.007786425 0.035046853 -0.0058710817 -0.014827769 0.019277763 -0.024163883 -0.01932807 -0.0030867122 -0.0011416291 -0.0008829439 -0.01802054 0.01521199 0.01330904 0.031659342 -0.0015701543 -0.0067723747 -0.0076699476 0.024078064 -0.019617664 -0.0048690606 -0.0024399937 0.004333568 -0.0021880297 -0.009489286 0.014755896 0.016124023 -0.008697157 0.012116319 -0.0012336238 0.0026184453 0.0127399145 -0.008770273 0.017111173 -0.0054156412 0.011492223 -0.02615615 0.011650026 -0.00939782 -0.02255218 0.01843244 0.0007265332 0.016954653 -0.0066447123 0.022492357 0.0042344835 0.046149384 0.005322042 -0.013647031 -0.024229996 -0.00030031148 -0.008508768 -0.03044157 -0.02985679 -0.005376488 0.0036055401 -0.034518074 0.002731491 0.011278457 0.004981415 6.6303396e-06 -0.0035437467 0.02458067 -0.07402237 0.0108965635 -0.011437294 0.0038390523 0.015875231 0.025870513 0.022520006 -0.017141104 0.014529406 0.0028566315 -0.005565336 0.036779296 0.0070103514 -0.018252874 0.0024049433 -0.009184939 -0.009301761 0.020691322 -0.00019528175 0.020519556 -0.00433691 0.001297453 -0.0059676697 0.030931158 0.00605938 0.018224098 -0.017379655 0.01284357 0.0017078166 0.004153635 0.0008873279 -0.025667273 -0.0010494359 0.020550733 -0.0062898193 -0.0050077196 0.018078685 0.004248431 0.016481275 0.0066990373 0.003950065 -0.022083621 -0.023503287 -0.014829185 0.01706377 0.026690237 0.0027978963 -0.007454455 -0.0220971 0.005412461 0.010255653 -0.014950126 0.002263905 0.033891406 -0.015618441 -0.005564926 -0.0054649767 -0.013407615 0.012598631 0.0037711323 0.006638256 -0.004486753 -0.016767234 0.0070108976 0.0028461313 -0.0096533 0.008472769 0.020661267 0.015887083 -0.027865315 -0.022813646
hơi thở hôi	-0.0019483136 -0.0077208728 0.019392567 0.013671279 0.023427568 -0.0068958383 -0.00602757 -0.008712249 0.015664035 0.0055809733 0.03160586 0.009293242 0.015870472 -0.007128956 -0.0015275101 0.04195846 -0.020107945 0.006479293 -0.041474197 -0.0010414752 0.018153802 -0.04035385 0.029800914 0.0036871748 0.0028766235 -0.010303121 0.036346674 0.014331209 0.034193184 -0.007226665 0.016829602 -0.013134632 0.0048617446 -0.02581203 0.017104588 0.025942221 -0.0597584 0.033119947 0.038490694 -0.0026338196 0.011113389 -0.004268003 0.040735215 0.003927533 0.0009214576 0.012527719 -2.5978725e-06 -0.013177938 0.021204092 -0.00771385 0.010541426 0.009427008 -0.02407722 0.0077875312 0.0056889546 -0.06249002 -0.04483549 0.044109777 -0.01734938 -0.037107065 -0.013497535 0.017167615 0.0026610037 -0.037368286 -0.022048395 -0.004285345 0.013306542 -0.0037274319 0.013366812 -0.009105351 -0.0033045139 -0.0012935634 0.009897541 0.009469324 -0.012308885 0.015600536 -0.018331204 -0.012350596 0.017815895 0.0038667666 0.0023789315 0.009270823 -0.02071219 0.0089012785 -0.05110622 0.008665802 0.0064518396 0.013746617 0.0010174534 0.006988845 0.0028414428 -0.0032594285 -0.026658105 0.008360638 0.03805927 0.0227452 0.019368146 0.021837063 -0.007912066 0.03222944 -0.009451832 -0.0110339625 -0.011142331 -0.0122072315 -0.0020818976 -0.06821184 -0.043143086 -0.0042624287 -0.0012073794 0.00213786 -0.049668077 -0.0031687217 0.013685435 -0.015759386 -0.020807944 -0.02862952 0.0005208866 0.0359009 -0.0106043555 -0.043622926 0.011590043 0.008634389 0.012258208 -0.00040187896 0.030010082 0.0059459084 0.016620956 -0.027968457 -0.0036036607 -0.0020504566 -0.001095112 -0.016657438 0.009365348 0.02417659 0.019275682 -0.0039088554 -0.008930945 0.041600432 0.0009220106 0.0078703845 0.0021299857 -0.013144878 -0.023000306 -0.012073926 -0.040523544 0.003065584 -0.01720465 -0.0358633 -0.0035009214 -0.0020110065 0.01671044 -0.0061056223 -0.014858608 -0.003778787 -0.009412032 -0.0012004221 0.01984864 -0.011022234 -0.015932828 -0.0011010761 0.037332237 -0.004892536 -0.0023891 -0.012119028 -0.016171148 -0.0004904229 -0.013526879 -0.0058106882 0.03570501 -0.007421023 0.0042703534 -0.024565272 -0.01182174 -0.013038414 0.022354297 0.0003678124 0.00962748 0.025011031 -0.014049647 -0.020260535 -0.0036358063 0.0059530875 0.021389794 -0.022947825 0.01860058 -0.022708537 0.011513043 0.009617787 -0.015027602 -0.016800381 -0.04252784 0.010339484 0.016222723 0.011482613 0.025423136 0.023429343 0.03448857 0.013313506 0.01320236 0.015976794 -0.008277024 -0.022668604 -0.011185126 -0.005373854 -0.003269055 0.016499966 0.0001820897 0.015057792 -0.031852257 0.002112899 0.0785793 0.0061323326 0.03607325 -0.0035941887 -0.015171902 -0.017921148 0.00789669 0.01973629 0.0027089082 -0.0031195146 0.0011007612 -0.0077748927 -0.0093375 0.024425158 -0.0056697917 0.01748629 -0.005042979 0.002938304 0.017105041 -0.04308833 0.008350193 0.0025987881 0.0019354911 0.014238219 -0.018496942 -0.0082336925 -0.01842798 0.021945586 -0.0012943066 -0.010806533 0.05690768 0.0061309007 -0.00868392 0.025244394 -0.015751474 -0.015459946 -0.019659748 -0.0059598223 0.015888521 0.009981606 0.011578215 -0.020354584 0.0056467503 -0.0057587186 0.06888633 0.009067778 0.003580211 0.01925045 -0.00860915 0.009090451 -0.054866835 -0.0090885945 -0.038992748 -0.019508164 -0.002078801 0.019410558 0.014269303 0.014960455 0.009083361 0.017572157 -0.001042018 -0.030619545 -0.0129566705 -0.0094032865 0.019160487 -0.021974355 -0.05117307 0.039780524 -0.009396119 0.00922054 0.013620986 -0.043074414 0.018762982 0.024528423 -0.014491876 0.017706987 -0.035901595 -0.045753837 -0.0017433169 -0.023865761 0.004190877 0.017251296 -0.01542906 0.016883014 0.02804577 0.010020708 0.0036670764 0.021060286 -0.014020477 0.018554874
phiên xét xử	0.013306322 0.007002986 0.041404802 -0.0033428117 -0.037747163 0.002042788 0.00638616 -0.013760296 -0.0020713531 0.0060433755 -2.9328465e-05 0.0039640977 0.014156419 -0.015117541 0.015125583 0.023458136 0.011503368 -0.019769896 -0.024551608 0.009163788 0.01031062 -0.018398646 -0.007620004 -0.009160278 0.002312711 0.0053679557 0.042937636 0.016451849 -0.0022981495 0.0010905091 0.01074362 0.009890397 -0.01848879 -0.029777816 0.037760586 -0.02507424 -0.023329291 0.037708886 0.037106913 0.030021822 0.008318448 -0.018905232 0.016326409 -0.00873928 -0.016794829 0.0050988896 0.008049943 -0.014778832 0.0029147677 -0.015063298 -0.016898116 -0.041316252 -0.036712084 0.0042881807 -0.0025873112 -0.029398512 -0.05029083 -0.049796887 -0.003036674 0.0012327268 -0.021233123 0.007900042 -0.00021110887 -0.033837296 -0.009801553 -0.033540677 -0.004936587 0.010323222 0.043921113 -0.0010433234 0.014318514 -0.019932723 0.003969374 0.01602501 -0.0044876607 0.056701075 -0.012998536 -0.025817996 0.009774974 -0.0068238764 0.0036725767 -0.005975378 -0.04435609 0.0011396433 -0.037781406 0.030601496 0.0035576057 -0.014082918 -0.018369034 0.0005288113 0.032165 0.004282522 -0.02614764 0.014091564 -0.03173155 -0.010246491 0.019230299 -0.005559418 0.019734895 0.006359971 -0.09707404 -0.0010452144 0.010908549 -0.013934428 -0.004438699 -0.017432958 -0.017670741 -0.044925652 -0.015815068 0.019320995 0.028579721 -0.005684068 0.005154274 -0.011722091 -0.017418414 0.005950594 -0.007685189 -0.0068894303 0.01747399 -0.06373574 0.032258235 -0.0109131625 0.01852889 0.0021272462 0.030211572 0.005851403 -0.017998151 -0.037303675 -0.006928538 0.04632523 0.0086109415 -0.03420919 0.0105471965 0.00877468 0.010253237 -0.017985722 0.0012408805 0.0548231 0.0075389566 0.0073920516 0.014934944 -0.02580436 0.0017822965 -0.030468326 -0.058583666 0.0037663481 -0.023228716 -0.022877706 -0.0032532096 0.009879165 0.02744188 0.018732058 -0.042665463 -0.023064261 -0.0042474205 0.020523567 0.02668367 0.010455061 -0.0068035848 0.010290151 -0.016900133 -0.00096855685 -0.0015089657 0.0004944046 -0.0035336106 0.0036217098 -0.005687943 0.0063356645 0.0135382535 0.030964624 -0.013353703 0.04327668 -0.00063850486 0.008000133 0.0126699265 0.0054132864 0.00604266 0.056498956 -0.0027922418 0.0234481 0.027161438 0.018085325 0.035916187 -0.03499097 0.006707932 -0.015653161 -0.042346753 0.02390919 0.0079923775 0.0017576453 -0.032039925 0.023468738 0.018200736 0.011643279 0.0016220398 0.045511194 -0.0016987082 0.016742805 0.05057273 0.0067058103 -0.0200583 -0.027581757 -0.011826527 -0.010873444 -0.017732568 -0.008152211 -0.0016895976 0.033339463 0.0018007532 -0.02345464 0.044802804 0.009592283 0.023628578 0.0033981868 0.0085055325 0.010350389 -0.0028237633 -0.00843645 0.011439179 0.0129068075 0.003433869 0.0047660754 -0.0022709048 0.014212641 0.015620375 -0.003705039 -0.0020764186 -0.0021198452 0.012329308 -0.07159314 0.008204635 0.012833461 -0.004698191 -0.0075246384 -0.004658541 0.03570231 -0.02310372 0.009272288 0.013361333 -0.007679847 0.05212418 -0.0031005987 -0.0024173185 -0.02045235 -0.006571716 -0.013295082 -0.026031787 -0.005375941 0.011773938 -0.033230964 0.0024138116 -0.019147987 0.051059972 0.0010432843 0.065563165 -0.0019266249 0.016087143 0.013779448 -0.016447514 0.035566498 -0.020537201 0.009490058 -0.009774921 -0.007086511 -0.030283153 -0.004603454 0.023272105 0.019183604 -0.009934462 -0.014643501 -0.02425726 -0.004428894 -0.0015989619 0.0033858656 0.006376774 -0.011914885 -0.03941961 -0.027285451 0.016795464 0.016217653 -0.021740306 -0.01891051 0.04099276 0.020795131 0.020296127 -0.004849239 -0.0071884505 0.005532582 -0.008874468 0.008868405 -0.017635573 -0.026476974 0.023459435 0.013906022 0.012921411 -0.012899265 -0.012627758 -0.011911698 0.020128654 -0.0107600745
thông tin bí mật	-0.018561026 -0.012339817 0.08094812 0.0148475375 0.016161341 -0.012548573 0.014936929 -0.003448473 0.0018939355 0.008990706 0.004126591 0.0010324398 -0.01267494 -0.011429039 -0.015693909 0.014026788 0.0022481922 0.006484848 0.0011040661 -0.014751202 0.022452477 -0.007208591 -0.006524268 0.0046317526 0.002869859 0.0093780225 0.025043795 -0.0029665718 -0.0017709397 -0.0072057396 -0.006369875 -0.010295351 -0.0058109597 -0.020292005 0.004597057 0.0029906132 -0.013597054 0.0097648585 0.0030235946 0.013936624 0.0011594357 0.002801789 0.014652557 -0.008638937 -0.008499698 -0.017247058 0.007507657 -0.005353124 -0.004289313 -0.0036832227 0.0028398042 0.007466352 0.002011134 0.009455413 -0.0023974308 -0.027999593 -0.021680793 -0.0050358367 0.0046892003 0.0075518056 0.0051364447 0.020603951 0.018338796 -0.008422223 -0.012083506 -0.02237122 0.0045457077 -0.010778004 0.055527262 0.017266208 0.012020235 0.003945255 -0.0008364486 0.00983444 -0.019405888 0.02887633 -0.009375169 -0.011509321 0.0031812857 -0.017485084 -0.013452743 -0.015845781 -0.00906393 -0.001865702 -0.030703615 0.009615494 -0.014876281 0.008966462 0.01885291 -0.016048687 -0.0031562105 -0.0022547983 -0.012500857 -0.011132032 0.002470728 -0.0082281325 0.020868301 0.011403347 0.0036782925 0.004965108 -0.04883238 0.002925035 0.0019272439 -0.010688643 -0.005112638 -0.026203679 -0.02366735 -0.011075753 -0.00834466 0.004371017 0.0104844505 -0.010965605 0.0061102263 -0.0004032306 -0.0140093565 0.0017900831 0.0066915154 0.0015004454 0.0071462267 -0.049579374 0.026144285 -0.004296896 0.005378705 0.0029590086 0.0124126915 6.8609734e-05 0.0004519683 -0.013662808 -0.007846572 -0.007611615 -0.0026082864 -0.022785345 0.0050429427 -0.0021958244 0.008403143 -0.030672576 0.0121533135 0.045451272 0.0078524565 -0.0037564747 0.0031540622 -0.0015734056 -0.011376672 0.009567553 -0.016725615 -0.0051017595 -0.0023461631 0.011006081 -0.009041571 0.0020915798 0.003088743 -0.0013625879 -0.0009521783 0.024395643 -0.0137180155 0.004300042 0.002497958 -0.013247162 -0.010163916 -0.0012699866 0.011565703 0.00701455 0.0022676939 -0.0101636425 0.016095202 -0.008704665 -0.011634271 0.0017436586 0.027129574 -0.010949443 -0.010483037 0.013888137 -0.009091997 0.005374219 0.0115708215 0.009699953 -0.009759544 0.011832833 -0.00024775922 -0.0067912084 -0.0028175917 0.008105286 0.008457912 0.00015940677 0.0017571406 -0.012988138 0.0044066967 -0.00096608483 -0.005697242 0.011053241 -0.026638452 0.0072988765 -0.01865745 0.011045952 -0.023656327 0.013138456 0.005275426 0.007765441 0.025960103 0.0055536246 0.0052580475 0.00017460223 0.01077314 -0.01024167 -0.023467526 0.0071455133 0.0004593243 0.018656302 -0.007133626 0.0008554017 0.013782407 -0.028982509 0.029602129 0.0045668758 0.003119334 -5.309084e-05 0.009150835 0.0067460225 -0.001745667 -0.0073990384 0.010802834 -0.004889487 -0.012069986 -0.0013196582 0.026938682 0.021390226 0.00096699997 -0.002018742 0.042614646 -0.02043986 0.018624136 -0.00041202057 -0.0034975002 -0.006576434 0.008178535 0.0035339731 -0.008633022 0.009844454 0.016699199 0.015354813 0.0025577769 -0.006180447 0.0038408798 0.010914199 0.00050960376 0.0075837597 -0.020281244 0.003502465 -0.0015462401 -0.010448243 0.0033615083 -0.02387282 0.04586984 -0.0026668247 0.061098482 0.0029848143 0.0017448254 0.037059933 -0.0056102336 0.016369024 -0.020088362 6.449542e-05 -0.02802324 0.013610571 0.0052468823 0.00092432357 0.007984503 0.006316108 -0.010422671 0.011492382 -0.015026785 -0.02565823 -0.018962959 0.017942384 -0.0215999 -0.016177926 0.00074294343 0.0077321124 -0.008945205 0.010961431 0.014349354 -0.013292515 0.008554198 0.014723241 -0.012049391 0.027166357 -0.010217616 -0.0008825223 0.0011670653 -0.0021832653 0.004065455 -0.0019199144 0.013558588 -0.0048506386 0.012043214 0.0029124394 0.0036254614 0.0058596493 -0.002368275 0.0006526054
mối quan hệ họ hàng	-0.018169008 -0.005728817 0.0473556 -0.0008213551 0.00013468119 -0.0145705985 0.00609503 -0.005213086 0.014632257 0.028088666 0.014785073 -0.013334666 0.013194456 -0.010744138 0.0052143894 0.022560002 0.0038601668 0.0012433119 -0.0180943 0.02092624 0.01375486 -0.0100308275 -0.0023352336 0.0010799323 -0.006610226 0.0055984734 0.0023610112 0.00269413 0.010057717 -0.010220462 0.0023253253 -0.0008901323 -0.0018292157 -0.026847446 0.018963806 -0.010016077 -0.034734927 0.015642876 0.023844287 0.012578308 -0.008131445 0.005397219 0.040244028 -0.014845906 -0.011767931 -0.011570066 0.020953596 -0.006722701 0.00017507725 -0.013826966 -0.0055971392 -0.013902097 -0.011397313 -0.0044686534 -0.0029258311 -0.019773206 -0.030229513 0.006126486 -0.014681921 0.009922158 -0.010517293 -0.0015975778 0.038432308 -0.04138837 0.0058537507 -0.0039111665 0.0045272936 -0.020131059 0.059710454 0.010054024 0.010624903 -0.008207865 0.014474471 0.022911174 -0.011932224 0.047865584 -0.0043330006 -0.017294327 0.0003670844 -0.014460952 -0.00025577756 0.014336805 -0.012386479 0.004599531 -0.02458851 0.004635327 -0.018166795 0.0120208105 0.0092170155 -0.0141491275 -0.0032847095 2.0103747e-05 -0.017209722 0.0034934222 -0.0050502773 -0.001104978 0.007089112 0.0051415437 0.0007488263 0.0039316686 -0.033459544 0.012231611 -0.014691507 -0.04086097 -0.003318806 -0.023369914 -0.0003613549 -0.005595681 1.6657745e-05 0.0042129867 -0.024963712 -0.0032840203 -0.011318918 0.008676382 -0.01686177 -0.0033800993 0.015412078 0.0033846777 0.013152047 -0.035467703 0.03810303 0.014627521 0.009812422 0.009822697 0.02656817 -0.0025949473 -0.002046602 -0.009842576 0.01060614 0.007948546 -0.0007966978 -0.029515175 -0.012450644 0.005071129 -0.00029918662 -0.005533732 -0.0069789453 0.039081216 0.009752812 0.024013862 -0.007426392 -0.00017386193 0.0134548005 -0.0010271057 -0.013812131 -0.0077295126 -0.0006320058 -0.023903605 0.008954648 0.006360517 0.0031063408 -0.014934375 -0.026835265 -0.007845772 -0.006282083 0.009206393 0.0113762 -0.009916975 -0.016618172 0.0035391676 0.013199479 0.01044783 0.012020048 -0.011808732 -0.009539797 0.024101892 -0.017490013 0.0038289935 0.0021866604 -0.011293672 -0.005415898 -0.0058191493 0.008212055 0.011462301 -0.007521542 -0.0014617811 0.0054483437 0.022372857 -0.008825368 0.0049369265 0.0075974115 0.001917544 -0.0007039944 0.012752192 0.0093088765 -0.009020137 -0.014723525 0.008988217 -0.011304151 0.0061763427 -0.012655605 0.007162693 -0.0023565358 0.012759844 -0.004100416 0.019324144 -0.011790482 0.0072527467 0.018734273 0.006037283 -0.0038250068 0.010116903 -8.395139e-05 -0.009629431 0.008837775 -0.0040995893 -0.0055939136 0.022675676 0.007347762 -0.01144882 0.015197647 0.0014145181 0.0070204567 0.004515085 0.019494884 -0.018778156 0.0068620094 -0.008392159 -0.002346094 0.008021568 -0.0015144242 -0.00045825628 -0.0115549965 0.015065379 8.817017e-05 -0.018127834 0.0016992912 0.00078810094 0.008595649 -0.040046576 0.015296884 0.0024907247 -0.002860196 0.009907937 0.0044779726 0.006577681 -0.014269545 -0.0070720455 0.008690991 -0.008135947 0.0233619 -0.0015377017 -7.685975e-05 -0.0009009549 0.005740319 -0.002649949 -0.013326798 0.0061678863 0.019330041 -0.026712054 -0.009614776 0.00084698224 0.054944266 0.013187609 0.021391522 -0.0035666043 0.01760175 -0.022075683 -0.009405688 0.017932285 -0.015104357 0.0001895958 -0.046970397 0.0058252295 -0.011386883 0.0015628794 0.021009646 0.0071699717 -0.00011688778 0.0044147014 -0.0066341097 -0.009625621 -0.017019514 0.028304145 0.0013182501 0.0014962162 -0.008395936 0.0090736095 -0.014803308 0.009026863 0.0022863122 -0.00909344 0.015090804 8.414335e-05 -0.008685374 -0.013559441 -0.02063034 -0.0026753952 -0.0067958636 -0.0021412226 0.00015707861 -0.024804415 0.020935928 -0.0033915597 0.0096844295 -0.0021112645 0.011748709 -0.0083239265 -0.006397612 -0.0013631438
dị tật bẩm sinh	-0.023481717 -0.003075576 0.06930368 0.008485729 -0.0034024422 -0.025082396 0.017655728 0.015864436 0.014933228 0.021004757 0.006420121 -0.013949294 -0.003577677 0.007926762 -0.007331253 -0.0006996634 0.017148368 0.0008143003 -0.027042951 0.00490582 -0.0075438526 -0.028511055 0.0017817102 0.005714786 -0.0076857605 0.014429395 0.033186797 -0.0023302867 0.026636852 -0.00561132 0.013214222 -0.010093033 0.005258825 -0.016270166 0.0169829 -0.0064788363 -0.036201037 0.026298849 0.031983178 -0.0047573205 0.0104408 -0.0016824222 0.055710994 -0.0023634492 0.0062844832 0.0168338 -0.008176906 -0.010332511 0.01537792 -0.0009774349 0.005934539 0.0082979165 -0.024912227 0.02951533 -0.019287465 -0.06975998 -0.01936262 -0.009271308 -0.008113215 0.016561685 0.0037638028 0.004740071 0.009345211 -0.011234639 0.01896544 -0.009323597 -0.0046560075 0.009093375 0.08281566 -0.0026843643 -0.003976852 0.018857133 0.009310904 0.021220647 -0.0074363393 0.0021043958 -0.024830598 -0.0136659555 -0.0046636234 -0.012636448 -0.04521587 0.016178716 -0.026208848 -0.013633665 -0.02226135 0.026006222 -0.021526586 -0.0003369493 0.008660233 -0.01422164 0.011380851 -0.007656684 -0.002044326 -0.0042383154 -0.004371619 0.013855787 -0.006261307 -0.017349387 0.003986297 -0.0043536704 -0.0376515 0.013444336 -0.001121728 -0.036412485 -0.0067012976 -0.023921095 -0.022175433 -0.02095045 -0.013021187 0.017384369 -0.032783393 0.0055724476 0.005466472 -0.003797041 -0.0100178765 -0.0064939964 0.0074669924 0.0060268054 0.029564796 -0.042383928 0.016120194 0.01501463 0.033439465 0.003718696 0.012992332 0.011572384 0.0017120999 -0.028926821 0.008068408 0.044032242 0.0023551797 -0.032136023 0.019713622 0.016752072 0.009716739 -0.0016480231 -0.014123697 0.041523322 -0.017939372 0.008491595 -0.013809295 -0.019628018 0.0046486408 -0.011865297 -0.039637797 -0.017713044 0.0005355543 -0.016743358 -0.0070943832 0.0136530055 0.0087397415 -0.025745086 -0.017872535 -0.012783415 -0.0045465943 0.0013594639 0.0122978 -0.023526829 -0.0004585242 0.011399963 -0.0041067945 0.006480254 0.009302499 -0.0038978772 0.009854847 -2.3813775e-05 -0.007052755 -0.016191049 0.032596584 0.009551734 0.0018202341 0.024229335 0.0069449088 -0.021191753 0.0047384854 0.0028610611 -0.0062071932 -0.015486021 -0.014760236 0.029431578 0.035531916 0.0070315576 0.020334272 -0.0047495444 0.0034047177 -0.034612678 -0.0013974811 -0.00033677026 0.0008533252 -0.013766397 -0.0429785 0.041767675 0.0015743169 0.019251619 0.013979027 0.014664708 0.0038751247 0.0062191496 0.042634625 -0.00033394335 -0.028706584 -0.0021358347 0.0044849264 0.011236379 0.006574764 -0.014974086 -0.0018646355 0.036032215 -0.010701363 -0.024573747 0.10806043 -0.018596282 0.031253815 0.010016695 0.012178564 -0.010374502 0.0010634062 0.011224598 -0.0029417798 -0.020087162 0.015326532 0.0010546718 -0.008590012 0.005963579 -0.008368942 0.0051515317 0.009984532 -0.002023297 0.0069744885 -0.057500605 -0.0012756265 -0.008311277 0.0065412587 0.014555461 0.011401454 0.0029313082 -0.0060064127 0.016304426 0.015200893 -0.0014152413 0.019936042 -0.0007380313 0.0026777755 -0.027594697 0.0057281232 -0.008360907 -0.026413538 -0.004915864 0.0009881189 -0.024618391 0.022640409 -0.0050711036 0.009536967 0.033191424 0.02468868 0.0044571706 0.0093274405 -0.013218036 0.01037637 0.02125325 -0.022845307 -0.015796779 -0.017581372 0.0110396305 -0.012628197 0.011997684 0.015901955 0.0117925685 -0.0064319 0.00023304012 0.0054110186 -0.008355911 -0.020885196 2.6650153e-07 0.0115784705 -0.0071093095 -0.0030671908 0.027424037 0.010404836 0.0031818708 -0.024305532 -0.030429555 0.031216491 0.010662355 -0.01001442 -0.024418652 -0.019366793 -0.054231998 -0.0029871534 0.004196671 -0.004832308 -0.011234696 0.010797011 -0.0057223933 0.009781265 -0.0014696659 0.0024741269 -0.032378033 0.017339023 -0.0015914842
nhiễm trùng lây qua đường tình dục	-0.0026419277 -0.0010324703 0.021792866 -0.0033038547 0.0074065174 0.003311096 0.008058942 -0.0016183637 -0.004616547 0.02067498 0.0035292795 -0.006030649 -0.0039760503 0.010107381 -0.00375083 0.009534039 -0.007883215 0.011900323 -0.018357446 0.010351196 0.012183071 -0.015016008 -0.0022666855 -0.0031940325 0.009116869 -0.0034323963 0.01895241 0.009988043 0.009996206 0.00058229244 0.00963537 -0.0107102 0.010672587 -0.006790979 0.016672688 0.005874036 -0.03557308 0.013355595 0.004770553 -0.013828571 -0.0010056596 -0.013045171 0.0067154085 0.004492017 0.005168356 0.008622528 -0.0019949502 0.0028456505 0.008127951 -0.015958045 -0.0104980245 0.0045652105 -0.014121821 0.002232839 -0.019062446 -0.012216425 -0.0050105946 -0.0033915578 -0.0075317565 -0.00564579 -0.00041050464 0.0012179213 0.0039267936 0.010578479 0.00406654 -0.006977196 -0.0080861505 -0.006472897 0.022051657 0.0035782177 -0.0048174676 -0.0007681865 0.018267456 -0.0022576954 -0.0029708492 -0.01959661 -0.008901801 -0.016917938 0.00015616138 0.0027790463 -0.007297661 0.0046484647 -0.013533179 -0.0037901774 -0.014029209 0.0051828856 -0.0015240989 -0.005814195 -0.004047197 0.023814574 -0.0031739161 0.0068578767 -0.01104676 0.021147255 0.01057804 -0.002122736 -0.0031199162 -0.002123437 -0.0030235436 0.0071529783 -0.034827214 -0.0026272866 0.010994604 -0.012982095 -0.006933397 0.0036063683 -0.0051132 0.0023425056 -0.009434036 0.012972316 -0.03055616 -0.001656139 0.00049789785 -0.002566991 -0.0050362633 -0.009675971 0.0006404845 0.0014946572 0.009020507 -0.014846513 0.011901818 0.012367116 0.017075099 -0.00739844 0.010088259 0.007950493 0.00333474 -0.02028725 0.0021719597 0.016182035 0.008448211 -0.0062810187 0.0008623177 -0.0028864956 0.0016078984 -0.020251803 -0.007908924 0.024330525 0.0023314308 0.009895848 0.0035875996 -0.0032914232 0.0017215026 -0.015846355 -0.0094719445 0.0075301286 -0.005256189 -0.02195771 -0.00521331 -0.0009884152 0.0008103379 -0.008857795 -0.013678812 -0.01076583 0.006518217 0.0031514033 0.0065645617 -0.0047831247 -0.003921052 0.00043639494 0.0031495125 0.0017197574 0.0016906488 0.0054852716 -0.0026354135 -0.012305978 -0.010931126 -0.014051875 -0.002131918 -0.008083004 0.005168056 0.008859384 -0.0097016515 -0.0042794007 0.008867308 0.00931838 0.0045627286 0.016664512 -0.0030951917 0.007757997 -0.014962619 0.0026498958 0.0312856 -0.009838188 0.012077135 -0.019604761 -0.012733962 0.007811181 0.0052085654 0.004010111 -0.02091199 0.0010779558 -0.0045355223 0.0042197807 0.012424655 0.022026759 0.0036421637 0.001503835 -0.014348528 0.013970447 -0.009368699 -0.0065964526 0.0025660146 -6.4353226e-05 0.0015116478 -0.0024458857 0.008087871 0.0038048464 -0.017909566 -0.008367233 0.03195154 -0.004925429 -0.012952939 -0.0045305872 -0.0077632633 -0.007956515 0.0025756666 -0.007315647 -0.012530879 -0.0075490363 -0.0064029368 -0.00369174 -0.013454255 0.007491664 -0.0022454406 -0.00871402 -0.0019170163 -0.0068198508 0.0037633441 -0.029564533 -0.006747513 0.004607809 0.0054211463 0.014895199 -0.0019136923 0.0073533338 -0.008630093 -0.004849462 0.011337653 0.006287778 0.0069040917 0.0072794342 -0.010387864 -0.0019759778 -0.0014413502 0.0011583569 -0.0062494413 -0.011467368 -0.00054475036 -0.0017399369 0.0046220007 -0.0063537285 -0.029455727 0.009243444 0.019711899 0.009162157 0.0035844925 -0.0010296511 -0.010375437 0.0015935017 -0.012094079 -0.0012323911 -0.030157005 -0.0005652493 -0.006450289 0.00570339 0.00050191744 0.0022310326 0.0040273448 0.0048569012 -0.011037395 -0.018241856 -0.013791565 -0.002366441 0.0175339 -0.0056073577 -0.017158488 7.531373e-05 -0.016782098 0.010454228 -0.008878533 -0.009476298 0.016232802 -0.00078989274 0.0053364458 -0.010425985 -0.021810913 -0.0057948176 0.0064313756 0.00056876324 0.0024761986 -0.0076280595 0.0029438392 -0.0028903452 0.012067147 0.004542289 0.0068834876 -0.014898149 -0.004603944 0.014944142
bệnh khái huyết	-0.0031089995 -0.02991567 0.04733854 -0.019739915 -0.0067036473 -0.01549863 -0.0052304277 0.015079801 0.004380496 0.038373705 0.015118565 -0.011581783 0.0020223437 0.0046354253 -0.017313937 0.0022650636 -0.009455796 0.010671359 -0.03456331 -0.03166971 -0.012938325 -0.011895327 -0.019515749 0.003159512 0.0053645796 0.014818824 0.043191824 -0.0027899204 0.009782388 -0.019967726 -0.002634474 0.0025917962 0.0019141317 0.0032279561 0.011417048 0.008797131 0.0072002294 0.02464806 -0.004449484 -0.0041623944 0.0009994387 -0.0062403223 0.00765563 0.010400211 0.012263699 -0.006509805 0.0014223296 -0.015440175 0.0088044815 -0.0065000504 0.006115685 0.008683165 0.0016836269 -0.011411237 -0.02264506 -0.013036578 -0.0048392513 -0.004316754 -0.010810029 0.0032100512 0.0038406404 0.016624307 0.0057671536 -0.033090167 0.0071073 0.016885992 -0.014960648 0.015024561 0.043561157 -0.010218939 0.0027884543 0.0026769175 0.015547706 0.014627155 -0.00051416433 0.016618637 -0.029687915 -0.023103803 -0.003393293 -0.012963579 -0.018025003 -0.0020162924 -0.022489663 0.027916819 -0.004997666 0.015246098 0.0021791833 0.006416616 0.010490641 0.0033454096 -0.011411037 -0.00963386 0.006561788 0.020294607 -0.0008989237 0.023073085 -0.0072849044 0.0027543465 0.006342881 -0.01983875 -0.036405444 0.0035904949 -0.0029896768 -0.0105269 -0.0011641383 -0.009975429 -0.015875552 0.0021502078 0.00027779432 0.010948115 -0.016512496 -0.005276819 -0.006220545 0.023542952 0.0031185385 -0.009642031 -0.00472201 -0.0058192005 0.002042978 -0.03195043 0.017741283 -0.013826476 0.01750002 0.00882896 -0.004712745 0.002296227 0.00046085223 -0.003651667 0.0035505614 0.0059084888 -0.018052764 -0.0013103703 0.011106058 0.02415248 0.014699475 -0.015946891 0.014041628 0.02392986 -0.006767909 -0.020327436 -1.2443473e-05 -0.0024689494 0.013821266 -0.012225671 0.013142341 -0.012369373 -0.00036678292 -0.018552843 -0.011125277 -0.005286087 0.014045017 -0.027880881 -0.00895721 -0.01131806 0.01647277 0.0036399376 0.027441217 -0.001815638 -0.01036985 0.008036414 -0.008000026 0.012067392 0.00956784 -0.009873663 0.01923627 0.012335619 0.0028065108 -0.014323817 0.010517543 -0.0067326454 -0.0034728658 0.033268638 -0.0010557808 0.011920352 -0.0052728024 -0.007592308 0.002835053 -0.027077306 0.014006699 -0.017172743 0.018534677 0.032803252 0.02096548 0.0033550363 0.0047212546 -0.013015557 -0.013367474 0.0074807256 0.007148844 -0.014870339 0.0027060262 -0.01588692 0.00060054945 0.026187528 -0.00313089 -0.00044235415 -0.005018505 0.030157851 0.02128718 0.010262846 -0.023379663 -0.013600369 -0.005248687 0.017443262 -0.0060875462 -0.006474949 0.004040733 0.019617168 0.0042854277 -0.014585516 0.022767551 -0.0067288578 0.021952394 0.0066661593 -0.014373152 -0.02788064 -0.001552552 0.016689302 0.00095852895 -0.00043886097 -0.006392052 0.006741598 -0.02862491 0.024326026 -0.006122719 -0.0004328306 0.0004559125 -0.0033588521 0.009063581 -0.018252991 0.003631466 0.006318705 -0.01269222 0.011276949 0.0029324403 0.0031123138 0.0071291653 0.0055219806 -0.011171861 -0.011545213 0.019693453 0.018141419 0.010693612 0.0069257673 -0.00912625 -0.033027478 0.00949359 -0.01136271 -0.013637121 -0.010836563 0.012565136 0.004033373 0.016781013 0.020954844 0.026391996 -0.033065073 0.020582505 0.02813933 -0.009849404 -0.008611202 -0.03969892 -0.015455843 -0.013109356 0.010669818 0.0020696744 0.024992466 -0.010006329 -0.011906058 -0.00751469 0.010932551 0.0057878597 -0.01037617 0.0020609908 0.010620339 0.02951866 0.003755135 0.015817111 0.027111772 -0.0026549213 0.00499627 -0.029994754 -0.0049019116 -0.0077615115 -0.008891969 0.008647907 -0.007321479 -0.030110924 -0.015430356 0.004287864 -0.012724664 -0.0025386948 -0.010504192 -0.02898305 -0.008509506 0.02068046 0.0061731893 0.009235757 -0.027625818 0.004932793 -0.011791388
Hệ thống thần kinh tự chủ	0.0010075177 0.0025697227 0.028828569 0.006590253 -0.0040814714 -0.0075176344 0.0048487023 -0.0012375521 -0.012322259 0.012671355 -0.005207551 -0.0042151934 -0.004222124 -0.0012648243 0.0053311675 0.02478473 0.006816556 0.004976894 -0.030783797 -0.0029159314 -0.008777326 -0.0030991875 -0.014406562 -0.009341936 -0.004030353 0.008225369 0.013785259 -0.0013146582 0.0010106709 -0.0026583227 -0.002947849 -0.0017894087 0.009954149 -0.01708974 0.01431677 0.010551241 -0.014488684 0.013449705 0.0073582376 0.01180925 0.0050622653 0.0070845853 0.0115007665 0.0033299846 -0.007832422 0.006663473 -0.005069846 0.003240308 -0.009485855 -0.011503703 0.018840736 0.0057596685 -0.008584671 -0.0063419254 -0.0056842943 -0.00526653 -0.02966053 0.014851616 -0.0039657517 -0.0054845084 -0.0027641763 0.014178285 0.0050673597 -0.014370217 0.0008427828 -0.0013326894 -0.016654626 -0.004875223 0.0580525 0.001896328 0.012351682 0.007454898 0.01828263 -0.0036463481 -0.013561666 0.020828974 -0.014565394 -0.022587651 -0.002434941 0.0012441594 -0.009700784 0.023219123 -0.015167378 -0.011737648 -0.033677783 0.0055258144 -0.0077883564 0.009528949 -0.008284705 0.021582972 -0.009932158 -0.0052853827 -0.016989408 0.012392414 -0.0028041129 0.011664337 -0.0040113255 -0.0020490326 -0.00094106875 -0.004169961 -0.034885693 -0.0019373969 -0.012631429 0.0017317745 -0.024144582 -0.0221148 -0.009795809 0.001351114 0.013238727 0.0012609006 -0.02786351 0.0025611792 0.012187323 0.015274054 -0.009743875 0.002382972 -0.00028495232 -0.0041776556 0.008545058 0.008013296 0.023083495 -0.0056575253 0.015797293 0.0075664134 0.022002073 -0.0064621 -0.0014751926 -0.0056367167 0.007735878 0.016081259 0.0007926201 -0.003094044 -0.00068531575 0.013652882 -0.008162857 -0.010401882 0.0127881495 0.027287478 0.006431747 0.0027133382 -0.0053807874 -0.0057006166 0.0040115085 0.0024964225 -0.027293634 -0.0078433845 -0.0073919534 -0.05876229 -0.0013532871 0.020134244 0.004518893 0.0048417347 -0.02695204 0.00066952483 0.0015816188 0.0044948026 -0.004143238 -0.012139407 -0.004569191 0.0035480105 0.0070970193 -0.0022478646 0.018322144 -0.0084792 -0.0038579023 -0.011861289 -0.0017913622 0.0026225932 0.016030082 0.010642104 0.0031024795 0.002893673 -0.00066695275 0.011103919 -0.0015710777 -0.005980634 0.0013271956 0.01061806 0.0028747946 -0.00082344253 0.009459313 0.02266102 -0.003723335 -0.0006874654 0.0047254567 -0.011361355 -0.00806543 0.016777253 -0.0013167319 0.0007750003 -0.037664067 0.012085948 -0.0038242247 0.017937757 -0.012477954 -0.00065510883 -0.009379608 -0.0030945076 0.025741616 0.008537815 -0.01607968 -0.0062745926 -0.000689497 0.0025592416 -0.018526297 -0.0063304864 0.003002126 0.0029489323 -0.010650249 -0.016459057 0.031689923 0.0024617964 0.0040491517 0.01651269 0.021180442 -0.009328675 0.004432694 0.009152789 0.0019892796 0.004193369 -0.0027352315 0.009916814 0.0061251204 0.010998465 -0.013488877 -0.004266042 -0.012388779 0.0070430953 0.011808656 -0.034640733 0.0031902904 0.0039636884 -0.0023946806 -0.001099696 0.0051948885 0.014935218 -0.015623287 -0.00042474395 0.01103088 -0.006859937 0.014019443 -0.0074078734 -0.0009435707 -0.0017397634 0.00072425936 0.0013319487 0.0048509524 -0.02153319 0.0054559917 -0.013386833 0.0021064624 -0.0012347774 0.014578057 0.0035836562 0.027988667 0.0012718055 0.008664816 0.040759567 0.001155466 -0.0003169333 -0.017348036 -0.0067484393 -0.04372556 0.020673038 -0.0069774864 -0.009926169 0.0063418993 -0.022687042 -0.0015832633 0.0078793755 -0.010032453 -0.0082871355 -0.00862715 0.0014250572 0.019849446 -0.0069172205 -0.01873049 0.030839147 -0.0020165942 0.0077297622 0.00022258869 -0.00514938 0.017356833 0.001263299 0.013517743 -0.020031517 -0.008062771 0.013416393 3.572537e-05 0.0014247358 -0.004461723 -0.009727863 0.016601803 0.00890985 0.029224634 0.02425274 -0.0020728782 -0.027397633 0.01587984 0.005161324
suy van tĩnh mạch chi dưới	-0.015102419 0.0022453002 0.041411 -0.010038623 -0.007637711 -0.0013148864 0.021612147 0.00026396228 0.011509232 0.027930109 -0.0075000986 -0.023121247 -0.0075355754 0.016326549 -0.01050299 0.022550201 -0.006201538 -0.014082767 -0.0007879779 -0.0036072675 0.0060686786 -0.0048507336 -0.010086869 0.01114546 0.00050565106 -1.6249096e-05 0.012864265 -0.014879805 -0.015485666 0.014399339 0.008506192 -0.0095761875 0.0014925571 -0.012196791 0.021416122 -0.012631199 -0.022887086 0.041670546 0.009186159 0.0054011126 -0.0036611871 0.00019323523 0.013510983 -0.007664811 -0.0022706187 -0.0040503037 -0.014126056 -0.007870759 -0.006122381 -0.0029100068 0.0041019465 0.002118854 -0.012616206 0.004723355 -0.0073592053 -0.035862554 -0.004989152 -0.005129458 -0.007527036 -0.0070814383 -0.006654002 0.01067296 -0.006895903 -0.009892871 -0.008958034 -0.011767278 -0.014407457 0.0034060322 0.02434556 -0.00222568 0.009438031 -0.007992606 0.019454345 0.004175283 -0.0011735832 0.00906839 -0.017612671 -0.0059865885 0.0069607403 -0.008183836 -0.014764122 -0.008116495 -0.021255119 0.00417199 0.0042164424 0.007423311 -0.014596007 0.010841063 0.007338827 0.031659096 0.004610492 0.009736506 0.00015823341 0.029860854 -0.004251338 0.0034000461 -0.013137021 0.017334493 -0.012892292 -0.007873519 0.0035263512 0.01030298 -0.010452028 -0.004597452 -0.019320464 -0.021654338 -0.023802938 0.0007508341 -0.012388119 0.008596243 -0.014571344 -0.010940094 0.00806784 -0.014031272 -0.021647716 -0.008291849 -0.0039394735 -0.004927634 -0.0041419067 -0.025983028 0.0034037821 -0.0039761444 0.01996404 0.008770247 0.024356462 0.004303825 -0.016404545 -0.010394149 -0.01968754 0.014876238 -0.0031389955 -0.008291381 0.012176629 0.005528619 -0.00061740336 -0.0020449618 0.0035019454 0.016491974 0.0061460175 0.010550483 0.0043580723 -0.0050971527 0.030759467 -0.0018285421 0.0032175488 0.008677459 -0.016826296 -0.02828701 -0.0026766744 0.0069377595 -0.009535476 -0.018566353 -0.030888544 0.00077464926 0.008036605 0.0025919091 0.0067966506 0.00080114853 0.0007267787 0.015260789 0.004921327 0.027556313 -0.00063652266 -0.008006194 -0.004403239 0.0039262706 -0.021269664 -0.019734737 0.00048400028 -0.011762597 0.005151044 0.0071664243 -0.011565787 -0.0049547744 0.013541105 -0.011625444 0.01807213 0.010061507 0.005936662 0.013625358 0.026337525 0.008576082 0.021894364 -0.0020103406 0.0062618903 0.0025301094 0.0013580015 0.017103544 -0.0056892387 -0.0094161155 -0.015871812 -0.004148929 -0.010645048 0.009881758 -0.0031225479 0.020938218 0.008394693 0.00608268 -0.017135544 0.0021815738 -0.008259327 -0.017110905 -0.0061677205 -0.01676241 -0.0031353266 -0.0030563388 0.011073018 0.006472605 -0.014943357 -0.028026545 0.047644407 -0.0077105765 0.011537221 0.0052807215 0.0068636728 -0.025950188 -0.00059066276 -0.005624119 -0.00527652 0.0012687653 0.0077814516 0.018162878 -0.013378407 0.02297955 0.0037488854 -9.66922e-05 -0.004324051 -0.010276175 -0.0015705308 -0.031366434 0.0058184657 -0.0013957428 -0.009645441 -0.0012850495 0.012561709 -0.0039176648 0.0013848692 0.0053907763 -0.0021108817 0.00709934 0.016307568 0.0021371914 -0.0014028611 -0.006450666 0.008726812 0.0016554479 0.0061614313 0.0014690998 0.008778096 0.010047114 0.002598255 -0.013663977 0.0074582226 0.016303323 0.044739764 -0.0035043096 -0.00021815144 -0.01814421 0.003370649 -0.009785562 -0.020231916 -0.0024450403 -0.029206619 0.007147147 -0.0081847375 0.0013391305 0.009462965 0.013554692 0.0038756828 0.006350389 -0.0046790964 -0.023585984 -0.028978182 0.008542626 0.0011194899 -0.0019962378 -0.014934153 0.004698395 0.0012600335 0.026083251 -0.010224578 -0.005634818 -0.002595219 0.013853227 -0.005191138 -0.010771006 -0.024351368 -0.023986587 0.0026814993 0.0060848496 0.017588258 -0.00887196 -0.0074598403 -0.007042675 0.018945554 0.0038081985 -0.0057551586 -0.007034231 -0.0071443412 -0.006208595
Tan cục huyết	-0.009086705 -0.03791436 0.0046627377 -0.003954418 -0.008466301 -0.015093546 0.02879446 0.029722637 -0.006342804 0.017386103 -0.0039273174 -0.027722366 0.0053181434 -0.007200845 -0.00623949 0.012509211 0.0074285567 -0.017480003 -0.015766887 0.01527165 -0.0056537194 -0.019551348 -0.0063117757 0.0034150244 -0.011708623 -0.03315461 0.023408895 0.022044696 0.02704208 0.018042013 0.014464446 0.009192414 -0.019869046 -0.02479167 0.012957355 -0.020248922 -0.016556712 -0.0038195832 0.0020061582 0.0004806244 0.007106659 0.01313459 0.045988556 -0.0010496137 0.02149107 -0.006991171 -0.0017656636 -0.015377784 0.0052426322 0.003935134 0.0065377327 0.008519399 -0.016081061 0.0056724134 -0.010523271 -0.012840372 -0.03891743 -0.007765102 -0.006146409 -0.011278686 -0.005226014 0.009008301 0.014476597 -0.0143428305 -0.002847065 0.018265365 -0.0028287463 -0.012742987 0.04420367 0.0131826615 -0.0054371846 -0.009825131 0.024313025 -0.015391704 0.0009281218 0.05702552 -0.037857372 -0.010031963 0.0026358096 -0.015272591 -0.002240015 0.013915384 0.011952066 0.018065719 -0.018886844 -0.009773347 -0.0010730979 0.006176815 -0.015971385 -0.008850152 0.008451189 0.0018128194 0.004271081 0.026180597 -0.00998024 -0.0014044115 0.00026478872 0.0030199483 0.022426147 -0.03392021 -0.006310917 0.009768631 -0.025134588 0.00497844 -0.0058798436 -0.058337044 -0.021142775 0.01316613 0.011061856 0.016558371 -0.022120615 -0.0027120935 0.00039951538 -0.009912073 -0.0079715215 -0.03673923 0.008402579 0.0037083968 -0.017131077 -0.045042276 0.015481193 -0.00038377568 0.014290734 0.01263214 -0.0002768453 0.029768271 -0.013264531 -0.010562089 0.0039804913 0.023407776 0.006664489 -0.006753105 -0.014404996 -0.007298542 0.0054197847 0.003745784 -0.019532623 0.050150916 0.0059516667 0.005119153 -0.0015456688 0.020063562 -0.0067226337 0.025591867 0.004463775 -0.021273712 -0.019565193 -0.07107471 -0.014723007 0.0061931326 -0.014932559 -0.010678709 -0.015609276 0.006853677 -1.8688595e-05 0.01182262 0.0013574101 0.010328378 0.019054195 0.026459666 -0.0071328203 0.02008467 0.0064011826 -0.019220572 -0.008789538 0.018329142 -0.031676814 0.0045461208 0.008194705 -0.008766525 0.008670236 0.0104840435 0.017209189 -0.008012778 -0.00967156 -0.013092847 -0.0063268472 0.002157814 0.015989603 0.0025606744 0.0052450257 0.00840851 0.03090053 -0.0041858596 0.0101044085 0.0032230555 -0.003201378 0.020442806 -0.006843019 -0.016136019 -0.034396403 -0.018865071 -0.023124713 0.0010647692 0.009015517 -0.010397951 0.014594867 0.008517492 0.033728655 -0.0052426094 0.0011215835 -0.010085744 -0.008815558 -0.00032404548 0.008830866 -0.0058422033 0.0025010933 0.004536427 -0.0012197071 -0.019240119 0.042313177 -0.0078023435 0.030238032 0.041716367 -0.0032452708 -0.024587356 -0.012063778 0.00617601 0.013912356 0.0139573 -0.014554361 0.027608095 -0.020017648 -0.008335019 0.01200355 0.026212202 -0.0039512115 0.006248142 -0.015575268 -0.03283514 0.0014473122 -0.010225082 -0.0024514801 0.0007346093 -0.012570579 0.01259602 -0.005648427 0.012225327 0.020787222 -0.0305521 0.021004273 0.0062596914 0.0031271712 -0.0040050256 -0.016329596 0.0012654933 0.0009730164 -0.0077783223 0.004548085 -0.0082605565 0.004267528 0.010658508 0.021089349 0.00798144 0.06502492 -0.0047008153 0.0048889513 0.012189737 0.0032945268 -0.0034934038 -0.05275537 -0.02384637 -0.038712587 -0.013096789 -0.019389367 -0.015783934 0.0063667144 0.017783673 0.014215288 0.016726565 0.019813022 -0.019393219 -0.010912226 -0.0066632684 0.009478689 -0.0025109472 -0.006380525 0.02221402 -0.026610184 0.017529653 -0.019719463 -0.014037135 0.005478267 -0.0037267394 0.0038618697 -0.0053420346 -0.044140782 -0.04217576 0.012409549 -0.0054969615 0.008067594 -0.0016993392 -0.012702921 -0.011040811 0.02389543 0.010444314 -0.005523892 -0.008304349 0.016822541 0.026401406
Thần kỳ kinh tế	-0.009016265 -0.01162549 0.026565798 0.0076194033 0.008763104 -0.015941484 0.02011437 0.0010335222 -0.009090532 0.02557275 0.0056757256 -0.001388363 0.013892025 0.006645121 -0.005930095 0.009218861 0.012044292 0.0063674557 -0.011960784 -0.0073046684 0.018609997 0.00026392058 -0.005240441 0.0125941355 0.0064193686 -0.0036898106 0.0006585806 -0.008614594 0.024294604 -0.0026025628 0.000113657174 -0.015803369 0.014452457 -0.02105801 0.016811354 -0.009741386 -0.0072419504 0.02570472 0.0138598615 0.010789737 -0.0044664564 -0.016996639 0.010512284 0.011668378 -0.0012897584 -0.0053727557 0.008378492 -0.01200609 0.0066996673 -0.0020150964 -0.004838099 -0.014674148 -0.0037179424 -0.004642891 -0.021271769 -0.004678463 -0.007921015 0.0005409663 -0.00096789346 0.006357829 -0.0076620257 0.022598982 -0.0046445476 -0.049010955 0.0031797101 -0.0072923875 -0.001807964 -0.009407374 0.07723352 0.0066175023 0.014363194 -0.009538429 0.009009713 -0.003884052 -0.021402407 0.01832163 -0.006994737 -0.01438477 0.01649637 -0.005163836 -0.02608058 -0.0032043324 -0.0124542555 -0.012922595 -0.019915681 -0.0039524264 -0.0126626 0.010265032 -0.0099473735 0.046396337 -0.0029448431 0.0033190772 -0.0059084 0.0064009186 -0.008448849 0.0041468474 0.00012656637 -0.00748344 0.010512278 0.0069880444 0.0032791798 -0.00036104023 -0.006697903 0.010960968 -0.02240803 -0.037065975 -0.009691048 -0.0038479941 -0.006798264 0.008781861 -0.048118405 0.018203316 0.011650338 -0.004192516 -0.01564889 -0.010101021 0.012699131 -0.0028518082 -0.00860021 0.0023765576 0.026031328 -0.0051444573 0.0006507654 1.6995062e-05 0.01138706 0.003978638 0.0032894579 -0.008083807 -0.0022933357 0.009103822 -0.009284491 -0.0036264583 -0.0017518593 0.020482382 0.014142241 -0.013986251 -0.0114909755 0.04804194 -0.017774593 -0.017237352 0.010611562 0.0004623223 0.0084423125 -0.0066275895 -0.026285915 0.0062877387 -0.011657534 -0.018374773 -0.0139313005 0.0063968943 0.0007151517 -0.015140356 -0.011901537 0.011715684 -0.010433545 -0.006705625 0.014615185 -0.012568215 -0.012829363 -0.020810012 -0.0017944076 0.018640105 0.0010083679 -0.0058213766 0.0011392852 0.0009405808 0.0018623603 -0.0062591294 0.031038549 -0.008467997 -0.0027071168 -0.0018551516 -0.010256678 -0.00037647097 0.00042013123 -0.000354791 0.0047893906 0.031814512 -0.016889116 0.0049150037 0.019038625 0.018615557 0.021857921 -0.0034479427 0.0060298583 -0.006303652 -0.015353062 0.010597223 -0.00611881 -0.009627758 -0.036075536 0.011156699 -0.0057380795 0.0014933383 0.0025198048 -0.01715851 0.0063235727 0.009694537 -0.0019263464 0.00496915 -0.018320996 -0.011913488 0.009518226 -0.016903685 0.013128204 -0.007563435 0.007296185 0.018009951 -0.00835264 -0.018401783 0.055762246 -0.003404327 0.044364665 0.005051234 -0.006840955 -0.0038982453 0.010200514 0.0054795216 -0.0017711676 0.0126751205 0.016095579 0.021612007 -8.363606e-05 0.012996051 0.00057151285 -0.0069573377 -0.005641984 0.010369459 0.025438074 -0.061787125 -0.00078353245 -0.011595864 0.0025082116 0.005017492 0.006620631 0.018295113 -0.012763179 0.0032556045 0.0010839712 0.0011532261 0.033642944 0.011914828 -0.010852109 0.0040922198 0.007313508 -0.014353452 0.0013300688 -0.013766717 0.009015318 -0.015330278 -0.0023186961 0.004828194 0.028861212 0.0004354588 0.041467156 -0.0038600047 0.013055509 0.030663384 -0.016536972 -0.0023852321 -0.014903893 -0.002502775 -0.023699958 0.0015274667 -0.01587108 -0.009171473 -0.01381572 0.0005807673 -0.0044564656 0.016429003 -0.013061764 -0.0079370085 -0.028054606 -0.0017982057 0.014643887 -0.010961624 -0.009174917 0.040358894 -0.01835944 0.009917757 0.0012799569 -0.007860894 0.00902589 5.8200567e-05 -0.002190021 -0.0076784045 -0.006689292 -0.015191348 -0.008187496 -0.0011206215 -0.0023718404 -0.0035744035 -0.007669139 -0.0023682714 0.0030389703 -0.007562894 0.0057104947 -0.00488068 0.013154603 -0.013956494
nhiểm khuẩn huyết	0.008139912 0.0049299896 0.036391642 -0.009892261 -0.0076420396 -0.02098315 -0.008891809 0.019949792 -0.017001841 0.022804221 -0.010140571 -0.03227619 -0.0041406713 0.013224414 -0.021947535 0.029070163 -0.00044812087 -0.010774979 -0.009434311 0.0034041426 0.0044463067 -0.006794047 -0.01445314 0.0033995605 -0.022251248 0.005606784 0.035276316 0.0069446703 0.018084792 -0.013483131 0.014462319 0.015906753 -0.015040373 -0.0049755084 0.0013623621 0.020751595 -0.009312493 0.01940475 0.0039037794 -0.0030377503 5.957062e-05 0.00039456785 0.024288412 -0.016468028 0.018726327 -0.004698266 -0.0030706774 -0.022432564 0.004443512 -0.022470059 0.001387473 0.009255239 -0.014844433 -0.009799161 -0.02203995 -0.051549517 -0.025001584 -0.010874892 -0.007253817 0.005066031 -0.016842889 0.0058117947 0.024762388 -0.0032480254 -0.0099383425 -0.015657298 0.002212535 0.00045143702 0.027017392 0.0053669666 -0.004232168 0.00082725234 0.0010651728 0.0075489483 0.004361713 0.025584687 -0.02309981 -0.027116204 0.0070950435 -0.02021513 0.00929695 0.0067647514 -0.036348708 0.019070791 -0.0034958466 0.0123898145 -0.018399606 0.006901547 0.009159397 0.0002547947 0.011058938 0.010139709 -0.012062954 0.004096814 -0.0071462593 0.03279393 -0.016180608 0.0025237196 -0.008886435 -0.021768905 -0.04227071 -0.006866276 0.008482143 -0.02604312 0.01847233 -0.025577752 -0.023890495 0.023140937 -0.01505934 0.004859194 -0.017854754 0.014681526 -0.0037982352 -0.0006517099 -0.023917936 -0.0008976258 0.0014875191 0.015679633 0.015110507 -0.025564289 0.017287863 -0.008407305 0.0062876856 -0.00528193 0.030675687 -0.00014174878 -0.018866146 -0.0010655783 -0.0050223256 0.009958954 -0.017361214 0.005032823 -0.017116178 0.021261752 0.012744292 -0.023465643 -0.011886995 0.038681205 -0.0030290505 0.0111157615 0.01832858 -0.00063738204 0.023967026 0.002018413 0.008101251 0.0012525826 -0.029180123 -0.030072022 -0.008630069 -0.010602572 0.0041403626 -0.019402007 -0.027321203 -0.01908775 0.013786477 0.0065042693 0.007151991 0.013304249 0.006805994 0.0074830446 -0.013067429 -0.00080881914 0.010283964 -0.0040931567 0.031562082 0.008106452 -0.009559012 -0.0058482033 0.013378996 -0.012682739 0.001808855 0.042054128 -0.011170615 -0.012239887 -0.0018046419 -0.030103687 0.008427559 0.027590763 0.02056602 0.0076259826 -0.0040923147 0.013471078 0.052309982 -0.018991364 0.016579844 -0.0007822459 -0.0071063032 0.0070666354 0.01842313 0.0038062572 -0.017168973 0.011056278 -7.180423e-05 0.016783701 -0.015122559 0.018603623 0.021327259 -0.02207857 0.029659856 0.0053255004 -0.020129247 0.010093689 0.002520283 0.0074041877 0.012612116 0.0016312735 -0.009142027 0.009453465 -0.008688597 -0.014950955 0.025104618 -0.0094377985 0.02130147 0.008926966 -0.031789593 -0.022363449 0.019905183 -0.008924624 -0.00025352748 0.009746911 0.010568136 0.023475848 -0.025882432 0.025813242 0.021918438 -0.0024164517 -0.011000875 0.0077639082 0.0075034727 -0.010207157 0.008691342 -0.0068210573 -0.0067821466 0.013971787 0.024030741 -0.004585936 0.0042613847 -0.00014769932 0.016811997 -0.021224368 0.024445666 0.0007135358 -0.008236598 -0.0075600087 -0.0005461785 -0.023731137 -0.0247137 0.00711555 -0.0038376108 0.000957015 -0.006018475 -0.0035289766 -0.0071114977 0.005813142 0.014686861 -0.0057298928 -0.0027044513 0.038844418 -0.004042072 0.002372115 -0.0075039435 -0.034809984 -0.05244537 0.0033645832 0.008625835 0.008847154 0.0055834795 0.013763691 -0.012518524 0.022512276 -0.0137420185 -0.0057849926 -0.028407566 0.015238803 0.0031320374 0.0018254608 0.011154673 0.0072696856 0.011108976 0.009387066 -0.0008012938 -0.0019899441 0.01928323 -0.0026408078 0.021852084 0.009476582 -0.040031195 -0.010228694 -0.00415152 -0.010605072 -0.018275443 -8.815179e-05 -0.009285419 0.015837366 0.016840022 0.015816862 -0.0011228926 -0.0126616005 0.0070337034 0.0029185344
bắc bán cầu	-0.048859615 -0.035241492 -0.008630637 0.03554954 0.016857047 -0.016595388 -0.024072444 -0.015179728 0.03131707 0.016195929 -0.017658845 -0.035472907 -0.009510427 -0.034325805 -0.004947469 0.028122598 0.018723607 -0.05352255 -0.017243791 0.029433047 -0.020717543 0.012210789 -0.0023657393 0.041588485 0.0036918665 0.025668044 0.028649066 0.00432231 0.032024212 -0.020935494 0.01044464 0.010332412 -0.0002292931 -0.036347218 0.012841141 0.029143652 -0.020229582 0.015869925 0.04623689 0.012349813 0.03203517 0.045733288 -0.012674049 -0.03318804 -0.036754746 0.027130172 0.024013275 0.021392662 -0.022019729 -0.008561668 0.05324946 -0.02000379 -0.027723849 -0.014152458 -0.018667037 0.0074037565 -0.059074797 -0.00935271 -0.017681142 0.040790837 -0.019049402 -0.01143431 -0.016786553 -0.010383273 0.0065709315 -0.008024586 -0.0073521435 -0.020965634 0.014663681 0.017148647 0.0077149076 -0.008240933 0.04509474 0.024505764 0.018563261 0.020441465 -0.050058685 -0.036832135 0.022677546 0.004219503 -0.016023392 -0.0012059562 -0.042730115 -0.0013111737 0.0023694946 0.037838317 -0.027205784 -0.0012669775 0.02118837 0.012853657 0.020821014 -0.0046759555 0.0024988458 0.03381421 -0.04394199 -0.02335075 -0.0071725086 0.07491922 -0.019422326 -0.015725754 -0.055672646 -0.025845805 -0.040953092 0.013674495 -0.015953535 -0.020424472 0.0027510126 -0.017364169 -0.040367313 -0.04485322 -0.027037624 -0.06897546 0.010524513 0.008421241 0.027927542 -0.0004268516 0.025816193 -0.028397981 0.016416308 -0.014484848 -0.013888413 -0.03609069 0.022691827 -0.02804851 0.0100134695 0.008526222 0.014706664 -0.009350529 -0.001110445 0.007604095 0.015914714 0.043246426 0.028772075 0.0026466232 -0.011049404 -0.0215245 -0.018008858 0.031003121 0.013318862 0.007974438 0.02775529 0.0226028 -0.013088522 0.041994046 9.761155e-05 0.01480722 0.013859972 -0.046177376 0.0054395455 0.060714196 -0.021489482 0.019939944 0.0018282682 0.027833164 0.005935733 -0.06262762 0.0062442813 -0.025284152 0.0024926197 0.02589345 -0.0005893257 -0.0021494206 0.0002002813 -0.006853752 -0.030379489 0.07842912 -0.06753981 -0.0018957356 0.05866643 0.006392428 -0.030114481 0.00016025602 -0.04165601 -0.06090056 -0.037251256 -0.0057553453 0.008385586 0.02173007 -0.0051907273 0.009776494 -0.007486305 0.037591904 -0.035763774 0.006416537 0.0007362578 -0.04276193 -0.033065338 0.0014165503 -0.019472 0.03800204 -0.025456915 -0.060492743 -0.014050384 -0.014354853 -0.023479491 0.052218042 0.0048076003 -0.016060263 -0.0125930635 -0.0039411513 0.008877296 0.055274677 0.03395607 -0.014131581 -0.005665558 0.016734662 -0.016454909 0.015860703 -0.008572021 -0.048846036 0.004095451 -0.05334891 -0.015965657 0.001196517 -0.012465292 -0.02698991 -0.017965566 -0.00050232897 -0.010964626 -0.012050621 -0.024832653 -0.020720843 0.0062495545 0.039376643 0.04433501 0.029475406 -0.03297046 -0.0071339505 -0.0013388887 -0.044020627 0.021997815 -0.035708103 -0.009936661 0.044958275 0.023333292 0.025061583 0.069857895 0.0058151856 0.017353723 0.0076533593 0.025096744 0.0765168 0.016729185 0.012521571 -0.0054161004 -0.0037528998 -0.037527602 0.017719552 0.06528644 -0.01814739 0.0031750314 -0.005833209 0.02097012 -0.027111435 0.019265655 -0.01102848 0.026450878 -0.021351509 -0.025611375 -0.012411554 0.024319898 -0.029189179 0.022810688 -0.027715325 0.027169257 -0.05316437 -0.01689705 0.0011305909 -0.022841848 0.0025620512 0.01757956 0.013479096 0.029425513 -0.010054153 0.016640808 0.008509381 -0.028825443 -0.046963226 -0.049315747 -0.01824047 -0.0043169884 0.028116476 0.066449516 -0.03311944 -0.022357943 -0.01684959 -0.01309479 -0.02169589 0.0032606653 0.036691945 -0.012525347 -0.0101796705 0.006262687 -0.016627658 -0.04174546 0.05212651 -0.020844033 -0.028035607 0.056107245 -0.03494057
Bệnh hồng cầu hình liềm	-0.015316952 -0.013076774 0.02975507 0.019562135 0.021042597 0.0021140487 0.012692205 0.00897389 -0.0060122013 0.050350912 0.01954482 -0.026229115 -0.0016275248 0.0017394949 -0.0047385283 0.010896308 0.020475067 -0.008893894 -0.0026224302 0.0066659735 -0.011327152 -0.0068419464 -2.4296698e-05 -0.00081246026 0.016502254 0.0039707767 0.008921535 -0.006191068 0.030260444 -0.016881736 -0.005897324 0.004046605 -0.020168174 -0.004341297 0.009352359 0.0006337487 -0.008449343 0.016818402 0.019770958 0.007438333 -0.0053719496 -0.0037840377 0.019067846 -0.007937826 0.001778251 -0.009004355 -0.0027018744 0.0052302233 0.01857125 -0.015832156 -0.0010164086 0.005928061 -0.016177326 0.0002522497 -0.009161465 -0.02493467 -0.023096697 -0.008050756 -0.008154596 0.014497201 0.011234675 -0.013214369 0.012931639 -0.025298277 0.010137904 -0.012931813 0.0015359486 0.01400335 0.03896749 -0.00021309334 -0.0019325794 0.000604036 0.008720392 0.014441659 -0.018664269 0.0013480344 -0.010875433 -0.011096792 0.01076135 0.0026858912 -0.009651496 0.010047486 -0.025154196 0.0222713 -0.0019702811 0.026251534 -0.021860793 0.006337082 0.010437642 -0.004385921 -0.010423812 -0.004577715 -0.007883536 -0.009518926 -0.018645158 -0.0037495177 -0.020684814 -0.020205047 0.009301018 -0.00097344443 -0.0002991426 0.014816885 -0.0038745226 -0.0072846315 -0.013113896 -0.03160017 -0.0036875918 -0.012051144 -0.008908715 0.0048412047 -0.019057985 -0.0040138825 -0.00030711223 -0.005857961 -0.011980775 -0.013923325 0.013127631 0.007040713 0.008556074 0.00695475 0.019573316 0.018914565 0.01883025 0.013813312 -0.009741165 0.0052332715 0.002047044 -0.01246338 0.0014741109 0.020224443 -0.0023471552 -0.0031988684 -0.009138933 0.015282642 0.0042766985 -0.0016534236 -0.001620081 0.017937789 -0.0058974824 0.028077906 0.00476311 -0.00051161007 -0.0026650755 -0.0010944627 -0.0077480157 -0.011842473 -0.00600497 -0.046874378 -0.0032587443 0.028448902 -0.0011062383 -0.020025795 -0.015140075 -0.019087773 0.0116158975 -0.0008793788 6.0023294e-06 -0.007560577 0.00071830774 -0.00012315375 -0.0034439652 0.020984136 0.014773325 -0.009653599 -0.0020319805 0.0055041797 -0.0047178837 -0.010684196 -0.024935761 -0.0032544914 -0.0055111293 0.021358404 -0.018781057 0.01170913 0.0039652786 0.0051029236 -0.0053694337 -0.002827778 -0.0017552403 -0.016453227 0.010301548 0.01908889 -0.004086489 0.010945926 0.0036323036 -0.008422096 -0.022784164 0.013293201 -0.020031545 -0.005363032 0.0043059653 -0.0014405173 0.021343878 -0.0052967574 0.012771412 0.005126075 -0.006051089 0.0047288267 -0.0033902142 0.004337366 -0.019022262 0.008902286 -0.008678981 -0.012054713 0.005566498 0.0021071476 0.00939051 -0.01008418 -0.0023590033 -0.02304167 0.016531093 -0.0031857123 0.008511014 -0.012180621 -0.0038864145 -0.022705248 0.01532181 0.0007528559 0.021704035 -0.027145412 0.006551277 0.022141352 -0.005652031 -0.0031812277 -0.0073327776 0.0037173214 -0.015151413 -0.01612821 -0.011480167 -0.022162274 -0.0031559276 0.027216211 0.008950618 -0.006462027 0.008062324 0.021652844 -0.0053176065 0.0041591274 -0.00067374145 -0.0055083027 0.025888106 0.0037099386 0.0031742319 -0.0068664905 0.00029365107 0.012933723 -0.011868041 -0.009209805 0.01053471 -0.01665998 -0.0043666554 -0.015128071 0.015182414 0.0108465655 0.0051407865 -0.012107202 0.0076927855 0.013451247 -0.021835407 -0.022682998 -0.009820493 -0.015674062 -0.028273724 -0.012711026 -0.00720545 -0.002023343 0.003141186 0.009951407 -0.00015711172 -0.0040669153 -0.0154262325 -0.022512682 -0.0141246235 0.013747583 -0.0034722728 0.00924674 -0.003361829 0.029044399 0.015284554 -0.0044498285 -0.004937873 -0.011035018 0.010926344 0.007815795 0.0055337814 -0.010739739 -0.009066751 -0.0039615333 0.0015876545 -0.011121902 -0.013840051 0.014027083 0.0031043987 0.0030764923 0.012041709 -0.023527315 0.021209858 -0.016375992 0.0064663924 0.0023226603
tin tình báo quân sự	-0.008939695 -0.0073052496 0.042977553 0.009922503 0.0122873895 0.0038224487 0.011838867 0.023055732 0.00745841 0.014184899 0.0014480765 -0.01175887 0.0027616145 0.01060298 -0.005373761 0.002708788 -0.007944332 0.015563835 -0.027061671 -0.0140126925 0.022144107 0.003842093 -0.020820804 0.0064093643 0.011017663 0.018896833 0.022132035 -0.0009659067 0.0024791288 -0.017315753 0.013243835 -0.012044507 0.009064785 -0.020912286 0.020320734 -0.021194465 -0.024765996 0.014576154 0.01648439 0.016019441 -0.0057400176 -0.0075050388 0.031084325 0.0016979993 0.0012303987 0.010714562 0.013058905 -0.005029386 0.00577384 -0.027716368 0.008491812 -0.010986143 -0.023273401 0.0030235234 -0.0039579063 -0.026851531 -0.031581257 -0.012428828 -0.0054954407 -0.014074885 0.0048782746 0.014518057 -0.0067261476 -0.010691752 0.007954281 -0.0062469924 -0.0075596445 -0.009339444 0.026727796 0.004438198 0.010933407 -0.0055776928 0.035756163 0.015421044 -0.02765163 0.029920127 -0.017845353 -0.026766714 0.004487771 0.0066167265 0.014623569 0.0011120415 -0.019188207 -0.022761354 -0.031873338 0.002066744 0.0029415183 0.027222475 -0.0034402807 0.039058723 0.00571638 0.0035683895 -0.0054368577 0.016589405 -0.01239441 0.012379198 -0.0003236594 -0.009065137 0.010303473 -0.009653881 0.011147936 -0.00021513841 0.0077913413 -0.029067662 -0.012873504 -0.021849712 -0.019239727 -0.010911738 -0.004964497 0.0044806497 -0.015460187 -0.00016716412 -0.007699227 0.0027472964 -0.018043835 -0.011015432 -0.009454786 -0.010609852 0.02164819 -0.051644567 0.03273329 -0.006328525 0.0031759266 0.009663409 0.0077098063 0.0025611457 0.0061456338 0.00096473965 -0.0024261475 0.005199381 -0.004943354 -0.024370601 -0.008811099 0.013847343 0.017436208 -0.017561715 0.00976432 0.035487883 -0.000662802 0.030680656 0.006130987 0.0032806108 0.009437089 0.0048111007 -0.019870335 -0.011130934 -0.0320923 0.009947707 -0.005789123 0.010396714 0.00042349772 -0.01644692 -0.010636235 0.004233651 -0.010699391 -0.012176055 0.004828359 0.0011910736 -0.024767451 -0.005352816 -0.004483423 0.0029515084 -0.0006429029 -0.007195505 0.00016227488 -0.0083687445 0.00085830974 -0.010687897 0.01600373 0.015315337 -0.018928377 0.00019748282 -0.009238655 -0.010686842 0.01213277 0.017352305 0.011960407 0.02318349 -0.0036154613 0.0043016234 0.020413293 0.00011761699 0.022153385 -0.011466789 0.012642215 -0.010788204 0.0074799303 -1.6074111e-05 0.0069830203 0.004868503 -0.027769431 0.036446296 0.014722205 0.028151572 -0.019863531 0.027650176 -0.015457425 0.016196366 -0.007250968 0.022487275 -0.015286292 -0.0057176864 -0.022090532 -0.0028164934 -0.0149254715 -0.005496108 0.031147378 0.016262136 -0.014099985 0.002430631 0.0068175546 -0.008637793 0.026913205 0.0068135937 -0.0050167236 -0.010983728 -0.008606628 0.02975102 -0.020335097 0.015217915 0.002161235 0.017996723 -0.011014036 0.02558594 0.0013535186 0.0044856 0.008996661 -0.014682551 0.023568127 -0.038610782 0.0004827309 0.008692334 -0.0029709253 0.016860895 0.023438446 0.029574364 -0.0009608596 0.019740665 0.028192593 0.00021525535 0.017176019 -0.016740754 -0.0028182263 -0.009221114 -0.021386892 0.003175593 -0.006175017 0.0013936436 0.025499566 -0.017565388 0.0067603462 0.00023839204 0.056760415 0.010440392 0.06922899 0.0055640102 0.008644426 -0.016270936 -0.0015849466 0.012310256 -0.012427161 -0.023168033 -0.05813621 -0.0027863602 -0.01410556 -0.012789671 -0.022738855 -0.017571062 0.0008006817 0.022854641 -0.012066649 -0.032931216 -0.03917897 0.015689978 0.02375146 -0.010866565 -0.03139163 0.011177167 -0.013127841 -0.0005340605 -0.0018070663 -0.02914639 0.03288487 0.0068823653 -0.009270395 0.00022785857 -0.021287924 0.011604405 -0.010763157 0.00370297 0.025341272 -0.01559991 0.012588886 -0.010051051 0.018901654 -0.008242843 0.0052299965 -0.035178434 -0.0025585485 -0.007637305
vẽ mặt nghiêng	0.0003783641 0.006127162 0.031580437 0.011187312 -0.007662367 -5.2293763e-05 0.020016478 -0.0014969351 0.012813911 0.00026011048 0.001512509 -0.0030943302 -0.00685798 0.013518748 -0.012781027 -0.0069677946 -0.010485857 0.0048492956 -0.0115217725 0.0066953353 0.00032190527 -0.0017645396 -0.002402907 0.006485442 6.0526032e-05 -0.013845648 0.023004837 -0.0024619272 0.016665488 0.0004580353 -0.016579099 -0.010591697 0.0003030527 0.01292609 0.028173184 -0.016283607 -0.030319676 0.030144991 0.016885748 0.0035123888 0.00030023046 0.009331784 0.015453066 0.0108632175 -0.017370185 0.014649369 0.014173113 -0.0087508345 0.002750567 -0.0034650138 0.0060492386 -0.0045172465 -0.0051954607 -0.02139274 -0.0074642077 -0.018005783 -0.005035266 0.008292429 -0.015278272 -0.01620281 0.0054019378 0.0012958435 -0.003071361 0.027620887 0.0056151007 0.0073099923 -0.011473071 0.0022228314 0.056180697 0.012831918 0.004898505 9.263152e-05 0.011512161 -0.04172947 0.0022825922 -0.016972309 -0.028148005 0.01232328 -0.005637556 0.014711007 -0.0033268323 -0.006223601 0.004609468 -0.0044038673 -0.024615562 0.004193657 0.0010357233 0.005830066 0.0041731163 0.03335266 0.0043856334 -0.004958417 0.013703048 -0.009037989 -0.0002620773 -0.010044779 0.0047768527 -0.0033215273 0.000594999 -0.0022334307 0.0009877173 -0.016046748 -0.013997783 0.013392456 0.005200701 -0.03385197 -0.023461558 -0.038179126 -0.0046073357 -0.0016192937 -0.029321805 -0.013400403 -0.0010396732 -0.0056728697 -0.004025731 0.0059213676 -0.00028561926 0.00567517 0.002076543 -0.017284991 0.018965745 0.007663451 -0.000107397114 0.0056467294 0.025805533 -0.00723066 0.012604863 -0.020610759 -0.0117784 0.03056254 0.0019611558 -0.019460855 8.529719e-05 0.002346934 -0.0121321 -0.035762742 0.0066328426 0.0284788 0.017812064 -0.0030130437 0.011983879 -0.002764976 0.009676357 -0.015387852 -0.012568638 0.015337097 -0.0104707675 -0.010225707 0.020783419 0.0038459233 0.0058992193 0.01319114 -0.03609755 -0.010460644 -0.0029959448 -0.005563339 0.013230161 -0.0013549346 -0.011784657 -0.0046863067 0.0017346417 0.0078068986 0.010234186 -0.004289806 -0.0070579746 0.004972873 0.009771316 0.004560822 0.01723777 0.01257413 0.0013551734 0.0015710877 -0.010228575 0.008243187 -0.013161036 -0.006386847 0.011911284 0.018342521 -0.008380861 -0.013494936 0.012268856 -0.011121083 -0.0029404706 2.3155162e-05 0.0064650285 -0.006316221 0.0014820279 0.0059880405 -0.0016126544 0.005853212 -0.030035296 -0.005573001 -0.009914813 0.008191838 0.010985612 0.02871226 0.008731346 -0.0023612818 -0.011249331 0.022449223 -0.0039765243 -0.006284959 -0.00024824994 -8.702604e-05 -0.010208985 -0.0070549552 -0.004786249 0.00374699 -0.0019076392 -0.011187528 0.031859647 0.00066986756 0.024003066 -0.010161875 0.0043147057 -0.004623217 -0.0023704006 0.008430521 -0.017741563 0.0019035115 -0.0046453737 -0.01771595 -0.01777327 0.0050404626 0.017367117 0.0014044024 -0.007917079 0.0032950633 0.023093594 -0.053723082 0.013508283 0.0015651888 -0.0031871956 0.02855607 0.00030371486 -0.0128847845 -0.019148132 -0.0025474303 -0.010228903 0.0071624783 0.036075365 -0.008642664 -0.01675858 0.0028526818 0.018296285 0.008143638 -0.010880881 -0.020816587 0.0009435583 -0.0019061336 0.008671354 -0.0021862711 -0.03551937 0.008301084 0.06353145 0.001536924 0.024200568 0.020986343 -0.011802611 0.0020467236 -0.022552798 -0.005024291 -0.015716908 -0.0073056743 -0.0051332405 -0.0035996486 -0.022931293 -0.01099141 -0.011048939 0.011274207 -0.0055519803 -0.024633637 -0.0057225716 -0.0012254082 0.028664144 -0.016428402 -0.003643316 -0.011285714 -0.00165952 -0.004305707 -0.013195277 -0.0043956223 0.022231216 0.010506489 -0.0043837405 -0.0009623235 -0.02285439 -0.019393371 -0.014700044 -0.012113494 0.033417054 0.0012824071 0.03036145 0.002354066 -0.0042713857 -0.0037742024 -0.003952703 0.020594895 -0.005129906 0.008004095
Hạ natri huyết	0.00566015 -0.010374915 0.02293328 -0.006267188 0.008451988 -0.03142077 -0.009553723 0.005150434 0.0014973311 0.020982439 -0.008225373 -0.016754808 -0.008459068 -0.0027417662 -0.0117806345 0.018321352 -0.014307927 -0.015073505 -0.009938671 0.032128986 0.005448234 -0.0077121556 -0.002579339 0.015624642 -0.0055226996 -0.005425298 0.023446405 0.002244696 0.0134296715 -0.008911722 0.015077033 -0.0068264846 -0.009921618 -0.004482171 0.008048095 -0.006902697 -0.005747048 0.024186963 0.013947562 -0.009985737 0.013343799 -0.019339832 0.013177474 0.012564226 0.0056582694 -0.011545978 -0.0059196353 -0.030979007 0.0031833525 -0.009098182 0.013794347 0.009786963 -0.01533066 -0.0037050012 -0.014145841 -0.04555264 -0.010041028 0.00900697 -0.0016898504 -0.008579436 -0.015595954 0.029490367 0.011331844 -0.029754475 0.0025876989 0.010710883 0.00016633172 -0.0006779696 0.027134499 0.010928909 0.005358637 -0.024069794 0.011026837 0.017585458 -0.0012926289 -0.008679285 -0.037481375 -0.010171752 0.0029876484 -0.014418951 -0.009503218 0.016240062 -0.013649517 0.01708792 -0.0032300192 0.000973875 -0.022395713 -0.0028165907 -0.0038332175 0.0003369609 -0.010446978 -0.011286053 0.00093043596 0.010395742 0.0077780993 0.012673393 -0.018208096 0.0066935127 0.012745817 0.007697417 -0.019704077 0.0038937954 0.013693386 -0.013459661 -0.01621932 -0.048798636 -0.0013103249 0.0019111527 0.001269117 0.007736985 -0.017447473 0.005092485 0.009790301 0.0062182858 -0.025327802 -0.014767904 0.001508302 0.004153538 -0.008959616 -0.032200847 0.0339466 -9.742597e-05 0.017854214 -0.0018836693 0.010845177 0.0037651956 -0.0073595177 -0.023130199 -0.0021089094 0.00034027686 0.0048359977 -0.008122246 0.011404903 0.010351126 0.01124375 0.003557197 -0.020305494 0.027676916 0.012487054 -0.0118177505 0.009898449 0.016824769 0.010512634 -0.009345929 -0.028606305 0.007554088 -0.0055015623 -0.03720999 -0.0052368813 0.0063024596 0.0031739194 -0.008183869 -0.011117426 0.010988139 0.0051301657 0.0067590512 0.011958699 -0.0044400725 -0.005955264 0.013636075 0.0018605557 0.004951183 0.03724306 -0.005432463 0.01278076 0.016085627 -0.004671956 -0.00966116 0.015024547 -0.012280922 0.011925218 0.016707765 0.0007680043 0.00662344 0.012877074 -0.00019511115 0.0055998093 -0.0069561466 0.005911102 -0.005601745 0.0103661 0.013232947 0.029071338 -0.007470583 0.0038915258 0.0039164196 -0.0026123573 -0.0009707718 -0.002361141 -0.0096168695 -0.008429934 0.0028434496 -0.009733464 0.005684866 -0.0024664993 0.0075604133 -0.00033093538 0.007507129 0.010583666 0.0037609863 -0.0032975047 -0.006242259 -0.009735192 -0.009518722 0.00148721 0.00043029306 -0.028117113 0.0075399 -0.016066344 -0.018905615 0.045405105 -0.016493678 0.016131282 -0.0006713588 -0.014148186 -0.022004306 0.007668387 0.008393077 -0.008310263 -0.004818925 0.016949523 0.011956529 -0.01181522 0.01586611 0.005362205 0.0048258128 -0.005185233 -0.0069882576 0.004550731 -0.029504241 0.0011051915 0.0010941195 -0.0033481873 0.008534142 0.015416504 -0.0053158966 -0.012536921 0.0037164576 0.017298913 -0.011462353 0.03056633 0.0077571874 0.010608453 -0.011617578 0.009341396 0.003476457 0.0010344911 -0.0044786804 0.007810271 -0.01235536 0.0030967444 0.014495842 0.016563786 0.012345911 0.045942266 -0.015354888 -0.014995598 0.008121327 -0.013446954 -0.005746156 -0.032267597 -0.015379296 -0.030269653 0.017520765 -0.012536352 0.022208342 -0.0017957442 0.001654602 -0.0075911097 0.022355922 -0.009422379 -0.0066742077 -0.015947616 -0.005565775 0.0070570507 0.01667804 -0.0018722882 0.028285034 -0.0006600525 0.006568681 -0.00038815723 0.0047244453 0.010586423 -0.016712517 0.0034121864 -0.0086352425 -0.022387505 -0.0066931634 0.021363378 0.004602081 0.0058550737 0.00586151 -0.0017863809 -0.018224182 0.004008551 0.016585704 0.0056214314 -0.040073764 0.0020656993 0.005774407
nhồi máu cơ tim	0.027957918 -0.01579409 0.022839125 -0.050555628 0.02172692 -0.023969332 0.0006848345 0.015734928 -0.03250396 0.048256457 -0.0018799832 -0.025805226 0.02094494 0.020106835 -0.02216762 0.034218844 0.04507386 -0.051488724 -0.011545799 -0.005083781 -0.0052498267 -0.006316819 -0.015764799 0.013723596 0.016231472 -0.009367549 0.02077387 -0.03123565 -0.017364834 0.0013290265 0.005539439 -0.0049500773 -0.006092645 0.00052294374 0.005011863 -0.021577965 0.019508991 -0.0076772505 0.03432518 -0.033347778 0.0039434903 -0.036100987 0.018649878 -0.009224127 -0.010304281 -0.012467015 -0.0006857613 0.016090745 0.04169259 0.0006112148 -0.012004158 0.0008735613 -0.011589103 0.018313568 -0.0027728395 -0.019848214 0.030034777 -0.0062166178 0.008084787 -0.040273923 0.014580915 0.022493199 0.016201507 -0.01688596 -0.0013127777 -0.0025913476 -0.015665907 0.020905862 0.0015606178 0.0030552857 -0.016768996 -0.011864051 0.017580464 -0.007918606 0.017251257 0.0069619897 -0.023988768 0.008405807 0.009666909 0.028475365 -0.040880047 -0.007983736 -0.058416814 -0.004830751 -0.015269713 -0.015095651 -0.01006143 -0.009667986 0.02179614 -0.0123507455 -0.01834937 -0.04197172 0.011346904 0.006078483 0.0069042454 -0.014159196 -0.020520877 0.014192383 0.012794407 -0.010773718 -0.034348816 0.010503919 0.0027522822 -0.014791452 0.0045027244 -0.008617384 -0.019345729 0.007813277 -0.022060426 -0.0071046343 -0.010255777 -0.027527643 0.0169455 0.0130089065 0.0093827145 -0.0018050915 -0.0004812012 -0.0065704808 -0.008018283 -0.016902158 0.03595471 0.027625885 -0.01672625 -0.0010219412 -0.04448924 -0.011444932 0.014438888 -0.03190508 -0.009733594 -0.0033210607 0.014145674 0.00021642128 -0.010078959 -0.0031944343 -0.0052655735 -0.008384029 -0.0300103 0.03123215 0.0031991485 0.030175654 -0.008660218 -0.035142682 -0.020759495 -0.0028621857 0.016203832 -0.00030001227 -0.00034616716 -0.04096896 -0.01048365 0.028474629 0.004645821 -0.01704879 -0.0061271153 -0.0248919 0.002022842 0.03883869 -0.0067307726 0.011334087 0.016087981 0.005997549 -0.003040089 0.009801413 -0.00749275 -0.026913023 0.014416585 0.05970273 -0.0024298783 -0.007337683 0.0019864817 -0.015588122 0.00012417331 0.029471805 -0.001682584 -0.021219319 -0.002765385 0.02580071 -0.027798349 0.0131415855 -0.0059946813 0.007345033 0.015172562 -0.015488732 0.038691994 0.0030636156 -0.002652316 0.0077698203 0.006534739 -0.018364856 0.01475804 -0.005697793 -0.04782317 0.0036614446 0.0060008387 0.0021742056 -0.0073304335 -0.00419139 0.03900725 -0.004830435 -0.0003207584 0.010108201 -0.02793937 -0.016631413 0.003852617 -0.00044824395 -0.023155686 0.007948264 -0.0034352553 0.04546919 0.0053061643 -0.01341279 0.033423733 -0.025583366 -0.0005476145 -0.022065254 -0.015679758 -0.020997405 0.0021115798 -0.003083896 0.005754961 0.009136238 -0.016215477 -0.03222262 0.03735388 -0.018929968 0.010825305 -0.018028008 0.014686393 -0.0011084777 0.0082952855 -0.034136795 0.0011331048 0.031748716 -0.003460971 0.004482877 -0.005824183 -0.016402798 0.022923762 -0.0059621413 -0.013051936 -0.0025026426 0.0024016856 0.022429684 -0.009104767 -0.0126269525 -0.00076549436 -0.0022891674 0.01074138 -0.011533902 -0.0064358586 0.008829797 -0.016717745 0.012340769 -0.007784735 0.036590736 -0.011895877 -0.020848589 -0.002654157 -0.015548879 0.0059141195 -0.034953974 -0.0062426673 -0.027218979 -0.045428406 0.02762964 -0.0037088653 0.039234687 -0.0011556495 0.042955272 0.021940364 -0.0130835725 -0.020995677 -0.0022005893 -0.0049972767 0.026939591 0.018378895 -0.023728415 -0.04368209 0.015878243 -0.015764553 0.038184095 -0.029148431 0.015254723 -0.0005371794 0.018253101 0.02449719 0.00024755005 -0.036292315 -0.013599129 -0.012296351 -0.042144142 -0.02400953 0.0052482774 -0.022619115 -0.012262077 0.036876492 -0.012913951 0.021171067 -0.021989565 -0.008404994 0.0065070307
Nhiên liệu hóa thạch	-0.007787072 -0.006776959 -0.0062787784 0.003535307 0.0041848966 -0.005861381 0.026092663 0.0063833273 0.015933905 0.009526893 -0.0002713191 -0.0055720904 -0.0013542534 -0.0018922607 -0.0022470683 0.03263554 0.006550478 -0.0092220325 -0.0076950244 -0.0005607855 -0.010494713 -0.014180455 0.0019758008 0.011601196 -0.021919498 0.003102491 0.01157528 0.007595673 0.011566117 -0.00032348267 0.017494643 -0.0018519486 -0.0042119594 -0.018931327 0.030168483 -0.019758591 -0.022312267 0.0013073704 0.024824487 -0.0015062661 0.0051186117 -0.0027040571 0.03946006 0.021922352 -0.0059160464 0.008194977 -0.009593764 -0.0007055232 0.02034887 -0.0012690289 0.012751023 0.003330432 0.002265026 -0.008099184 9.471966e-05 -0.043899126 -0.025835596 -0.0020871023 -0.019245889 -0.0049942904 -0.0033744366 0.015024677 0.029774467 -0.038065612 -0.0032298754 -0.021238623 0.0028172222 -0.001766399 0.039679255 0.010050212 -0.006506004 -0.0056291865 0.016347535 0.026922576 -0.012816339 0.0033283117 -0.0002567441 -0.006937989 -0.0061654104 -0.017148672 -0.0103462525 0.0061573084 -0.0107213855 -0.009312083 -0.013555351 0.0023616096 -0.0071033323 0.0025300179 0.018687613 0.013204638 0.0033191575 -0.0053021014 0.009438042 0.018545672 -0.01729371 0.009886001 0.003589744 -0.0041670003 -0.007765819 -0.011279932 -0.0065278616 0.0017723644 0.0018984037 -0.019836357 -0.016605837 -0.02207492 -0.009349283 0.024669342 0.01025708 0.031830255 0.0036819077 -0.0069287773 -0.004601542 0.009245377 -0.017567633 0.0069330987 0.004782917 -0.0018488227 0.0028016109 -0.018272419 0.027699813 0.005259468 0.002300722 -0.007953142 0.02119555 0.019914111 0.018579386 -0.013202425 0.019834643 0.005999074 0.02414326 -0.016631719 0.0012612914 0.024186842 0.02621235 -0.010787202 -0.010337069 0.018848518 -0.004221948 -0.01776392 0.0015134993 -0.003843985 0.0067307777 -0.0019953635 -0.02055403 0.0075257327 -0.018345661 -0.03159305 0.004036044 0.0034456716 0.011893132 -0.015084988 -0.017637564 0.0015977104 -0.00012056069 -0.003068833 0.01867341 0.016184468 -0.018082589 -0.0057833195 -0.011422709 0.017304417 0.03908014 -0.004022413 0.0017157218 0.023077086 -0.017095653 -0.007228717 0.01269906 -0.017213697 0.004273261 0.017734116 0.0058880616 -0.0055775223 -0.018015614 -0.0021507065 -0.0060957614 -0.017573098 -0.00048695732 -0.0028603433 0.011880437 0.001726582 0.025141276 -0.015291806 0.0020771483 0.00011165751 -0.00025912665 0.01142572 0.006082486 -0.013475125 0.0019521817 -0.0061053126 0.00025840697 -0.008944435 0.021402167 0.024135657 0.012600791 -0.005599941 0.0082490975 0.0033652645 -0.0155716175 0.020385996 0.0019637656 -0.024238188 -0.0081369495 -0.024700794 0.0036990766 0.01074168 0.0013917262 0.0039680707 0.008719847 -0.015641699 0.013893834 0.0014530659 -0.004082623 -0.018484604 -0.0029767689 0.013241497 -0.00023764704 -0.015179735 -0.0017577093 0.020795716 -0.015550587 0.011092042 -0.0073269764 0.0125898365 -0.0052722804 -0.007030437 0.010277202 -0.056733146 0.006573672 -0.0078882305 -0.009681951 0.003487208 0.022766912 -0.0027257046 -0.014765183 0.020305093 0.002455241 0.0069257673 0.019440152 0.0074635465 -0.0169704 0.01147502 0.0015937963 -0.0026757978 0.007369826 -0.007292658 0.0035307084 -0.020661946 -0.003967299 0.011538489 0.05784844 0.00878288 0.0338503 -0.0098194545 0.017055063 0.013287463 -0.0052970285 0.002610787 -0.03945982 -0.024593262 -0.014673393 0.001671894 -0.0023561846 0.012001114 0.0034328625 -0.00093869003 -0.0058824075 0.020014988 -0.011399322 -0.012404827 -0.011647275 -0.00042508842 0.020835605 0.019889893 -0.030440696 0.014880015 -0.0021432422 0.009257631 -0.023928588 -0.0262654 0.008873337 0.009800453 0.028785577 -0.024137622 -0.008255812 0.010038096 -0.016794316 0.012965895 0.00095797994 -0.026426794 0.009009489 -0.0027601065 -0.0042272517 0.01705351 0.00847568 0.009456206 0.0039029776 -0.008249815
vắc xin phòng bệnh	0.005993028 -0.011420186 0.04917469 -0.0066112517 0.0023735887 -0.00579801 0.023086812 0.028601065 -0.00080500543 0.028222525 -0.0012982017 -0.015985895 -0.00022063078 0.008057285 -0.012509832 0.026071519 0.008426205 -0.0070465384 -0.019362966 0.004282997 0.001977 -5.8540143e-05 0.0059473505 0.0041182777 0.0019667232 -0.00037359528 0.0060788426 -0.0103914775 0.028155185 -0.0015761554 0.015047854 0.0027017614 -0.006805603 -0.022710228 0.012612556 -0.010759197 -0.010220918 0.024445402 -0.004313519 -0.014517675 -0.015069005 0.0034996374 0.03494724 -0.008970929 0.0058694375 0.013303829 -0.0033393702 -0.026604414 0.014444395 -0.009020032 -0.014785403 0.0023127059 -0.024535686 -0.0054101185 -0.010152074 -0.03536042 -0.025717843 -0.011199202 -0.0031336506 0.010050455 0.0056806337 -0.016991567 0.0047824 -0.04234567 0.003625758 -0.0011172118 0.0061287214 -0.0016237833 0.034960084 -0.010572846 0.013778177 0.0023738712 0.023400731 0.030302865 -0.007128003 0.038393136 0.009295273 -0.033670284 0.0046603535 -0.01244135 -0.0073381686 0.010004414 -0.027828006 -0.0072318483 -0.0006527854 0.02540009 -0.01160644 0.012422816 0.01623667 0.019348284 -0.0066103907 0.015783878 -0.0075563313 0.005980625 -0.007513057 0.00842541 0.013818215 -0.0024341154 -0.0027590792 -0.012704863 0.014607039 0.010988792 -0.007873903 -0.024977945 -0.015907045 -0.029110102 -0.0051687835 0.03379416 -0.0135440305 -0.0028815535 -0.02742241 -0.01882175 -0.015653687 -0.0012195486 -0.0017557815 0.002944828 -0.00018680422 -0.010117907 0.0065811295 -0.03618931 0.018636957 0.004094443 0.0120941885 0.002891404 0.01853994 0.018209219 0.012385241 0.011802476 0.0099236695 0.029470127 -0.0002205043 -0.022122895 0.0019381733 0.00768422 0.01789629 0.004032174 -0.010673208 0.044935614 0.0078099826 -0.006211192 0.04173128 -0.0012025819 0.020766586 0.009607702 -0.0058792885 -0.0007873211 -0.002523344 -0.013034588 -0.011037746 0.018485487 0.018636424 0.00092817924 -0.015634244 -0.001209131 -0.0025483062 -0.004019523 0.0039783744 0.0092281625 -0.011493767 0.00067672436 -0.0010240804 0.015125828 0.0010190051 0.010218167 -0.0037244773 0.010665819 -0.015501689 -0.011362636 0.009205088 -0.012531077 0.009439331 0.023883503 -0.0019997982 -0.02083526 -0.0032334721 -0.007207171 0.0007100967 0.01944812 0.00216029 0.009203501 0.006122035 0.00045070227 0.04452556 0.0013890776 0.010921072 -0.02218797 -0.007050243 0.004785814 0.006276951 -0.012394156 -0.01843206 0.022465745 -0.010015771 0.004140633 0.007969754 0.040322926 0.015314842 0.0021049131 -0.024811983 0.004299839 0.0050106617 0.0011677092 -0.004161941 0.006012273 -0.012695222 -0.013447626 0.014674395 0.008706499 -0.0077650654 -0.010902118 0.03478489 -0.0020974167 0.017666208 -0.0033672461 -0.013541464 -0.031444263 0.00055441796 0.019361677 0.00085998164 -0.007854559 0.014866079 0.01873176 -0.0046251127 0.03321465 0.005181829 -0.0030574228 0.010104738 -0.0025393614 -0.001030596 -0.044350445 0.001799643 2.4598383e-05 -0.015946291 -0.00660106 -0.00022015162 0.007388804 -0.0020712838 0.010521708 0.0059550377 -0.013270051 0.021338668 0.004231398 -0.015170911 -0.0058574504 -0.008101658 -0.007400892 -0.0038255907 -0.014046881 0.0030758341 -0.0018617581 -0.003807852 0.0034393615 0.045094445 0.015396601 0.058081966 -0.010396882 0.002835433 -0.010501105 -0.026496634 0.0065632113 -0.014010785 -0.0105390325 -0.028711405 -0.0040644277 0.0027239872 0.01919904 -0.01607526 -0.0159824 -0.006667258 -0.00032948237 0.0041052476 -0.025467888 -0.022235587 0.003541095 0.007315828 0.013494343 -0.0028191558 0.04148165 -0.011134184 0.0168923 -0.018263023 -0.0073207044 0.038947593 -0.012872655 0.013286841 0.0041531003 -0.016708653 -0.04234302 -8.173846e-05 -0.0017802784 -0.0005424109 0.0063789017 0.01251186 -0.00085624785 -0.008220403 0.01016244 0.001956912 -0.015942637 -0.02064963 -0.010280375
Viêm màng não mủ	-0.012724102 0.017724765 0.010991967 0.023558365 -0.012353577 0.018099068 0.003381602 -0.0015297976 0.009781806 0.0014305221 -0.011622349 -0.012693268 -0.012594645 0.0028456063 -0.021242801 -0.005374295 -0.012018631 0.0038154381 -0.022806268 0.005358896 -0.010654976 0.0010739107 -0.014012427 -0.014658858 -0.018677518 -0.01212537 0.024833614 0.015526769 0.0014493112 0.016210455 0.033165645 0.0010225872 0.0007072953 0.011846176 0.023557482 0.022699546 -0.008372503 0.025201278 -0.008868448 0.018587219 -0.013499031 -0.010926058 0.01734891 -0.0014521417 0.022032218 0.007836627 -0.009537927 0.0020250531 0.007007095 -0.013535969 0.0015833376 0.013974805 -0.030672949 -0.021015001 -0.005764361 -0.018535009 -0.028026078 -0.0020838385 -0.005223735 0.024165463 0.0031026758 -0.0104682455 0.01841456 -0.061067637 -0.0013527392 -0.0032928388 -0.012998221 0.01092656 0.0033895534 -0.008643539 -0.0008739036 0.020474885 0.012882958 0.010026182 -0.01568025 -0.0045645456 -0.0087232 -0.0281446 0.0070983334 -0.012429779 -0.015434848 -0.012528637 0.018204225 0.017181892 -0.006394795 0.051613744 -0.024928972 0.022888731 0.009611413 0.02114149 0.010960736 0.01267008 -0.0044511454 -0.0033861068 -0.032122992 0.012117812 -0.011733083 -0.0051977816 -0.010408379 0.016947363 -0.01933579 0.00804066 0.01141026 0.02306278 -0.035685517 -0.016128084 -0.0314275 0.029734816 -0.00024544075 -0.008655633 -0.015704604 -0.021913068 -0.022087561 0.013748124 -0.016737903 -0.0070105777 0.030224985 -0.006539742 -0.0021362703 -0.010920649 0.03190906 -0.016987728 0.006361756 -0.016645366 0.010632685 -0.042771228 0.0052343844 0.003447019 0.008692366 0.015616852 -0.000634534 -0.00309927 0.0019030205 -0.006077077 0.0102680605 -0.03446864 -0.0021296039 -0.0040734448 0.012919013 0.01202865 0.03135321 -0.012335068 0.0011211655 -0.014916162 0.021268478 0.014597165 -0.0002682906 -0.026599387 0.0032190627 -0.021786226 0.0017709943 -0.023364084 0.003366783 -0.018718895 -0.003683284 0.004003407 0.0077870055 -0.015497004 -0.016652491 0.02842267 -0.0054608756 0.011353725 0.018696155 -0.023172822 -0.007410913 -0.006839433 -0.01732692 -0.022409631 -0.016495388 0.017469907 0.01547739 0.016697532 -0.01294922 -0.008745507 0.02107493 -0.03591677 -0.034749817 0.016612709 -0.0013927184 0.014980239 0.00942433 0.024270056 -0.025862103 -0.017400643 0.007635494 -0.0016256579 0.013718181 0.012161104 0.011857269 -0.03774098 -0.014288099 -0.0068412987 -0.013368852 -0.009917189 0.018832166 0.0066473754 0.006585936 0.005583377 -0.02523726 0.019160958 -0.012480199 -0.014862636 -0.022220792 0.008620469 -0.021972772 0.004369266 -0.0076885554 -0.0070391395 -0.019682178 -0.015808493 0.04218602 -0.0068976483 0.019004222 0.013584271 -0.021663608 -0.03651818 -0.013009303 0.00497066 0.0072168102 0.0023744046 -0.0012231289 -0.0018420394 -0.01824545 0.0080991695 0.007895971 -0.024442032 0.0073639457 -0.011940731 0.0048178025 0.014770411 0.0115542365 0.010735477 -0.021892209 -0.002282704 0.004307817 0.0024593542 -0.039545603 0.0038354865 -0.0057304683 0.023449456 0.019184547 -0.0048710033 -0.00606631 -0.007554311 0.0023034129 -0.018838571 0.002376773 -0.00992623 -0.00045652868 0.005288099 -0.0025598449 0.010797322 0.019888345 0.0033871043 0.0371329 0.011385126 -0.0014801205 -0.0034636345 -2.8137118e-05 0.021041533 -0.0016676725 -0.027838264 0.0044369763 0.027581336 0.009219704 0.004424064 0.01978517 0.0035676036 -0.0022116185 0.011270953 -0.004316204 -0.008961194 -0.02067192 0.0031939114 -0.0032182352 -0.008800365 -0.0032094195 0.026980769 -0.03028073 0.006763052 -0.02308903 0.0032682626 0.013298956 0.0072237253 0.032666482 0.015773533 -0.01653157 -0.026405457 -0.013426504 0.005784921 -0.017876524 0.0126327425 0.018898787 -0.006779901 0.025116539 0.007595455 0.014703221 0.010491101 0.022523401 -0.0019334608
thấp khớp cấp	0.0022309201 -0.0013339889 0.015376137 0.011562982 0.0011918757 -0.0195182 0.01827887 0.013327122 0.00596461 0.021326173 -0.015520996 -0.018065376 0.009830584 0.017878596 -0.009424866 0.009895946 0.013272465 -0.012032544 -0.022713685 -0.0023780903 0.017166257 -0.010845123 5.7265457e-05 -0.017416576 0.009700681 -0.008163046 0.020426234 -0.010675747 0.026939524 -0.010403331 0.0052955775 -0.0005082596 -0.015143306 -0.0028523125 0.0015504871 -0.013629889 -0.009491347 0.0156506 0.018236676 -0.025992686 -0.014080695 -0.02139593 -0.005338537 0.0030583234 -0.006652836 -0.009574289 0.015558065 -0.015938766 0.015108407 -0.020518031 0.020208608 0.036882933 -0.004508018 -0.009761856 0.0066929255 -0.04518753 0.0015680492 -0.0035365222 -0.0112670725 -0.0082597565 0.017088434 -0.0007212836 -0.006052543 -0.012037441 0.016135782 -0.024461426 -0.0037101186 -0.00570299 0.043274876 -0.012636238 -0.011030651 -0.010380852 -0.01849921 0.0015105995 -0.031557605 0.005454511 -0.014722212 -0.005522239 0.0030470944 -0.012780196 -0.013692307 -0.001557807 -0.0152780255 0.019084474 -0.01587416 0.0031116612 -0.026291313 -0.015118667 0.018484116 0.025019396 -0.012968919 -0.022776468 0.003192473 0.019041946 0.0022507245 -0.014614911 -0.00044553456 0.0017853134 0.018512899 0.00042680083 -0.025765145 -0.025566814 0.0032944984 -0.015258553 -0.017008219 -0.009700101 -0.009135772 -0.0062439665 -0.015574375 -0.0043919664 -0.01883434 0.0017469923 0.0069441055 -0.006854171 -0.025593193 0.016439008 -0.00565121 0.009746147 0.019255476 -0.024631469 0.038575828 0.011295924 -0.008143074 0.010006999 0.02257892 -0.0010051109 0.007253563 -0.016006649 0.0042592757 0.011031667 0.011207279 0.0019014024 -0.015939 0.019391512 0.020412283 -0.027111934 0.011671537 0.02412588 0.01139091 -0.0036187142 0.009658077 -0.007437664 -0.003917405 0.0061415643 -0.00041852554 0.016470792 0.0032970072 -0.027404588 -0.008983671 0.008051807 -0.00114244 -0.0030564412 -0.035249278 0.0003227019 0.01202266 -0.00410762 0.021625469 0.0009866151 -0.027919294 -0.0072266804 -0.0097845625 0.005403299 0.00094257924 -0.020311968 -0.01018342 -0.0066892696 -0.0176939 -0.011246198 -0.006447227 -0.005085187 0.0012802241 0.017578524 0.009624879 -0.001483032 -0.00035304492 -0.0064694704 0.014982703 0.025711477 -0.005776702 0.0022577997 0.02220545 0.0049793096 0.036388036 -0.008092513 -0.005678368 0.0006642826 -0.0013617314 0.00072335755 -0.0046424116 -0.0048355465 -0.018746084 0.002554219 -0.0191536 -0.00856133 0.0034714714 -1.1003661e-05 0.004253335 0.009286723 -0.0037613497 0.009522591 -0.029340766 -0.0006452958 0.017349271 -0.0010435865 -0.017725507 0.020696323 -0.01422461 0.020467533 -0.012867623 -0.016868018 0.071667 -0.0095043965 0.020291924 0.003256777 -0.005087578 -0.008807748 0.02074311 0.0078102127 -0.001154055 -0.007685317 -0.018114617 0.023825087 -0.0060004634 -0.010848145 -0.0072261696 -0.0009916028 0.0142629435 0.024053335 0.01109143 -0.04858971 0.003622967 -0.010822941 -0.0053889262 -0.0003856916 0.008653159 -0.0058435933 -0.0062397574 -0.004326398 -0.0012431537 0.0017837455 0.013030773 0.009519648 -0.0250509 -0.003340593 -0.006516933 -0.019442553 0.002180281 0.01106049 0.008260544 -0.025997031 -0.0077920943 0.0037858426 -0.023100229 0.005071904 0.04345216 0.019633459 0.0008620737 0.02513783 0.0012097128 0.008364942 -0.023935717 -0.014556116 -0.042897448 0.003015457 -0.015458503 0.0012173493 -0.00023692846 -0.02119919 0.007068196 0.0075868857 -0.020066135 -0.01578576 -0.021129197 0.0006649189 0.0044760234 -0.008544121 0.001713809 0.005242618 0.024613895 0.0050007175 -0.007226935 0.0025975162 0.02760707 -0.0012956021 0.028627079 -0.0123676425 -0.019151596 0.0022181622 -0.0036149235 -0.0038889102 0.0019878605 -0.014788345 -0.02647767 -0.006175728 0.007745561 0.0015070123 0.02878939 -0.024524879 -0.020825356 -0.014929106
Ngộ độc nước	-0.00026438833 -0.040259674 0.0072704554 0.00031066165 -0.0025423616 -0.01868754 0.0011632968 0.01982546 0.017636348 0.010234831 -0.00617613 -0.010040736 0.0026719265 0.035345215 0.022075992 -0.018896408 -0.028613785 -0.0012142822 -0.03275856 0.01833367 0.016599337 0.011719981 0.0062127947 0.0014289648 -0.005528753 -0.03170221 -0.017188665 -0.022011744 0.05327964 -0.030473987 0.0039017922 -0.0027553134 0.016950807 -0.0154738845 0.0023592403 0.01691491 -0.0033249066 0.002652624 0.0071418644 -0.02272276 -0.01307036 -0.009787643 0.05421447 -0.022455035 -0.04176699 0.003545648 -0.032173336 -0.004561774 -0.011085551 0.015655214 -0.027213708 0.0050163493 -0.036882557 -0.0058422172 -0.042429846 -0.092145905 -0.057545632 -0.026149895 0.0064971866 0.0130747855 0.01648497 -0.0017003298 -0.015354763 -0.04423939 0.0055977665 0.014103517 0.0030701973 -0.03646542 0.05642883 -0.0030243106 0.008937916 0.007356471 0.04178236 -0.009450558 -0.003937924 0.06844779 -0.016762309 0.0018095582 0.014590174 -0.0122920545 -0.037936408 0.0009875662 -0.031697504 -0.031121796 -0.016730886 0.004724136 -0.015670286 0.00030257256 0.0013041355 0.053106427 0.007678044 0.0006078266 0.020592308 0.025523657 -0.00579308 0.03504128 0.0060904264 -0.026693806 0.02154234 0.008701759 -0.02842028 -0.00022918991 -0.009963968 0.008309372 -0.0026522516 -0.01991609 -2.797842e-05 0.0051661283 0.0018985004 -0.021194562 -0.041988112 -0.0056967796 0.041285783 0.033275023 0.003556323 0.024388926 -0.006590873 -0.027661705 0.01642907 -0.027455902 0.050963085 0.014391318 0.0007373728 -0.02580767 0.031260777 -0.014450097 -0.008887084 -0.013129164 -0.012353381 0.021858808 0.014768186 -0.024223676 0.009302038 0.016944299 -0.0050403257 -0.052434675 0.020066677 0.058853447 0.022367466 -0.012839483 -0.01760042 -0.0010746658 0.008464433 -0.029989842 -0.005567147 0.0094587095 -0.0037268442 -0.037979268 -0.0061179767 0.029191837 -0.004934944 -0.006825746 -0.029029328 0.0013533086 0.009568242 0.020286692 0.060012907 -0.01757564 -0.01827167 0.021970792 0.01848555 0.026374727 0.028872073 0.0007599398 -0.01580771 0.010110682 -0.006694676 -0.0028472436 0.03480332 -0.04498617 0.01110647 -0.0072131217 -0.005368877 0.021943998 -0.019384112 0.01502656 0.027995985 0.027666982 0.023896597 0.016518822 0.00759972 0.023716083 0.0031624376 -0.009206653 0.016909083 0.0070363902 0.007697432 0.026357627 0.0020814498 -0.0075533763 -0.05310061 0.028946087 -0.021303492 0.019107217 -0.008803163 -0.022712702 0.017336665 0.00060506386 0.02452171 0.0074712485 -0.006788532 0.0075766593 -0.026379218 -0.03285518 -0.042797618 0.0018952962 0.0047794306 0.044800304 -0.03203453 -0.025380772 0.016876612 -0.01832338 0.047240514 0.0065710815 0.03128003 -0.009582982 0.03219799 -0.011592314 0.027292434 0.0014222972 0.0011937104 -0.009617291 0.031202162 0.05061518 0.010172856 0.0060414085 0.008463109 -0.0049954243 0.029424459 -0.08403096 0.023910955 -0.017751476 0.0005368721 0.029546117 0.0126801785 -0.008069095 -0.015288509 0.03805827 0.039232604 -0.015547445 0.01678197 0.008994879 0.006756057 0.00641668 0.011970114 0.0010703504 -0.010119391 -0.026200151 0.006149687 -0.066835366 0.026515696 -0.0094327815 0.030158132 0.040125675 0.015273303 0.026161054 0.016183767 0.069903515 -0.01016202 0.0065284623 -0.099749826 -0.021749558 -0.03653998 -0.024602499 -0.021819538 -0.020593934 0.029417783 0.019759692 -0.0069256476 0.033445038 -0.025481934 -0.015291654 -0.032085426 -0.0096954405 0.018774604 -0.04542806 -0.030284643 0.053802125 -0.015306833 0.017467203 0.0014902413 -0.009652649 0.024923835 -0.030552123 0.009878568 0.007970888 -0.024056476 0.015757596 -0.005680755 -0.013099946 -0.0420404 -0.022445986 0.006733599 -0.0006366225 -0.009867865 0.021824019 0.020414071 -0.049165692 0.0014904586 0.0362371
viêm khớp dạng thấp	-0.0021643387 -0.00097228074 0.03257522 0.013070288 0.007327552 -0.008985037 0.015883429 0.018032026 0.006159091 0.038867526 0.009020526 -0.043407533 0.00039411074 -0.0037202602 -0.016655881 0.016689122 -2.6892214e-05 -0.0037732036 -0.022506226 -0.005197667 -0.005220866 -0.0058187917 0.005724741 0.0012217133 0.0046748547 -0.018684391 0.014824613 -0.010107921 0.03465748 -0.0040375423 0.005482771 -0.015103605 -0.002767041 0.014184881 0.014784459 -0.010691635 -0.0141667165 0.017387634 0.021379622 0.017900364 -0.0029299324 -0.0070807245 0.038419586 0.015864208 -0.01915459 0.004402648 -0.015711218 -0.0028866117 0.013034864 -0.023947068 0.007765258 0.013264807 -0.024594618 0.0017645296 -0.0075065168 -0.060777467 -0.022496695 0.0013474757 -0.019202078 0.0009662475 -0.00096881314 0.0010652934 0.016853405 -0.011616481 0.0066690138 0.00017031896 -0.013849105 -0.0018068338 0.034027487 -0.004239119 0.0033588633 -0.01905847 0.018826738 0.0112308385 -0.012220485 0.0031472708 -0.040969133 -0.0174859 0.012852885 -0.00015553481 0.010353392 -0.013496828 -0.01655882 0.022681845 -0.008123048 0.008109171 -0.008430565 -0.0056058066 0.008476066 0.001039051 -0.0039626723 -0.021097867 0.001669227 0.0124042565 -0.01010908 0.003358132 -0.014432359 0.023352198 0.0015931305 -0.009925177 -0.015073965 -0.009615867 0.010068349 0.0058781565 -0.011611777 -0.020116579 -0.025465691 -0.0024936292 -0.021425018 -0.0054517984 -0.034401424 -0.008758817 0.011912342 -0.001641553 -0.0202532 -0.0029839736 -0.003587885 -0.012678343 0.0074840975 -0.011406779 0.02276494 -0.0038516026 0.017721655 -0.00028521306 0.014883599 0.00091073796 -0.015441744 -0.010093471 -0.008611085 0.009421006 -0.008306247 -0.0072217523 0.0011103543 0.000613643 0.011806016 -0.027503204 -0.010434521 0.039855413 0.0067465603 0.015364554 0.010333155 0.0046641044 0.028838273 0.004899111 0.010490273 -0.002764678 -0.027820617 -0.045060024 -0.015072016 0.0016265342 -0.00080248713 -0.02745548 -0.043071337 -0.0114948675 0.00030997302 -0.012566884 0.012083633 -0.018006165 0.0019886163 -0.00064406643 -0.012230583 0.0055826018 0.025603646 -0.016329162 -0.010558352 0.015153047 -0.023401422 -0.015761001 0.0012256451 -0.0058345506 0.013240053 0.001002562 0.022104539 0.0098176375 0.0052619865 -0.003329876 0.012534558 0.011752369 0.0042510857 -0.0053259428 0.023736933 0.035969064 0.034756277 -0.009734159 0.008148205 0.016019767 0.010907482 0.012653754 -0.013155289 -0.0044333674 -0.03759558 0.014323221 -0.00031619213 -0.0063346676 -0.0032033129 0.004702129 0.0020872478 0.014684481 -0.014057173 0.015302418 -0.02713658 -0.014555248 -0.0029744173 -0.020390293 -0.00013679924 0.016631374 -0.00073000527 0.0060479683 -0.029125849 -0.005747553 0.08007795 -0.011030374 0.008701996 0.002263442 -0.014721725 -0.013045481 0.019205233 0.014254666 0.0038647775 0.006140998 -0.016075406 0.015279852 -0.006406648 0.014560669 -0.0025025774 -0.015209921 0.01820492 0.0058953743 0.0051870355 -0.022209661 0.024392003 -0.0011262773 -0.0006044367 0.004828993 0.010912681 0.0025938842 -0.016135128 0.010526054 0.009132959 -0.00803361 0.025593758 0.012415599 -0.019620758 -0.015444118 0.0065239333 -0.012709681 0.0018615067 0.0025947914 0.005233258 -0.032899026 0.00753581 0.00627395 -0.0025462136 0.003626825 0.010429621 0.010227976 -0.000965185 0.0128316535 -0.0125111565 0.004622809 -0.018675951 -0.004593329 -0.03133116 0.010226264 0.008689084 0.020414563 0.010186918 -0.014518569 -0.012767927 0.01626208 -0.011336736 -0.013192795 -0.035856195 0.014629087 0.00343741 -0.021287773 -0.00052411034 0.012259825 0.0074973693 0.0046092225 -0.007935293 -0.021935508 0.03795073 -0.015222911 0.024262995 -0.009616186 -0.026920738 -0.038366336 0.011130335 0.020451915 -0.0035404582 -0.0104052285 -0.0070422105 -0.012943608 0.010407305 -0.00082255853 0.016227901 -0.0144700995 -0.00026993672 -0.012243249
sự quay tròn	0.0011911439 0.0037350487 0.045298696 -0.017187016 0.009615394 -0.03750307 0.017803604 0.010545837 -0.016707111 0.015107388 0.0037970922 -0.009924762 0.0044357367 0.014280143 -0.011582218 -0.0013097726 0.0018946559 0.0067890957 -0.0129558565 0.018830718 0.010902563 0.01312607 0.0020314287 -0.006600926 -0.00590719 0.017266253 -0.0031594075 0.0025230877 0.010527401 -0.030999249 0.034694158 0.0038971216 0.0066756546 0.018855881 0.032695524 -0.011360739 -0.034948003 0.0006957614 0.030891478 -0.0021308318 0.00044150586 -0.010411944 0.03431502 0.007851489 0.009473512 0.009002681 -0.01157964 -0.027298633 -0.005764816 -0.00908777 0.0013831019 0.0029798958 -0.0019153289 -0.012645796 0.01236444 -0.055307947 -0.058121204 0.0038752363 0.02209038 -8.5934436e-05 -0.009596738 -0.0137639465 0.008258209 -0.00643007 0.015301475 0.011208748 -0.012101144 -0.009864365 0.009909449 0.027977709 0.009605986 0.025299672 0.0046175597 -0.006607237 0.027497757 -0.00426519 -0.00027561188 -0.006499689 -0.007909669 0.013057798 -0.029435266 0.006245434 -0.0037317884 0.005282637 -0.033521615 0.016483653 -0.025097573 0.002599532 0.0038903207 0.026711956 0.0042221146 0.005427097 -0.022680674 -0.009381117 -0.012340121 0.017969236 0.0069909217 0.026672333 -0.025092702 -0.0038397019 0.013715317 -0.00906384 -0.0055554416 0.0068601235 -0.025854629 -0.048298575 -0.011376631 0.0017715894 -0.029745322 -0.011972748 0.028254474 -0.00946933 0.000987774 0.0018426646 0.009786942 0.01038648 -0.008965003 0.013971964 0.0052386327 -0.03636992 0.019146945 -0.002243276 0.03463448 0.002572693 0.02100363 -0.010567583 0.015718203 0.014080724 0.006096032 -0.009332391 -0.0089886505 0.0034692376 -0.0064051114 0.00481468 -0.02116395 0.0003074551 0.005560902 0.044310935 -0.011469785 0.003184659 0.0015364101 -0.00068365375 0.019900786 0.010004501 -0.031103969 -5.9701317e-05 -0.022677114 -0.026117152 0.0046876734 0.000619258 0.00020336584 -0.013864701 -0.024749987 0.0040662186 -0.011174421 -0.0006022152 0.022072172 0.01963855 0.00016602203 -0.0039290595 -0.0061007882 -0.02470436 0.010493556 -0.008809083 -0.0010876914 0.029655546 -0.023792226 0.0019467436 0.040832248 -0.0072417706 0.0057975925 0.0015430454 -0.022509012 0.008142719 0.011828156 -0.026896412 -0.038107645 0.05963092 -0.025023147 -0.0068430505 0.015419701 0.022086596 0.0047711357 -0.009764975 0.015450321 -0.006636464 0.014738299 0.015774066 0.005523226 -0.0046682144 -0.034694247 -0.011081532 0.0055771708 0.006868063 -0.028094226 0.014521616 0.002574141 0.026088774 -0.0073674335 -0.01456281 0.0016614969 0.0044533713 0.001833468 0.0076909186 0.017157555 -0.01716322 0.012534723 -0.0017136313 -0.0025045588 -0.022020305 0.083302036 0.001776329 -0.004494123 -0.0077321446 -0.009961692 -0.002597391 -0.011205701 -0.006677357 0.0019046022 0.013609946 -0.001082484 -0.0021895417 0.005469837 0.016838517 -0.0025892234 0.00018804373 0.00845409 0.0031655799 0.0030239231 -0.016667107 0.023512749 -0.0034976671 0.0054676807 -0.013798544 -0.011666386 0.009150006 -0.031560067 -0.0037378669 0.010805337 -0.0050395904 -0.00046774 0.009805801 -0.0011016745 0.006439368 -0.011441787 0.010554977 0.02719153 -0.012855886 -0.013881641 -0.015881872 0.04960846 -0.017903069 0.05795951 -0.02093539 0.060840867 0.01176932 0.015867325 -0.015029147 -0.010323554 0.009916766 -0.057213604 -0.028546583 -0.011656696 0.00045466013 -0.008747397 -0.0017919075 0.007909223 0.0006675938 -0.00858715 0.025857542 -0.0043713804 -0.025599241 -0.022469867 0.006773339 0.023616455 -0.015295379 -0.010485781 -0.009401863 0.014448906 0.00472602 -0.012873443 0.0004777916 0.04066454 -0.020133693 0.029685954 -0.0049089016 -0.0030767322 0.0241404 6.831847e-05 -0.0031641214 -0.03075623 -0.0014736854 0.005891922 -0.004756341 0.020008469 -0.013912173 -0.0024789427 -0.038989045 -0.026047533 -0.006261439
gián điệp nằm vùng	-0.016846357 -0.005025266 0.04785284 0.009332834 0.013638254 -0.018696638 0.013573164 0.019990202 -0.007134347 0.025610322 0.0036817885 0.003278852 0.014332991 0.010626089 0.013022464 -0.020159237 -0.016099859 0.0149539765 -0.015755452 0.01304237 -0.004995116 -0.0075808875 -0.01819103 -0.0040240223 0.0061483346 -0.014229483 0.03081099 -0.011791365 0.012046736 -0.016212828 0.00050946977 -0.0044770073 0.006828163 0.0077203694 0.020918611 -0.006268058 -0.022020249 0.006697615 0.011534439 0.010450087 0.0032842495 -0.0033656522 0.03361944 0.018143933 -0.00018857431 0.023578167 -0.004284366 -0.008365173 0.007021194 -0.025351197 -0.015495391 -0.012577219 -0.0027420158 -0.011926975 -0.0045753564 -0.013870175 -0.01605764 -0.005746837 -0.0130216135 -0.017959293 0.008401389 0.014248573 -0.0034951488 -0.024322137 0.02820696 -0.022216812 0.0015534656 -0.014887031 0.04613985 -0.009156877 -0.0061284006 -0.028261311 0.001281812 0.03740933 0.003412671 -0.006298828 -0.003306327 -0.0074042147 0.0016638624 0.011520129 0.020688422 0.015570685 -0.023529535 -0.02076303 -0.022291109 -0.015528521 -0.0096092755 0.0050017005 -0.002122644 0.025081355 0.012578582 -0.0075614923 0.007267435 0.0019605667 -0.016512575 0.010222741 0.006170449 -0.014452957 0.025228217 -0.00907575 0.0021689874 0.012211248 0.0046759797 -0.05242399 0.006170086 0.008952562 -0.008663366 -0.013482494 0.0013684249 0.0074066585 -0.060411386 -0.014493648 -0.00025436247 0.008763896 -0.016066309 0.0073179877 -0.009371077 -0.006349385 0.014399754 -0.023913154 0.017470036 0.010535206 0.011684664 0.016552731 -0.010751028 -0.0056036133 -0.007522903 0.0057238573 0.002949025 0.014009994 0.009829704 -0.014332866 -0.010352709 -0.0031520552 0.002235706 -0.018182337 -0.0071479883 0.0037040235 -0.004764705 0.005623152 -0.014138618 0.014689903 0.014148871 -0.0023342324 -0.0068548983 -0.0069386833 -0.02179737 -0.015255719 0.003870183 -0.0029234942 0.013691051 -0.023724927 -0.008552036 0.028323919 -0.0006904518 0.015973965 0.0041235774 -0.0038661254 -0.0037053274 -0.005953422 -0.006500645 -0.0011516528 -0.014960643 -0.0042972304 -0.021364477 0.019192286 0.00821314 0.005128468 0.0020737243 0.015514665 -0.009592098 0.0037073202 -0.0034495278 0.0036359443 0.007865576 0.013766162 0.014105541 -0.0030038103 -0.0045871213 -0.0110229 0.00419594 -0.0019692348 0.03717279 -0.0015764445 0.0023403284 -0.01388743 -0.034203976 -0.013396203 -0.013801887 0.013816683 -0.0023449706 -0.009847221 -0.0188407 -0.0025495682 -0.01096389 0.031060291 0.0010010332 0.020896928 -0.007545294 0.006192075 -0.005257226 -0.0061093606 -0.019623062 -0.012260413 0.0072847465 -0.013868384 0.014432767 -9.202608e-05 0.0031877044 0.00046369247 0.022862786 -0.008621024 0.0061963135 -0.012109368 -0.020577427 -0.0040259343 0.014907696 -0.0155451475 -0.039178785 0.0052488907 0.03508359 0.007716841 -0.018951284 0.01079076 -0.0059093405 0.0010352293 -0.03125796 0.030274596 0.009230606 -0.043220416 0.0074200095 -0.013061289 -0.02136665 0.018510614 0.019175122 0.013018523 0.0020678262 0.00054017315 0.0011912358 -0.011955664 0.044319414 -0.0016299468 -0.00022750755 -0.022279156 0.011541642 -0.0018529362 -0.010308075 0.003537492 -0.0015048119 -0.030856142 0.002261484 0.006919714 0.015483415 0.01141081 0.02796469 0.005717871 0.008841563 -0.0123666115 0.017796278 0.0135250185 -0.0169098 -0.009441181 -0.014437254 0.0017487676 0.0057091857 -0.00971726 -0.0032365364 0.007904729 -0.015311711 0.019225435 0.0048509077 -0.018453619 -0.015037339 0.008164563 0.00339321 0.004320283 0.011019948 0.03713571 0.016698822 0.018613184 -0.008230327 0.00173909 0.005436089 0.015407422 -6.661541e-05 -0.008013744 -0.021484522 -0.012491547 0.00347532 -0.0017537363 0.021728026 -0.008392085 0.005281143 -0.00011172984 0.013027215 0.0063563334 -0.01630175 -0.010245178 -0.03568118 -0.0016273812
hệ thần kinh cảm giác	-0.0028892937 0.0018520269 0.022319907 -0.0037212332 -0.0106041925 -0.015073657 0.0035598571 -0.008476452 0.0015682027 0.0062511903 -0.009589993 -0.0013650793 0.018842824 -0.007360832 0.003004916 0.017140929 0.007698958 0.0029843056 -0.023263142 0.0064464444 -0.0090310415 -0.010897448 -0.009398387 -0.004591339 -0.002064223 0.028112218 0.015410593 -0.017631542 -0.0015191056 0.005470333 0.0008295145 0.0046159914 0.0050390153 -0.011768516 0.017148377 0.00819872 0.01075627 0.020884443 0.028376745 0.01525568 0.011409402 0.015073187 0.025344932 -0.00029417264 0.0050160303 0.011794132 -0.005232126 -0.007831535 -0.007708253 -0.012526922 0.00067420345 -0.01879228 -0.011624235 0.013905945 -0.015166186 -0.03110329 -0.011695864 -0.0072203795 -0.0036924996 -0.007375936 0.0011663529 0.012242727 0.00906299 -0.030131811 -0.01648265 -0.0069113085 -0.0059625353 -0.003103177 0.054315027 0.005872646 0.009298302 0.008135997 -0.0047764787 0.0137953 -0.015146571 0.05301815 -0.036116377 -0.018558847 0.0068152756 -0.0014507289 -0.012266425 0.017624862 -0.01768367 -0.0029416706 -0.02939494 -0.0010677394 0.007505581 0.011557762 -0.0036350312 -0.031237502 0.0043230513 -0.021721248 -0.008678995 0.007330322 0.0067491373 0.007960075 0.0069721183 0.004571081 0.014467235 -0.005304363 -0.009144118 -0.00653273 -0.0075572086 0.006363158 -0.026576318 0.0029743868 -0.017453376 0.023476318 0.0032530157 -0.011932381 0.005768501 0.00082147267 0.0017598087 0.014069126 0.00025164435 0.009945687 0.017106615 -0.002782714 0.00693224 -0.010602113 0.026030572 0.0017114794 0.010768302 0.002992731 0.016714083 0.009422925 -0.006612097 -0.001074503 0.007186212 -0.004611208 0.016751396 -0.014588505 -0.016092159 0.010330438 0.00022520938 0.000492601 0.004301947 0.038396847 0.0029482264 0.016187005 -0.017226381 0.0023122826 0.0057859775 0.004382765 -0.012415715 -0.008992926 -0.0020979904 -0.03869603 0.0071288943 0.023785528 0.004940114 0.0059099533 -0.025839442 0.0029204742 -0.003588603 0.012859831 -0.008698639 0.008211351 -0.009013781 -0.0031766833 0.022028815 0.00013386311 0.013792987 -0.011440028 -0.008449163 -0.0054271715 -0.005186917 -2.7592147e-05 0.022735162 0.006713059 -0.0028251775 0.00078280625 0.007939971 -0.0027666935 0.0011146914 -0.0027730751 0.008864622 0.015341983 -0.0006136509 -0.007659585 -0.0020527204 0.0105985245 -0.00040460416 0.0074558468 0.007481804 -0.001225686 -0.0036114054 0.006271221 -0.017612256 -0.0009890854 -0.02670233 0.009107434 -0.012804396 0.0072123636 0.0047401087 0.020289212 -0.010480636 -0.00035389856 0.022540346 0.017259449 0.0003652468 -0.014388555 -0.01479871 0.0076390365 -0.008679056 -0.011088732 0.0031854114 -0.010415012 0.00028669325 -0.020318305 0.02300008 0.0037662513 -0.0017788116 0.0009797957 0.004607864 -0.00055069913 0.0055766143 -0.0046691215 0.024009772 0.0026688632 0.0017998442 0.002181345 0.0030143394 0.00045218054 -0.00872644 0.0017803475 -0.020325854 0.018046811 0.0009467594 -0.021233335 0.0065497127 0.00013235878 0.004410814 0.0037163151 -0.006491334 0.0044178413 -0.0007994585 -0.016295882 0.0113277305 -0.012186013 0.010289763 0.011561988 0.0027817618 -0.007676923 0.009021939 -0.008350909 3.919677e-05 -0.012050652 -0.009157452 -0.009320164 0.000753428 -0.005464297 0.04723451 -0.004384754 0.016255397 0.001715626 0.0021170285 0.011903234 0.0066839033 0.004097777 -0.0061361417 0.0020556857 -0.020517642 0.015910244 -0.004115781 -0.0082827285 -0.0024574767 -0.0010110448 -0.004226572 0.00329073 -0.013425455 -0.00479042 -0.005298546 0.009307446 0.0087669445 -0.0020770289 -0.017889984 0.0058723367 0.009734002 0.011644079 -0.0083506135 0.0037787785 0.018447833 0.005019029 0.00087498187 -0.0054120347 -0.0128048435 -0.012101936 -0.0035651852 -0.0036539615 -0.0025174192 -0.010419942 0.018656163 0.0074386983 0.012296471 0.0047406573 0.0056725265 -0.0224855 0.023969723 -0.0055442112
bị từ bỏ	-0.009220121 -0.00178606 0.020558713 0.013191387 0.019200586 -0.0128202 -0.0029514416 -0.012831692 -0.0057826904 0.018192424 0.0037667386 -0.01252048 0.009026245 -0.0017692313 -0.013558296 0.006792972 -0.004841681 -0.011114079 -0.019448074 -0.015997251 -0.013756993 -0.0067642927 -0.0053330273 -0.00714894 0.0031138742 0.015187784 0.044416696 0.021833649 0.0312644 0.013412916 -0.016485518 0.021807348 0.010543725 -0.015836382 0.009022763 0.007287042 -0.036806848 -0.01448737 0.0324372 -0.027082989 0.014518648 0.0095035825 0.015852537 -0.015465596 -0.012206745 0.031357158 0.015840804 -0.0077379937 -0.0027958422 -0.006278427 0.002198046 -0.00479872 -0.012708959 0.0167711 0.003944468 -0.05140096 0.011171467 0.010303869 0.0053684562 -0.016432645 0.0008463563 -0.004460922 -0.031890687 0.074390836 0.01697549 -0.015132681 0.013402068 0.023056269 0.054832984 -0.00069017475 -0.011186128 -0.016958075 2.7988805e-05 0.05525369 -0.012104869 0.01775401 -0.016186574 -0.004121238 0.011724102 0.039624695 -0.011666355 0.010815815 0.006039005 0.0030546042 -0.037898824 -0.0003170818 -0.00811451 -0.014240741 0.00442441 0.042422995 0.0014309093 0.0152063565 -0.012756704 -0.01110794 0.019478343 0.018183693 0.008593193 0.017082056 0.01073436 0.024880975 -0.09778148 -0.030519791 0.008545422 0.005207298 0.0045590983 -0.023969399 -0.049841654 0.0653182 0.0016761353 0.012637902 -0.04228096 0.018222595 0.00075768743 0.0027054476 -0.00844819 0.00343981 -0.0014149806 0.0077547976 0.023677206 -0.087513685 0.008140113 0.017542252 0.006639289 0.0101788975 0.02738793 -0.00855288 -0.021133533 -0.037291635 -0.010607202 0.030559286 0.0074703023 -0.033498242 0.03686855 -0.001856532 0.0056474786 -0.02701849 0.025361093 0.07625141 0.010300167 0.0044686017 -0.024369007 -0.0022416243 -0.005874604 -0.027852776 -0.002522852 -0.0040785945 -0.020869933 -0.0856514 -0.013757549 -0.0051800385 -0.010330956 0.023108743 -0.011167067 0.019085893 -0.015730852 0.015024691 0.025195165 -0.0045053014 0.0027640741 -0.005291421 -0.02407878 -0.023284866 -0.008002675 0.0039555337 -0.020302497 0.018443272 -0.027976245 0.0061968113 0.010019035 -0.011754622 -0.009790118 0.008883805 -0.019497966 0.010712999 0.0015552699 -0.012794674 0.010494184 -0.025117775 -0.005135777 -0.003730771 0.0032666374 -0.0017361945 0.038931675 -0.0024947978 0.0065785465 -0.036504064 -0.025393544 -0.0048822626 0.00070997793 -0.011112209 -0.048024792 0.003986849 -0.006348042 0.0393208 0.01036029 0.03716026 0.020536238 0.010454055 -0.016531361 0.021141762 -0.03005386 -0.0050904434 0.006060066 0.016059265 0.0011368403 -0.0013498286 0.010218868 0.040036626 0.0063657123 -0.005541604 0.0112535395 0.0022035297 0.018446887 0.0044539706 0.0025053548 -0.018226067 -0.0014970718 0.020222204 -0.051840004 -0.021771342 -4.3176115e-06 0.009763316 -0.020680647 0.00459274 0.013667118 0.0015915065 -0.01926869 0.0042535583 0.031626638 -0.06491735 0.015903441 -0.0058803544 -0.0045120046 -0.005482146 -0.010269419 0.008565324 -0.023595817 -0.022786334 0.0044832975 -0.008165017 0.037749585 -0.0076100063 0.027952483 0.012028187 -0.008461361 -0.010791041 0.0007537138 0.003925135 0.0043314532 -0.0076449006 -0.0018898702 -0.04284249 -0.116542555 0.0032461446 0.06460622 0.0043114456 0.004055174 0.12965058 -0.019661197 0.0061338074 -0.025776623 -0.0022084278 0.02703398 0.0088888835 -0.0050830278 0.008140385 -0.014372576 -0.024208838 -0.0065057576 -0.005962163 0.0015569873 -0.012845944 -0.021671481 0.003417208 0.061941624 -0.045928773 -0.031061197 -0.04248463 -0.0034037996 0.023556843 0.002057648 0.004056494 0.0040621986 0.01624067 -0.005192284 0.021878466 -0.0041659423 -0.05322108 0.0064098896 0.005901648 0.008419538 0.010962076 -0.028289055 -0.023246005 0.030113518 -0.009525859 0.012016925 -0.04423059 -0.043282982 0.009296594
Ung thư nội mạc tử cung	-0.0013322876 -0.016684178 -0.018822832 -0.022564083 0.00628517 -0.015095659 0.008461073 0.010600705 -0.011624562 0.034071587 0.011344656 -0.005414613 0.0064685047 0.016737059 -0.02027436 -0.0047867238 0.0017183748 3.0884432e-05 -0.008435343 -0.0011559395 0.018558085 0.0027181706 -0.0076447413 0.014841895 -0.0018464628 -0.012778532 0.0077872495 0.0031377126 0.0041210526 -0.014255965 0.026627297 -0.015690973 -0.00072333554 -0.017017642 0.018726464 -0.020315934 -0.0054728547 0.02724041 0.02502698 0.005408484 -0.007897325 -0.0004426782 0.019086072 -0.010533588 0.014331384 -0.0055081625 -0.021505434 0.00070581195 0.0046211695 -0.025423326 -0.012579203 0.00892109 -0.005493652 -0.011848001 -0.016074507 -0.056068204 -0.038476747 -0.003965123 0.00070474687 0.006361107 -0.0199614 0.0045804763 0.0029008882 -0.029955009 0.00840396 -0.015468047 -0.0015441416 -0.0023137522 0.027222231 -0.0017981848 0.008821813 0.012967521 0.025058014 -0.0047687045 -0.012370361 0.0076272176 -0.0247405 -0.0065746265 -0.0012706149 0.005779257 -0.016466422 0.012090707 -0.0011002696 0.0042300783 3.8533693e-05 0.040659748 -0.017869977 0.018238984 0.007067966 0.011725525 0.007564161 0.007030898 -0.009273781 0.0019584538 -0.012254648 -0.010641233 -0.030294413 -0.0052435216 -0.008751242 -0.014579618 -0.013808169 -0.004208257 -0.0033594978 -0.0014958304 0.003315031 -0.034465957 -0.0063786367 0.010466561 -0.018362701 -0.01891367 -0.015648551 -0.005001139 0.021304594 -0.0073336703 -0.018042019 -0.0016790385 0.0012291579 -0.019823031 0.006029843 -0.010853962 0.030284926 -0.02452897 0.025612852 -0.018773466 0.013744604 -0.0019910776 0.0027174978 -0.02800373 -0.009823268 0.036116034 -0.0108631095 -0.009311369 0.0028500159 0.025233831 0.008148101 -0.006316952 -0.014290528 0.033662714 -0.017458383 0.006593135 0.0009788662 -0.013911854 0.00415198 -0.0042365035 -0.012387673 0.0141156865 -0.012874718 -0.03577324 -0.022436738 -0.002843834 0.005295247 -0.020038506 -0.02809864 -0.0071458775 0.0009421285 0.0012710209 0.0177084 0.014900281 -0.0125711365 0.02810845 -0.00034949183 -0.005499447 0.01459112 0.016330251 0.005303835 0.018418876 -0.0078107864 -0.009006504 0.013201232 0.01979878 0.0040885513 0.008272742 0.0028287903 -0.026511999 0.0018409924 0.008863991 0.00033768782 0.006559387 0.019105088 0.0073343613 0.009246496 0.020727694 0.022401998 0.0023953535 0.022987846 0.030223552 0.0013876392 0.00915418 -0.0078680515 -0.0027007654 -0.029986115 0.0044017336 0.008278518 -0.0075365445 -0.004330406 -0.020216955 0.0022286982 0.013047202 0.00957637 0.02182663 -0.0125894025 -0.022212896 -0.01969135 -0.0048979297 -0.010916583 -0.01852189 0.020093076 0.013682417 -0.016321672 -0.01558562 0.019771412 -0.00044120778 0.027025852 -0.014219233 -0.022613157 -0.022638032 0.00023858329 -0.004646165 0.009339611 -0.0052460884 -0.00012343288 0.03216986 -0.0140191065 0.0074206004 -0.0047892844 -0.018452123 0.014111687 -0.0057465783 0.0021686554 -0.04421609 0.009076059 0.019202394 -0.0112652695 -0.008047996 0.03472498 0.011577048 -0.009970014 0.007172942 -0.0011335822 -0.017141337 0.032467432 0.0035105979 0.0077780555 -0.007833456 -0.008458479 0.0066262186 0.010906706 -0.009008785 0.0031029086 -0.004650465 -0.010466067 -0.0015686768 0.014530209 0.018263135 0.028013388 -0.02880766 0.02133969 0.023331592 -0.013182507 -0.0043824553 -0.019958042 -0.013403806 -0.038642548 -0.00053519185 -0.0034549425 0.020805398 0.011227866 0.012451868 -0.0124446135 0.023170829 0.0036012158 -0.00827775 -0.009377442 0.01626391 0.008367507 0.016428696 -0.020704864 0.014744313 -0.0047516925 0.025729809 -0.009027042 -0.031750184 0.027535444 0.0007105454 0.01803569 -0.0050725704 -0.026333017 -0.018610105 -0.0058608404 -0.017826965 -0.015874293 -0.0024580962 -0.0017249134 -0.010203112 -0.009951969 -0.0238411 -0.010316887 -0.004158947 0.0071858224 0.0033075172
Bệnh Phêninkêtô niệu	-0.008385513 -0.0020281065 0.012234412 0.006517314 -0.0056994506 -0.035151165 -0.003317556 0.017975233 -0.0058187936 0.029392285 0.0038697044 -0.020700997 -0.00032962154 0.012075681 -0.006795644 0.0055828406 -0.007055491 -0.0044359285 -0.011533875 0.01577246 0.010416397 -0.0033022969 0.0008493771 0.01349858 -0.0010145091 -0.0010213541 0.013186846 0.010743331 0.014647517 -0.0075713824 0.0068743955 0.004857199 -0.0018116845 0.004226269 0.018730324 -0.017219694 -0.0015370749 0.023472253 0.017110161 0.00634587 -0.017028667 -0.018864466 0.043723367 0.0044141314 -0.003782555 -0.012030449 0.007807975 0.013017713 -0.00010297613 0.004457061 0.0034280191 0.0041709007 -0.019117856 -0.0027347282 -0.018549338 -0.023205295 -0.011979689 -0.0029535992 -0.0035105322 -0.01021588 -0.010113025 -0.0024965254 0.016901676 -0.03592494 0.014150526 -0.008309282 -0.020787276 0.010765887 0.03417264 0.009763313 -0.01335755 -0.007369316 0.029595856 0.0091342935 -0.024163611 0.016762985 -0.013641285 -0.016837237 0.007019369 0.0110241715 -0.008143318 -0.0059947264 -0.013094583 0.025134137 -0.00014703907 0.014593853 -0.0027654571 -0.002524211 0.024191234 -0.004571016 0.002375236 0.0051451735 0.008982755 0.011199635 -0.016667005 0.005633736 -0.008084208 0.003608967 0.020594051 -0.005586232 -0.028257966 0.011001236 0.004536807 -0.014309155 -0.00079620176 -0.038463507 -0.022807892 0.010823388 -0.016744537 0.008563818 -0.011740739 -0.02062496 0.013627914 0.0036607431 -0.014435502 0.0061838627 -0.0007092696 0.008419086 0.0077554234 -0.015617137 0.033113457 0.008539262 0.013451112 0.0077392193 0.009807116 -0.017723931 0.0024357105 -0.011875478 -0.004608101 0.016370423 0.018263677 0.0052744965 -0.005355478 0.023771849 0.023640485 -0.025539849 -0.0014431857 0.0178044 0.011431185 0.004728842 0.008185998 -0.002180056 0.00758774 0.004327894 -0.020079862 -0.0036044982 -0.0043778857 -0.030363053 -0.011157986 0.013916024 -0.001682713 -0.027024128 -0.009865916 0.00074621267 -0.018154206 -0.0041593653 0.011605945 0.0038992523 -0.010572978 0.023056913 -0.0037126178 0.016494121 0.011716977 -0.006172993 -0.010951587 0.03191118 -0.0010297587 -0.0028942223 -0.009952468 -0.002407091 0.008621438 0.0057840985 0.008982404 -0.004314552 0.00012671741 -0.0028831793 0.0028387252 0.03211575 0.009617832 0.007684897 0.026706021 0.015099648 0.013529024 0.009879515 -0.0066865254 0.007052545 -0.010104268 0.008020655 -0.0030141738 0.012237039 -0.0027959272 0.015505627 -0.00028736476 0.0067756805 0.0009348387 0.0047969306 0.019657128 0.016900819 0.0016974368 0.008234737 -0.026125401 -0.0019272739 -0.008330726 -0.0025986126 -0.01668886 -0.002120124 0.00065916736 0.0032349543 -0.029229257 -0.034639955 0.040985893 0.004494287 0.031210214 0.0075703124 0.009081896 -0.039128646 0.012958277 -0.0013215938 0.0071753953 -0.0069399397 0.0074096452 0.016359946 -0.00969205 0.015615288 -0.00054590614 -0.015449594 0.008294307 -0.0028413332 0.009069117 -0.030642139 -0.005970546 0.01683795 -0.013846811 0.007271013 0.025358956 0.0072722146 -0.016616302 0.0069481633 0.02407626 -0.011841028 0.023286432 -0.00094916834 -0.014821064 0.0063496055 -0.012406424 0.00036594583 0.0026374033 -0.0010174902 -0.01107628 -0.013724994 -0.003622512 -0.0029660892 0.027247706 0.021522028 0.015703132 0.003940141 0.00824199 0.012906251 -0.008171083 -0.0014650843 -0.024530929 -0.0034336708 -0.014670541 0.013790303 -0.015098931 0.015453911 0.0040280353 -0.0032517174 -0.025179831 0.017904468 -0.004015503 -0.026565043 -0.017797314 -0.0015411922 -0.0006128572 -0.009953632 -0.011809056 0.028473057 0.007491624 0.005731667 -0.017446317 -0.02390884 0.023376677 0.011417442 0.018158939 -0.020249084 -0.028389364 -0.017826604 -0.002057357 -0.014979124 -0.00976952 -0.0029690727 -0.009261351 -0.010483909 0.012375909 0.0018252896 0.025880232 -0.00707037 0.021531066 0.011788309
Tế bào nang giáp	0.002643315 -0.00012548015 -0.013195253 -0.014502873 0.0033543964 -0.017082503 0.007938537 0.008887605 0.003811517 0.011522035 0.0059648524 0.0015105976 0.0036481486 0.019329427 -0.015213897 -0.013750671 0.030362254 -0.011231595 -0.012552885 0.00081148784 -0.014908938 -0.012861161 0.0022941765 0.017315576 -0.0024305773 -0.01166904 -0.007284189 -0.013448962 0.0075854803 0.0047143907 0.01402382 -0.0052465745 -0.02274311 -0.029916406 0.03152048 0.00049111433 -0.0149644185 0.008005053 0.01335908 0.009569535 -0.004383404 0.0055673844 0.042881243 0.012164676 0.032119688 -0.010927553 -0.013564267 0.0051488834 -0.0016999708 0.026545316 0.005595586 -0.006394494 -0.026579678 0.0037485003 -0.02969191 -0.069326855 -0.02745739 -0.006816055 -0.019660456 0.011602407 0.0123774735 -0.00610167 -0.00037851892 -0.055505592 -0.0132502895 -0.010423589 0.0014212488 -0.0036235754 0.054387935 -0.0033124776 0.021999916 -0.0035808145 0.020327836 0.018217653 0.0027062702 0.0613733 -0.0065903566 0.0007922942 0.0038783252 -0.0066252607 -0.013516838 0.004156706 -0.036536545 0.012821178 0.0020440763 0.0036447223 -0.0070857937 0.0022259026 -0.013242276 0.053299814 0.024324307 -0.026267033 0.0075551686 0.015113498 -0.025479948 0.0112463245 -0.029371632 0.017016003 0.0068539637 -0.013372342 -0.02110638 -0.004121548 0.0042766454 0.0076209814 -0.010957977 -0.06196918 0.0013653056 -0.0053445674 -0.0031775702 -0.00245544 -0.030650625 0.03073218 0.007488966 -0.004430091 -0.017560102 -0.0055984184 -0.0034677733 -0.011986147 0.006312366 -0.023431366 0.03820945 -0.0007629408 -0.00063111685 -0.0050710365 0.0018361538 0.0023978937 0.00010135823 -0.008317848 0.010307387 0.008461798 0.01571305 -0.014580886 0.00765075 0.040755324 0.008829063 0.0033828851 0.021693911 0.033598773 0.0030884913 0.023508606 0.0008207533 0.004921842 -0.008049142 0.009371979 0.0072073885 0.008865389 -0.00878744 -0.048303064 -0.0023647884 0.0053013796 0.005301864 -0.007516343 -0.040872607 -0.020420404 -0.0056185317 0.012357947 0.010780305 0.0015227204 -0.016432578 -0.016766626 0.0013058229 0.027483085 0.014920576 -0.031637136 -0.006118112 0.0044220984 -0.0008147662 0.0006297731 0.014790439 0.016170537 -0.004833243 0.008359373 -0.008287075 -0.01087979 -0.02268824 -0.021894455 0.019344896 0.014939776 -0.012721744 0.015493274 0.014476702 0.00739475 -0.03206678 0.0020233684 0.018344533 0.010674896 -0.016118465 0.03169326 -0.00091507117 -0.0006320551 -0.025172029 0.030195067 -0.02652222 0.02533884 -0.012684026 -0.010916464 -0.01515685 0.0060880254 0.0067277285 0.028968137 -0.036553714 0.017722 -0.0058511063 -0.0060023507 0.00937476 -0.0042252024 0.0019049078 -0.023504402 -0.012312853 -0.03801786 0.037459347 0.013429278 0.014331472 0.005625269 -0.00055816397 0.0034556233 -0.026048714 0.022794114 0.013055154 0.0117462445 0.0008523134 0.007946606 -0.025879504 -0.0013089627 -0.006647587 0.0026393165 0.0008082489 -0.010465125 0.0038245353 -0.070678875 0.01186525 0.007002124 0.0077874963 -0.009929446 0.026379684 0.018995902 -0.026858432 0.016301524 0.008976789 -0.01764575 0.0017134036 -0.0023198244 -0.011720304 0.0064682653 -0.0028159898 0.012770706 -0.013097056 -0.018038211 0.0044905334 -0.025445119 -0.0019792214 -0.015394947 0.018114178 0.01283254 0.036560684 -0.005250823 0.03609112 0.029164782 -0.02648193 -0.0005234001 -0.029984025 -0.019413015 -0.022895662 -0.002472539 -0.012637088 -0.008303346 0.0048737144 -0.00041780082 0.00074891717 0.010378174 -0.04117575 -0.016303977 -0.02904613 0.017644582 -0.0027953943 -0.019627934 0.00056386896 0.06485323 -0.008908558 0.016701307 0.003814168 0.013871648 0.0046987673 -0.0071577844 0.014384291 -0.030084923 -0.022144599 -0.01594594 0.016673284 0.0075220843 -0.0032822622 0.013977422 -0.006448386 -0.007876803 0.024248337 0.0065806224 0.009869766 -0.016811589 0.022126773 0.018282648
trật tự kinh tế	-0.0031020206 -0.00044673195 0.067987695 -0.0072725345 -0.010389466 -0.003532374 0.017834855 -0.007542577 0.014478958 0.029278312 0.002374155 -0.017877072 0.023421274 0.008015378 -0.0040270407 0.009246298 0.020418106 0.004081506 -0.026782595 -0.0016155022 0.015046652 0.0001977153 0.00040966674 -0.00776348 0.0066991206 -0.019356748 0.027631797 -0.011407128 0.015144878 -0.008102108 0.0045320606 -0.019680645 0.0030578587 -0.0253281 0.009690564 0.001702531 0.0020815965 0.018072648 0.0061337617 0.014368947 -0.003115142 -0.01815485 0.012333767 -0.0080218855 -0.0036974181 0.012069818 0.0133512 -0.005694467 -0.00277512 -0.015899757 -0.016952906 -0.006797219 -0.0013718123 0.0058373436 -0.023832005 -0.02949642 -0.023032028 -0.011743177 -0.015940001 -0.0061478135 -0.002011189 0.0035420056 0.018582828 -0.019766709 -0.01184284 -0.01281231 0.0005668045 -0.00900618 0.074987784 0.0108023565 0.0058183447 0.0114243515 -0.0030552722 0.016967846 -0.013614629 0.02574545 -0.013439754 -0.006293604 0.023976548 -0.003434272 -0.0056660017 0.0057528857 -0.022147011 -0.005256667 -0.013141802 0.009086215 0.00089831336 0.0011475333 0.008212013 0.028214041 -0.0005560099 -0.013935294 -0.0030843369 0.00033799646 -0.0048633013 0.013446417 0.0032865633 0.01637171 0.009114081 0.011346335 -0.028215636 0.004705673 -0.013653542 -0.026624395 -0.026568593 -0.024646621 -0.024155369 -0.007488394 0.012853833 0.009436872 -0.052100483 0.005699895 0.012237542 -0.0055372613 -0.009982592 -0.014524022 0.023633352 -0.0013395376 -0.013260017 -0.03965635 0.032762468 0.0008280311 0.01676357 0.00653397 0.013711169 -0.00036028313 0.01329967 -0.0199317 0.00043326386 0.006623404 0.005426523 -0.009698913 -0.0044336338 0.012826195 0.0033738539 -0.024280865 -0.022018969 0.0560635 -0.013398772 -0.015151584 0.012095433 -0.012926196 0.012129636 -0.007341998 -0.019184433 -0.008651683 -0.009213268 -0.014976905 -0.0068827984 0.009550866 0.013994332 -0.014403782 -0.02424114 -0.0024705385 -0.0038745822 -0.013765475 0.015913757 -0.016896835 -0.006665947 -0.008314841 0.008692386 -0.0035206412 0.018068938 -0.002227656 -0.014186953 -0.009549841 -0.008181087 -0.0060251127 0.034636326 0.0019362104 0.0016886557 0.0023089526 0.006834688 -0.0017258674 0.002199699 0.0072474056 -0.008680645 0.030627359 -0.021507595 0.0017312232 0.016009126 0.022989748 0.022989592 -0.017366214 -0.003167467 -0.008389948 -0.008881788 0.0037191918 0.011702981 -0.008130554 -0.040937 0.009014157 -0.024364155 0.020121472 0.0008677336 -0.013911381 0.015974266 -0.0064903367 0.021301745 0.0031848194 -0.0115129985 -9.882608e-05 0.0037476623 -0.0004369628 -0.016416313 -0.010882442 0.007843754 0.0024862753 -0.013497209 -0.010335822 0.04995864 0.010323884 0.019949285 0.0017812719 0.011919174 -0.00058989914 0.0038597384 -0.006723255 -0.010079544 -0.004066033 0.0028075415 0.017758982 -0.026737742 0.02450513 0.0072842967 -0.0020630332 -0.0091568325 0.024172535 0.017132778 -0.061888628 0.009816079 -0.006051975 0.00015820448 0.00577318 0.00014992796 0.0051464494 -0.019830437 -0.0048804167 -0.00399634 -0.025115905 0.047442462 0.008395832 -0.010145213 -0.0026616706 0.00063557003 0.0041733556 -0.005642812 -0.024217723 0.0026876335 -0.024697779 0.0053352574 -0.012132243 0.04543387 0.00060705026 0.054319832 -0.0032701453 0.0032259843 0.025831176 -0.016057663 0.0009035282 0.005474605 0.00264478 -0.04530291 -0.0037966585 -0.026306275 0.00088392885 0.019391881 -0.0012516858 -0.0030996995 0.009474911 -0.022226604 -0.025214788 -0.028953854 0.0013955499 0.02269517 -0.008379256 -0.028017301 0.01835506 -0.021829907 0.014055192 -0.0031506557 -0.010448077 0.026991855 -0.0029004295 0.0024500755 -0.014524966 -0.017396491 -0.016285237 -7.192576e-05 0.00391972 0.0033586158 -0.013569518 0.0048243734 -0.0040248237 0.008767533 0.0137972925 -0.011160135 -0.040701788 -0.0004074092 -0.020665267
nghiệp đoàn công nhân	-0.008075068 -0.017325297 0.05093701 -0.001307342 0.0033767961 -0.012799037 0.0052966257 0.0014958883 0.010800376 0.045802273 0.011890705 -0.016193096 -0.007711163 0.005181144 -0.014882028 0.018296178 -0.0017867031 0.0011942588 -0.01886034 0.0047064433 -0.0025630076 0.0062725088 0.0009335632 0.016364383 0.006249592 -0.006542694 0.013671282 -0.0072926134 0.023660429 0.009526468 0.026836313 0.0004823839 0.019501701 0.006891174 0.02046649 -0.0024863426 0.0061629615 0.020253383 0.029872894 0.01739541 0.013820203 -0.0026757338 0.031078652 -0.006727086 -0.009577634 0.0037981994 -0.017138645 -0.016892588 0.009154103 -0.0063650818 -0.0023366318 0.00781522 0.002819466 -0.012471657 -0.029304916 -0.0033289343 -0.029185478 -0.011266532 -0.009516819 -0.002334506 -0.003990038 -0.0077315066 0.03115583 -0.02889023 0.013967333 0.0072487043 -0.01837879 0.012469598 0.0064955754 0.012386603 0.0020084225 0.021237064 0.014006754 0.01885502 0.016203418 0.0012719585 0.0037780707 -0.018533608 -0.00637886 -0.017384272 -0.01643535 0.0103922505 -0.027418023 -0.005526124 -0.014278733 0.018518532 -0.00959695 0.005410748 -0.0019748353 0.039950848 0.002458157 0.019778982 -0.007944666 0.01030284 -0.00509819 0.012535569 -0.013017498 -0.005412011 -0.014797278 -0.0031435422 -0.045205664 0.0022126362 -0.01577504 -0.031894125 -0.027907215 -0.014050358 -0.012871049 0.019666715 -0.0043752515 -0.0033306684 -0.03382879 0.002530987 0.0045135953 0.015241665 0.0063354312 -0.0045726113 0.012005288 0.003201664 0.012799603 -0.031632543 0.020758385 -0.012324684 0.0039740577 0.00572461 0.009335658 0.009773833 0.007644062 -0.014551789 -0.013422888 -0.004258525 -0.008391233 0.0039813984 0.0021132238 0.008678526 0.0118345115 0.0007284307 -0.007090817 0.013010883 -0.011511988 -0.008823323 0.00635424 -0.00047160656 -0.005124655 -0.015390895 -0.015355718 -0.005267423 -0.0013193816 0.012675045 -0.016601155 -0.00597457 0.025965488 -0.00031273067 -0.025434593 -0.011282852 0.013297688 -0.007050411 0.0101445345 0.0003938717 -0.0011709791 0.0030948564 0.010694942 -0.010362064 0.0031818827 0.007557259 -0.007067544 -0.000339003 -0.021710984 -0.005906308 0.03631282 -0.023178829 0.004998815 0.011687945 -0.0052193156 -0.018100452 0.01050249 0.008250093 -0.004221644 0.013647368 0.009909919 0.013815034 0.01542551 0.028162843 0.022826845 0.008286309 0.012707505 -0.0032128582 -0.008233437 -0.0047592954 0.005595801 -0.012314358 0.0030865567 0.006321431 -0.0056598545 0.007615596 -0.014886012 0.011354378 0.017402634 -0.0025420848 -0.023433352 0.002600536 -0.013811841 -0.0013319831 0.0023989729 -0.0110548055 -0.014187978 -0.018145539 0.014489444 0.004484635 -0.034070175 0.005036046 0.025943872 -0.0060650473 0.0026524635 -0.002344591 0.011088928 -0.015289823 -0.005495679 0.007510318 -0.0036813233 -0.007687712 0.0013378458 0.008709433 -0.019829584 0.020946035 0.0015550886 0.0072080307 0.0076931315 0.007559828 0.015600014 -0.04972499 -0.002655608 0.0020931752 0.011694623 0.010100149 -0.0023357433 0.0051698843 -0.0084065525 0.009216571 0.009636407 -0.03495571 0.003945949 0.0010845842 -0.013687311 -0.0065258727 0.0061822594 -0.014665547 0.023065494 -0.026724145 -0.004628445 -0.020173894 0.0031554692 -0.004486838 0.030748779 0.0042151087 0.03935134 -0.004135631 -0.007418533 -0.018419376 -0.0066376934 -0.0052513573 0.0038596438 -0.0037978997 -0.02308243 -0.007012725 -0.002483389 0.005753499 -0.0036205593 0.008582242 -0.0036936551 -0.0062644472 -0.013458403 -0.02576585 0.0021446606 0.024302665 0.0031742905 0.00466706 -0.021949805 0.022066638 -0.009862375 -0.0020959296 -0.008422725 -0.022966005 0.044926506 -0.005286972 0.02651751 0.002058248 -0.009415217 0.0058670333 -0.0116841085 -0.0070629027 0.0014165161 -0.024673643 -0.0021054626 0.020573754 0.0025713032 -0.0076327207 0.012457267 -0.035130702 -0.011067402 -0.015652493
Viêm động mạch tế bào khổng lồ	-0.0012169536 -0.002238784 0.0062792036 0.0038243055 -0.0039096856 -0.02073816 0.0127771525 0.004645378 0.00033821273 0.019728059 -0.0008458878 -0.02002724 -0.0051230523 0.0147063425 -0.012582694 0.0008101271 -0.0010639859 -0.005857284 -0.02664454 -0.009832283 -0.0031194375 -0.0043904926 -0.0010287033 0.012535689 -0.0031383503 0.0025999725 0.009346902 -0.0031975566 0.01054018 -0.00086004613 0.019503547 -0.008839553 -0.01214309 -0.011834055 0.027307348 0.010059162 -0.027397806 -0.00022012528 0.017463746 -0.009034341 -0.0068307566 -0.00016751939 0.032311704 0.0048044096 0.009289387 -0.0017739953 -0.019431157 -0.005281631 0.0022556079 0.007720017 0.008440682 0.0077203102 -0.012181563 -0.009382033 -0.016293716 -0.040328432 -0.021234134 0.0032164636 0.0054743188 0.004878784 -0.003972809 0.00574669 0.008083521 -0.018639358 0.0005543885 -0.0035147017 0.0038758742 -0.0012381495 0.010674468 -0.0019355093 0.0014812837 -0.0011916475 0.0128045175 0.0067634904 0.0020076295 0.010662786 -0.01467645 -0.008086205 0.012642204 -0.0060658916 -0.028354594 0.00024849363 -0.026410175 0.010420045 -0.0075601665 0.025412498 -0.0035212438 -0.008811664 0.01099668 0.032970928 0.011900885 -0.0087732505 -0.01593165 0.012488618 -0.0079654455 0.021377254 -0.016247991 0.014028483 0.0038668925 0.007556177 -0.007246937 -0.009876123 -0.000540417 -0.00028563876 -0.02424654 -0.039854884 -0.011182095 0.018112564 -0.0026323076 -0.00065184984 -0.018656489 -0.010554272 -0.003449389 -0.0050588595 -0.004952012 -0.008056102 -0.0077996557 -0.0015109277 -0.0074264044 -0.017507032 0.008551298 -0.004457355 0.011386646 -0.0074490565 -0.0029796641 -0.0137345055 -0.0012494241 -0.018718911 -0.005536314 0.006827446 -0.001209625 -0.0077885576 0.003643516 0.012468503 0.0047859317 -0.018143687 -0.011088346 0.027021037 -0.007476433 -0.0028471195 0.0062739924 -0.018259015 0.008221521 -0.00075537944 -0.007922647 0.009900816 0.005833916 -0.015611739 0.000500421 -0.00097177736 -0.015993385 -0.010658595 -0.025948377 -0.01646189 -0.0016555613 0.009676804 0.0070424704 -0.001938289 -0.009257009 -0.00016689846 0.012800154 0.019888835 0.021576522 -0.008924085 0.0052928007 0.0151078245 -0.011023442 -0.009699312 0.009382269 -0.010732003 -0.004317437 0.0046402332 -0.012818436 0.0013116194 -0.0035059506 -0.0063438686 0.0027356807 0.008863765 0.0007375606 0.009133249 0.025267167 0.013709059 0.019205472 0.008251179 0.007889216 0.0038327058 0.0006125774 0.019365938 -0.0069492212 -0.015455517 -0.01993152 -0.0011866335 -0.007964151 0.0047607133 -0.009619885 0.013060114 0.009948979 0.012104124 -0.0030338042 0.011159919 -0.021153858 0.008561582 -0.009657079 -0.003830682 0.0063582957 -0.01064836 -0.0019858447 -0.00793477 -0.019234935 -0.016779544 0.06374695 -0.007819833 0.028655246 0.010356848 0.015217217 -0.02454563 -0.010342666 0.0016105175 0.009772212 -0.0018226343 0.0024505134 0.008277568 -0.017598301 0.008698261 -0.007411435 0.008352228 -0.0032464473 -0.0012794929 0.006245315 -0.045243375 0.0064326623 -0.00018490561 -0.008335293 -0.005716383 0.0047547626 0.0027028446 -0.025511166 0.021995304 0.011709036 0.013384416 0.010135031 0.008077261 -0.004925091 -0.002186406 0.008985369 0.0022941139 0.0016524291 -0.0016516695 -0.0057189106 -0.0025144017 0.001860976 -0.0107298065 0.030265387 0.0061859866 0.044876717 0.008786791 0.0099538835 -0.00093334384 -0.0010525163 0.010028762 -0.011356692 -0.0117810685 -0.0064786323 0.012292189 -0.005425196 0.0068080584 -0.01252431 -0.0023708194 -0.0037219238 0.008614899 -0.012707323 -0.018394839 -0.017673101 0.009901927 0.004553598 -0.011609157 -0.010552525 0.010358143 -0.010416136 0.012072721 -0.0032651848 0.0028112542 0.008472597 0.0054536825 0.0085274605 0.0008672002 -0.017129762 -0.04959994 -0.020204706 0.0009169541 -0.010518543 -0.0017800693 -0.0052545955 -0.00095177017 0.023244908 0.0079961335 0.0044782013 -0.01229024 0.0070803626 0.0070147803
hành vi tội lỗi	-0.014373165 -0.032491826 0.021585342 0.012870666 0.026582213 -0.0077514295 0.0023981729 -0.0011899647 0.006139381 0.020460209 -0.0028769884 -0.015878458 0.012259882 -0.009139415 0.010525528 0.009971236 0.0012413551 0.00836524 -0.033495687 -0.016199129 0.022352375 -0.0037945767 -0.0036439528 0.023013007 -0.0073134485 -0.00043903032 0.027751854 0.00829063 0.016728384 -0.0038242145 -0.006301028 0.0020311389 -0.0020303722 -0.027058803 0.0071281046 0.03935309 0.002761717 0.008837896 0.022080425 0.002607876 0.004896053 -0.00788886 0.016643511 -0.00775196 -0.014620367 0.0038826445 -0.019004311 -0.023476643 0.011445805 -0.008523254 0.0045514936 -0.009288855 -0.016023744 0.0058016265 -0.0120136 -0.040810265 -0.016411662 0.008327852 0.0055605746 0.013161708 -0.0033601595 0.0016179408 0.00791149 -0.037504267 -0.019394953 -0.010378133 -0.018480575 -0.0032602756 0.044574186 0.0018522409 -0.00026054078 0.009406862 0.007887159 -0.022776147 -0.018120276 7.0952454e-05 0.015184424 -0.01640878 -0.009654532 -0.013649074 -0.008385296 -0.0030007793 -0.018623821 -0.021132482 -0.023027014 -0.0007936078 0.0054495037 0.0047963937 0.0008105276 0.0027140488 -0.0048901835 0.008032425 0.015462969 0.0108343875 0.0025012882 0.008432556 -0.015280129 0.009240549 0.0014114872 0.009418271 -0.023516577 0.0065697534 0.0048054205 0.0054947333 -0.0034100981 -0.040913947 -0.020901803 0.0018202453 -0.03717527 -0.005202617 0.01133158 -0.0059403833 -0.0068596397 -0.0063410425 0.0009794305 -0.0076290807 0.010899039 0.009531591 0.023132516 -0.019206492 0.009086425 -0.0019782858 -0.003047901 -0.007961044 0.003436415 0.0031459862 0.0061436114 0.001838268 0.0022409854 0.013408764 -5.343965e-06 -0.017549288 0.008278726 0.02379867 -0.0016277313 -0.029811885 -0.010754436 0.046615027 -0.0059018144 0.013265092 0.017480902 -0.009104332 0.0027018823 -0.017773153 -0.032248273 -0.01149507 -0.0007781204 -0.05038713 0.00040007153 0.006735508 -0.0056146393 0.003734831 -0.027919661 0.008399695 -0.014546106 0.0025029618 0.018583305 0.008740351 -0.0047061667 0.015403081 0.0005107425 -0.019306464 0.0016224998 0.010160939 -0.005615734 0.010651733 0.0013617588 0.0032343818 0.022027247 0.008282227 -0.019329764 0.034822937 0.0017941645 -0.008994834 0.011497011 0.01434789 -0.0015902921 0.016667176 0.030255832 -0.012187922 -0.0002358871 -0.011499823 0.013579308 -0.0033221585 0.00015576757 -0.007024265 0.018201737 0.019133227 -0.00014782182 0.002572505 -0.03511241 -0.008572348 -0.0133239515 -0.0041663796 0.010762412 0.0076861624 0.0044409307 -0.00023671755 0.035347417 0.0048465477 0.0020633242 -0.014817072 0.016812816 -0.006045691 0.013661709 0.0068333233 -0.00770146 0.0049962723 -0.00882349 -0.0059470255 0.0522594 0.017746992 0.023151228 -0.0032687564 0.008295207 0.003884096 -0.00068242935 0.02003656 0.024743725 0.000764778 -0.0023940492 -0.0024435744 -0.018084656 -0.013066452 -0.0037251653 0.007986945 -0.0018430919 -0.0042180764 0.008381618 -0.021487188 0.0009665486 0.004547499 0.028831333 0.0070561375 -0.0022961868 0.002510096 -0.025210874 0.0102326125 0.008906571 -0.006627583 0.0063532717 -0.0034256892 -0.0074598147 -0.006659547 -0.0031415226 -0.008361971 -0.009748266 -0.009868621 0.0065215877 -0.012984449 0.002342495 0.0037284074 0.048483543 0.00491614 0.043950465 -0.014098301 0.003028969 -0.002158248 -0.009077094 -0.0006097601 -0.046724938 -0.019380737 -0.025776265 0.012782865 -0.012873823 -0.021596573 0.006203893 -0.0022852009 0.0096994005 0.0034648587 -0.010114057 -0.018082535 -0.004948609 0.009508386 0.0134905195 -0.012332684 -0.015792493 0.027038785 -0.021123298 0.0128507335 0.012624943 -0.01995643 0.0028519982 -0.0016695863 -0.0019916547 -0.0041972143 -0.010234658 0.005580189 -0.013952873 0.0119092725 -0.020077946 0.0034376462 0.015101809 -0.0072452524 0.024399988 0.0015185309 0.009459016 -0.02046275 0.0077267555 -0.0042848815
Động mạch hàm	0.0056061363 -0.02149639 -0.024540158 0.02684328 0.00034474785 -0.02541974 0.03025595 0.029155882 0.021784805 0.04802109 -0.009693899 -0.023339087 0.010693395 -0.0024995515 0.0011802035 0.0034015877 0.008898421 0.004335068 -0.024447154 -0.009893519 0.0044638673 0.015363646 -0.003426411 0.0131345745 -0.01139255 0.003929935 0.0041494584 0.020320537 0.041073386 0.009879847 0.039647993 -0.022312041 -0.020188509 -0.02221599 0.04768999 -0.009875046 -0.013923473 0.027753616 0.032802537 -0.0014367464 -0.015178705 0.0035602672 0.06653455 0.013398573 0.0025469533 -0.0250867 -0.044242427 -0.005211176 -0.010929377 0.001834358 0.028233355 0.007103173 0.0065604975 -0.014988127 -0.023764301 -0.0497457 -0.057817746 -0.004361798 -0.023738235 0.0125224115 0.019267714 0.00787189 0.041463625 -0.06705756 -0.005807409 -0.023782402 -0.010639862 -0.001155328 0.016490884 -0.010292384 0.0110474285 0.010751744 0.0435771 -0.02101701 -0.025249662 0.050346814 -0.03080342 -0.035807725 -0.01080269 -0.041477803 -0.014305529 -0.0014635416 -0.055920802 0.009874351 -0.021625608 0.041901875 -0.015970811 -0.0071381796 -0.0044669057 0.051614746 0.018649708 -0.009836298 -0.022732442 0.031501047 -0.015955804 -0.003130993 -0.008203546 -0.0035681026 0.0023992367 -0.009945586 -0.0054828105 0.0037790164 -0.022831082 0.02846849 -0.027700992 -0.07451814 -0.03417739 0.038645323 -0.024415767 0.008051034 0.023197023 -0.05281565 0.0034905835 -0.006722534 -0.018443778 -0.01079308 0.00070959947 -0.01599454 0.022689307 0.0038498268 0.038715437 0.016281696 0.021992667 0.027301805 0.011700966 -0.0009560397 -0.0017579205 -0.033890024 0.018861258 0.023377825 0.028979031 -0.018290427 0.018294068 0.018132461 0.0159285 -0.021219183 -0.0027657994 0.04723272 -0.026092535 0.01611509 0.007585883 0.008832744 0.00085289875 -0.0017534218 0.0043185977 0.019030659 0.016077865 -0.061253894 -0.011804196 0.006496707 -0.017153166 -0.021797307 -0.05545993 -0.04620688 -0.0060814265 -0.002741163 -0.0014299635 -0.0011980832 -0.037214503 0.033379067 0.005755373 0.020254642 0.034292046 -0.022158273 0.0029012323 0.014588553 -0.012474963 -0.030332422 0.016770052 -0.014531699 -0.015468747 -0.0072437795 -0.01245135 -0.0064999624 0.02300421 0.0070304144 -0.0079247365 0.060129907 0.0016035024 0.009104928 0.0024197875 0.013989776 0.031679556 0.021215899 0.0196105 0.0110725835 -0.012167343 0.03700376 1.2379986e-05 -0.019490002 -0.018607842 0.0021853577 -0.011277787 0.018453661 -0.017702818 -0.016784808 0.009887943 0.017608933 -0.0057836766 0.005542434 -0.016668655 0.032347858 -0.009967437 -0.009052992 0.009599278 -0.021589182 -0.0034001053 -0.010215663 -0.0035578413 -0.008489423 0.023527183 -0.044428166 0.043328285 0.0076804818 0.028571367 -0.057339277 -0.023321861 0.003510245 0.015522913 -0.018217994 0.005170846 0.045280218 -0.0055316766 0.015432552 0.0008030534 -0.007209679 0.012654238 -0.0021601391 -0.0068001417 -0.07137616 0.013204011 0.019622138 -0.012695182 -0.013820679 0.01478787 0.011982542 -0.06386335 0.03432878 0.010254022 -0.022034345 -0.0136659825 -0.00583965 -0.025641054 -0.002138146 -0.012742535 0.019009285 0.024344333 -0.011176533 -0.011194141 -0.025497872 0.035702337 0.012858364 0.0856712 0.021932818 0.06705438 -0.004073649 0.018275393 0.059800256 0.001158589 0.0016153883 -0.033457838 -0.026705975 -0.0010595843 0.023299014 -0.039422475 0.026619267 -0.004471623 0.011748753 0.0019929647 0.02926647 -0.016320754 -0.021482259 -0.021610735 0.01709819 0.0257976 0.010753571 -0.028637914 0.036774434 -0.029854171 0.03279925 -0.007937688 -0.038753208 0.042307094 0.009178376 0.04492504 -0.011541269 -0.029298909 -0.06514154 -0.0028463833 0.018240726 -0.012711767 -0.034995493 -0.014218318 -0.0058544264 0.040527478 0.0020481981 -0.0050616316 0.0021698372 -0.027857594 0.027673455
hạ natri máu	0.00560197 -0.020237196 0.037643287 -0.010364632 -0.004049432 -0.02614581 -0.002092051 0.017285222 0.023205513 0.030626696 0.0053039724 -0.023207976 -0.0061245607 0.0072043845 -0.009243947 0.022642825 -0.014753657 -0.017204333 -0.009439597 0.016055655 -0.0027386392 -0.014370596 -0.010976725 0.003396558 -0.00545548 0.005085455 -0.0071569853 -0.0023348872 -0.00019728187 -0.0077526644 0.01227301 -0.008854134 -0.004344662 -0.020517819 0.0053830403 -0.009610407 -0.031899773 0.00860216 0.025127525 -0.005749414 0.020180058 -0.004872413 0.046696905 0.008455616 -0.0055466527 -0.0056243194 -0.0055648247 -0.011652428 -0.00089780835 -0.02589772 0.0010064908 0.0031069063 -0.008706378 0.006480725 -0.008745822 -0.049080353 -0.038357608 -0.005607222 0.0013143324 -0.00855202 -0.011424532 0.011919022 -0.00069524493 -0.005343753 0.00043892264 -0.009279337 0.011171035 -0.011378285 0.009041509 -0.002797538 -0.008065648 0.0070272163 0.020711336 0.012185798 0.004437292 0.0054981387 -0.016256303 -0.005596844 0.0077310875 -0.01770602 -0.010388851 -0.0005854575 -0.01593097 0.0032350128 -0.004034172 0.013274917 -0.029858578 -0.012004823 -0.01006436 0.012398453 -0.0027973927 -0.019721705 0.0060806973 0.013118829 -0.014936775 0.007484081 -0.0039832224 0.0004900213 0.01757739 0.015639462 -0.021467267 0.00775336 0.0062291627 -0.041000362 -0.0064817416 -0.039909832 -0.019075455 0.011064963 -0.016351089 -0.00076068257 -0.035480015 -0.020479424 0.00446547 0.0053709405 -0.023708437 4.6163612e-05 0.010596781 0.0012883698 -0.003387882 -0.028991377 0.033982705 0.027991962 0.003014123 -0.016102586 0.019824198 -0.0031289533 0.020857703 -0.026759982 0.009110819 -0.0015084281 0.016357198 -0.023038391 0.02200213 -0.0006324485 0.010983413 -0.001968087 -0.03300289 0.037225693 0.013358456 0.0076419907 0.028853428 0.0076006264 0.01718331 -0.0057533337 -0.015618831 0.015502098 -0.008149971 -0.028178304 -0.005255929 0.01114808 0.0054325974 0.00034600234 -0.016197797 -0.0029086426 0.00017353846 0.0065052644 0.005019853 0.007794 -0.018691525 0.018519018 -0.008427834 -0.012106737 0.01743241 0.0054971734 0.010429959 0.03779237 -0.020498805 -0.011239882 0.023842383 -0.0025398922 0.017139953 0.021213265 -0.0022524863 -0.016670164 0.007755296 -0.0007711211 0.02200965 0.015885334 -0.002019813 0.000111108086 0.004742293 -0.009206441 0.025694465 -0.004261707 0.0058908844 0.009162412 -0.012160502 0.004813141 -0.0032528695 -0.014053689 -0.02868132 0.006845516 -0.0012400069 0.006431243 -0.012155861 0.01389542 -0.0074902205 -0.0025934817 0.018128399 0.0036758967 -0.0048212656 0.00049614237 -0.007353446 -0.013130757 -0.0065501123 -0.008738356 -0.018766515 0.0019865395 -0.016612608 -0.012211828 0.059106447 -0.017057618 0.006780865 0.010221748 -0.010767831 -0.03320303 0.0073690703 0.005243439 0.0035273652 -0.026406292 -0.0058999225 -0.004399389 0.00090359 0.018067269 0.008602102 -0.007989697 -0.0021428494 -0.015641201 0.01778354 -0.045072086 -0.0065956423 0.005839036 -0.001627228 0.016561417 0.009348027 -0.006676834 -0.013518277 -0.00065647607 0.0065131015 -0.00939537 0.031373195 -0.0025255508 -0.009542534 -0.004071026 -0.006938624 -0.0045205606 -0.007599934 -0.006201745 0.022344176 -0.003044833 -0.0031051245 0.0058220485 0.016679702 0.01064091 0.03283255 -0.0036890346 0.0011061967 -0.01324371 0.0003716087 -0.012030007 -0.023912031 -0.01097326 -0.043488916 0.010657759 0.005749479 -0.0041750628 -0.0074765785 -0.009001312 -0.009170597 0.007951735 -0.0056015295 -0.009024285 -0.0076131513 0.008656958 0.004775232 0.020406377 -0.021545166 0.014068877 0.0044848844 0.0091520045 -0.0067774644 0.007859638 0.028410861 -0.012923179 -0.001918722 -0.015012528 -0.03811734 -0.0053892354 0.0033751433 -0.004707744 0.0029667497 0.0054295566 -0.004543731 0.006440918 0.0100061875 0.0063010575 0.008715047 -0.024825849 -0.0012008398 0.007739503
liệu pháp tiêu sợi huyết	-0.005179972 0.0016042684 0.024878768 -0.0049636224 -0.014250016 -0.013187822 0.010201361 0.012606639 0.005536903 0.016918052 0.0049433904 -0.021598378 0.0029166834 0.01162248 -0.017005207 0.006664464 -0.008956839 -0.006420124 -0.010845086 0.010340711 0.008144043 -0.004388405 -0.0071356427 0.0061023994 0.005222352 0.0018507877 0.014856902 0.005140555 0.011901412 -0.004830634 0.02722977 0.0036513158 0.0035295924 -0.015047672 0.013722318 -0.0011063428 -0.0012729821 0.01411483 0.016801924 -0.0038612427 -0.0074149845 -0.011648997 0.022519361 0.0029774515 0.0036014817 0.003137879 -0.0037098073 -0.013516589 0.00441141 -0.015063548 0.0063123857 0.0038051368 -0.008211983 0.016167957 -0.018164402 -0.029793208 -0.022544188 0.00352519 -0.0072244685 0.00033219575 -0.0036869275 0.016579181 0.015610939 -0.015246012 0.0081920745 0.0019774216 0.0010197505 0.008127045 0.03323665 0.0024591892 -0.0021589792 -0.0010896579 0.016054038 0.023375748 -0.005181451 0.007795969 -0.018084077 -0.02305044 -0.004271284 -0.0030659193 0.0021211484 -0.0043735555 -0.027823638 0.007011942 -0.009061105 0.0054648006 -0.010888355 0.0060792416 0.0015913543 0.00512532 0.013483691 -0.008179594 -0.0005211974 0.017301528 0.0029512576 0.0076409895 -0.014427193 0.011980001 -0.013918036 -0.0079227425 -0.015064406 -0.0026067018 0.007984567 -0.023473347 -0.008690411 -0.012315834 0.0009496029 -0.0013489652 -0.0070226546 0.0023018653 0.0035378411 0.0010693726 0.00046067263 -0.005003015 -0.016328303 0.0024816673 0.007952848 -0.0045399903 0.0035976158 -0.03366678 0.03313829 -0.022014668 0.010954567 0.014940184 0.014127273 -0.0039889263 -0.00684765 -0.0065201716 -0.01456886 -0.0014981899 0.0037080138 -0.013815422 0.0064537926 0.009126305 0.020717682 0.0046293256 -0.00956163 0.034136366 -0.00325989 -0.009727895 0.0022735575 -0.002162956 0.007349756 -0.005821653 -0.002557032 -0.005816925 -0.006811602 0.0037328466 0.0022106862 0.005999386 0.003801982 -0.016007803 -0.026436118 -0.0059079137 0.013004425 0.0089249825 0.004238905 0.0007247887 -0.009658357 0.0018390565 0.0025017424 0.011405333 0.014962726 -0.0059088413 -0.0044439426 0.0037336377 0.0076303314 -0.008097462 0.01230324 -0.00050091516 0.012697049 0.016949596 0.0029649911 -0.00023124256 0.0008687457 -0.0072075967 -0.0058688703 0.0012199855 0.005809213 -0.0035637296 0.01401273 0.022700189 0.015738837 -0.017126346 0.017169716 0.004021392 -0.0029794874 0.0050327526 -0.010998427 -0.009058603 0.0018520555 -0.0029928319 -0.0063935653 0.008581884 0.0014510781 0.017661016 0.0071794093 0.004755533 0.02117954 0.012697763 -0.011798459 -0.007950286 -0.0103948675 -0.0071431566 -0.0021982554 -0.0053433897 -0.004402042 0.025488062 -0.013578036 -0.0109170005 0.019680832 -0.00926795 0.017118912 0.0038365773 -0.009443772 -0.021457719 -0.00078332727 0.027768709 -0.004599707 -0.0033043213 0.0046347426 0.01154463 -0.018309094 0.017305456 -0.0035915656 0.00094470923 0.00705138 -0.008245278 -0.0051933187 -0.034702115 0.005449738 0.0015254038 0.007983078 -0.0041846577 0.0094774505 0.010063309 -0.019736687 0.013971031 0.014563016 -0.004461905 0.030749654 0.016433185 -0.0026288794 -0.012747505 0.012122241 -0.013688991 -0.010613074 -0.0031110868 -0.0066306726 -0.00833936 -0.0017061475 -0.00047404793 0.029105287 -0.005371319 0.022092653 -0.016747482 0.0030937137 0.0023616648 0.007075556 -0.0036147272 -0.0121500995 -0.016970892 -0.018431764 0.009576284 -0.0014331527 0.0065570925 0.00013439167 0.0027743333 0.0032059632 0.00902091 -0.0057256506 -0.011269956 -0.009504366 -0.0065598506 0.007373478 0.013590344 -0.019381676 0.0033508728 -0.008619708 0.01115777 -0.004739664 0.01125536 0.006564918 0.005516911 0.014006904 -0.011421287 -0.015325478 0.0035867826 0.0104120895 -0.007814478 -0.005657205 -0.012494141 0.0010666209 -9.938939e-05 0.0059371665 0.005043834 -0.002708413 -0.022447633 -0.009695636 0.004141238
huyết khối tĩnh mạch sâu	-0.0043871976 0.00103864 0.013972973 -0.009607174 -0.00044789573 -0.01859413 0.00817017 0.014737024 0.015649 0.036462363 -0.0144225955 -0.022383444 0.0047242506 0.01080121 -0.008957551 0.020091983 -0.009205387 -0.007908381 -0.007418108 -0.004832148 0.031709403 0.0084431 0.012117486 -5.1201743e-05 -0.00091036357 0.00855218 0.025837155 0.0009211961 -0.0036478853 0.0015995096 0.014073189 -0.010980547 -0.011628184 -0.006590137 0.007872976 -0.0032303869 -0.036566064 0.035352975 0.024395466 -0.0024034902 -0.008510738 0.00061240676 0.021419533 -0.002683863 -0.00679764 0.011793778 -0.02748938 -0.009278753 -0.004634565 -0.01916479 0.008325077 0.012772465 -0.00971817 -0.01162503 -0.012121395 -0.020228904 -0.025077855 -0.0016131256 -0.018467942 -0.01261543 0.005073071 0.021157222 0.027137745 -0.030095786 -0.00063084415 -0.006795573 0.00062012445 -0.004647522 0.023227366 -0.010891379 0.015038311 0.003207445 0.025187792 0.006822415 0.0014066454 -0.0047489926 -0.019693207 -0.021283902 0.008082692 -0.00042468592 -0.008212113 0.01394751 -0.008087769 0.007960211 -0.0091071455 0.009081966 -0.01201871 -0.002484089 -0.0018689159 0.009965655 0.00036433915 0.010559951 -0.0035715355 0.029889667 -0.021519514 0.0044931937 -0.018911906 0.0055882367 -0.0130204465 0.0048426334 -0.017958293 0.011013501 -0.012356163 -0.023382219 -0.017302394 -0.02183448 -0.014533302 -0.020055458 -0.008217178 0.009610712 -0.016731245 -0.013779494 -0.005872597 0.000569303 -0.01886767 -0.0013745609 0.004150251 -0.01417529 -0.0037593946 -0.02447213 0.022620423 0.013694779 -0.000111712696 0.006897449 0.020466713 0.0026152206 -0.014315734 -0.013852766 -0.0014009415 0.01585579 0.008097548 -0.0038785406 0.0014056289 -0.0009825372 0.0008772455 0.013992211 -0.004251882 0.033659488 -0.007110497 0.014670826 0.019684358 -0.005427027 0.00856585 0.020770425 0.014415149 0.013855025 -0.027864074 -0.03775847 0.0022592472 0.021085812 0.004435863 -0.021226762 -0.015907597 0.0048379432 0.0061732163 0.01976677 0.0043572425 0.0046096905 -0.018296074 0.01071845 0.01004321 0.020388072 0.0041229245 -0.010436473 -0.0023360692 0.006950836 -0.008019403 -0.0013757969 0.013558087 0.006760865 0.009716493 0.013252816 0.0011492684 -0.009925868 0.012075026 0.0012634143 -0.0033924924 0.009310401 0.00034968092 -0.0032042747 0.011923251 0.013757073 0.023598205 -0.00058308657 0.023887588 0.01391253 -0.017586954 0.0066683143 0.00020172274 -0.0121374875 -0.005433036 -0.006937145 -0.0044345018 0.005226731 -0.00017279912 0.017835392 0.029104376 0.012386906 0.012942264 -0.008289751 -0.009172974 -0.0135212 0.0054141567 -0.017703671 0.013787189 0.00013451515 -0.0035784335 0.0016522602 -0.013643117 -0.024197131 0.0334997 -0.022943987 -0.008933818 -3.453598e-05 -0.0031175965 -0.022636658 -0.0053496463 -0.009941842 0.008854373 0.0030253225 0.0062970105 0.025077622 -0.013444952 0.015912728 0.0056933584 0.00021655382 -0.0010222583 -0.018607631 -0.0072422107 -0.032875754 -0.006213437 0.005454995 -0.01022033 -0.012767497 0.018085042 -0.004413627 0.0011515286 0.021100221 0.011490322 -0.0010608553 0.0056485403 0.005861094 -0.006071836 -0.008622629 -0.0012090302 0.0006311322 -0.004223228 -0.014100821 0.011464808 -0.006001279 0.0069147875 0.0033136776 0.03370963 0.021009825 0.058888946 -0.008279879 0.01090363 -0.015425815 -0.019187642 0.010174376 -0.009661232 -0.012766092 -0.027394356 0.0022914978 -0.016282512 0.00045620557 -0.0069654626 0.01210657 -0.00078541355 0.012903222 -0.012226451 -0.022333235 -0.020634396 0.0033508413 0.0018616308 0.0070581767 -0.012296858 -0.014262692 -0.019900875 0.030998439 -0.009402773 -0.008923652 0.020900551 0.0173415 0.019215489 -0.004170483 -0.04914398 -0.029879786 -0.007167201 0.0045423727 0.009686526 0.0011427538 -0.0038987554 0.0012485023 0.026325153 -0.010498712 0.008183116 -0.016420683 -0.011096052 0.00651076
miễn dịch bẩm sinh	-0.004290021 -0.0071834167 0.061238773 0.0010389825 -0.015822679 -0.008435957 0.0048591956 0.009294557 0.020843871 0.019535977 -0.0052167163 -0.013609471 -0.00887926 0.018927211 0.004467317 0.0074367123 0.01016229 0.004087164 -0.008741835 0.013224066 0.004573594 -0.0067257104 -0.01052214 0.014134727 -0.0014858958 0.005709873 0.009799462 -0.012993115 0.013217841 -0.007947231 0.01009919 -0.00936535 0.0123172635 -0.00043582544 0.0154035725 0.00023197534 -0.024233578 0.040974207 0.019481035 0.006928537 0.0139307035 0.0015467491 0.04124709 0.017159339 -0.0025564404 -0.0073262295 0.004331752 -0.01839309 0.007708845 -0.014516761 -0.0015319358 -0.0032297503 -0.0240489 -0.0034413529 -0.023143927 -0.030915104 -0.026797254 -0.003911352 0.006400414 -0.0045804973 -0.006313149 -0.001809817 0.0048059486 -0.034136318 2.4447683e-05 -0.0158905 -0.00015989086 0.0022284589 0.036927037 0.014483 -0.0039349487 0.015718468 0.021023612 0.014901791 -0.018682003 0.006700947 -0.038948555 -0.014362627 0.004939968 -0.004220165 -0.017077135 0.008361381 -0.027820583 -0.0019986583 -0.019179825 0.01031027 -0.035861813 0.00850043 -0.0028815237 -0.0021484685 0.0018468967 -0.020101782 -0.01053493 0.01146296 -0.014812242 0.008857561 -0.007885026 0.0060426844 -0.0001556999 -0.009932267 -0.015720062 0.0069553237 -0.0028512604 -0.015341016 -0.02757113 -0.032988146 -0.017369647 -0.0023592054 -0.0014904859 0.019171337 -0.02724664 0.007459199 0.0071525453 0.0053533823 -0.011309609 -0.010790415 0.019096117 0.0051499135 0.011605642 -0.023770899 0.021680605 0.004083399 0.01785191 -0.008374611 0.02060125 0.0051409053 -0.0065370025 0.0068386975 0.00043538585 0.013212745 -0.005587549 -0.019726124 0.017744347 0.013441004 0.0019147769 -0.0046058195 -0.0059168935 0.053900737 -0.018248376 0.015073603 -0.0036151116 0.0002880469 0.0038251262 0.004585634 -0.0261172 -0.011357885 0.001186358 -0.027134908 -0.009158425 0.0119363265 0.019892212 -0.011593742 -0.01638638 -0.002618418 0.0005757753 -0.0021054195 -0.0064639556 0.0018647416 0.004000189 0.014212249 0.009951372 0.018339617 0.01479273 -0.012843551 -0.008257883 -0.0015537092 -0.011309816 -0.0012968592 0.023511603 0.0063912496 0.018120106 0.018238306 0.01000028 -0.01686764 0.004958338 0.0003126117 -0.009249438 0.02218173 -0.0054073934 0.008504085 0.02179268 0.023168517 0.02045861 0.0051968363 0.009224803 -0.017971914 0.016144363 0.00043579983 -0.0004284567 -0.0077512967 -0.044032738 0.017181266 -0.00408683 -0.0027054134 0.011671008 -0.004320671 0.008024328 0.0051571922 0.013667823 0.013692883 -0.020787882 -0.001259539 -0.013717596 0.0005343782 -0.00070441875 -0.008617263 0.005761853 0.0242186 -0.0128280185 -0.030839501 0.068441115 0.0037268111 0.020672621 0.0011231275 0.013695661 -0.0042195953 0.012077261 0.0071747205 0.0029396098 -0.0014329068 0.008217249 -0.00147336 -0.0051164334 0.0093465755 0.00561704 0.0026680822 -0.0010155491 -0.002964533 0.00467682 -0.053789996 0.004246803 -0.0068521365 0.0048871026 0.008633305 -0.004474437 -0.0018085036 -0.0042956667 0.023938328 0.012431229 -0.016932126 0.0025722645 -0.009008713 -0.00019204058 -0.02073569 -0.00096277706 -0.007489972 -0.0007857764 -0.0041733263 0.001444567 -0.024852812 0.0040793265 -0.0027156451 0.07000689 0.011798716 0.055343103 -0.0060807993 -0.0015275041 -0.015241703 -0.0062293685 0.0022424636 -0.019076973 -0.011248984 -0.044380143 0.016165787 -0.0020555807 0.009658885 0.009586507 0.01526854 -0.004228265 0.0038988886 0.0006164643 -0.005620731 -0.04179073 0.0012982353 -0.0005754689 -0.0006562779 -0.007447852 0.026056208 0.008675039 0.0060513243 -0.0073105525 -0.0052237445 0.0331719 0.0074041807 0.013423907 -0.0090485765 -0.02456521 -0.024756014 -0.005852227 0.009694331 -0.014064943 -0.007846741 0.011588662 -0.00032121933 0.016839173 -0.001019895 0.0065282066 -0.054826412 0.0053808424 0.00021777395
lời tuyên án	-0.02140092 -0.018387983 0.04082399 0.010130996 -0.014059514 0.0055076927 0.0100991 0.008650464 0.022483237 0.04530162 0.012788869 -0.0018168434 0.06014959 0.008156344 0.05523021 0.006683336 0.004383548 -0.0005237814 -0.026758 0.041744422 0.014737588 0.010227932 -0.02762936 0.015557473 0.014249814 0.042972438 0.013087402 0.008383848 0.041052848 0.002491411 0.013932429 0.0078026666 -0.009158372 -0.034951717 0.0052576084 -0.019274227 -0.043588452 0.050891448 0.029013861 0.017120289 -0.0057169083 -0.002234778 0.03571076 0.004318086 0.0081485305 0.0036812096 0.010286952 -0.028717846 0.02723142 0.0018957201 -0.02198567 0.0019042197 -0.043243624 -0.021638399 -0.028648201 -0.027083283 -0.043172844 -0.009559874 -0.010186013 0.010938973 -0.012306176 0.013230482 0.009177519 -0.004426295 0.015576437 -0.013917124 -0.0027951992 0.012575299 0.04763323 0.031214058 -0.01608025 -0.00967775 0.03551764 0.028519016 0.031245437 0.04418682 0.0024892292 -0.045625918 -0.016843345 -0.014169509 -0.010041313 -0.012823597 -0.03158117 -0.0013799943 -0.019831395 0.02594624 -0.04159709 0.012351759 -0.00631838 0.00071722234 -0.0025319953 -0.005008596 -0.007284344 0.03175158 -0.02063075 -0.010523361 -0.023476161 -0.020893114 0.026095992 -0.022642618 -0.077689946 0.022010585 -0.01208224 -0.03926989 -0.0015648126 -0.05369065 -0.03951446 0.008454087 -0.03749268 4.304722e-05 0.03797503 -0.021180045 0.0011850924 -0.0032389897 -0.028932884 -0.009540573 -0.028417056 -0.027561033 0.012081122 -0.06675817 0.05660727 -0.006737308 0.019007083 0.016720753 0.01145543 0.0051213545 -0.016474437 0.0014012649 -0.0154412445 0.029125804 0.0058266195 -0.020484596 0.03610074 0.015143903 0.0011521485 -0.02205267 -0.004774208 0.018446868 0.015094432 0.0063282237 0.04270949 -0.027014181 0.020990025 0.004728681 -0.047378402 0.0015383236 -0.058700453 -0.006102073 -0.01954881 -0.031193564 0.0045349295 -0.014219011 -0.026229864 -0.014991554 0.032095887 -0.0007787496 0.033502012 0.013732532 0.009078855 0.008760531 0.007010492 -0.004684139 -0.0032093574 0.025325473 -0.012881435 0.0188282 -0.014658493 -0.012668194 -0.008104464 0.009004133 -0.010630541 0.063455746 0.0032610532 0.010788852 0.039157145 -0.0064249896 -0.0053845965 0.059283663 0.006413116 0.008528383 0.034536622 0.032732535 0.021961665 0.0098288115 0.017181782 0.0033887941 -0.02678248 0.017777009 0.012721086 -0.040295187 -0.018306607 0.017029023 0.004014374 0.017902466 0.02844511 0.030399974 0.020653415 0.01657466 0.0055562956 -0.01518167 -0.03374245 -0.01339145 -0.048384078 0.001731178 0.021620512 -0.01751847 0.030093614 0.020720221 0.00058908726 -0.022166561 -0.024667183 0.01134236 0.02625963 -0.014302427 0.024440136 -0.004652581 0.02140892 0.013529289 0.009557999 0.0129645895 0.01757047 0.008476995 0.005587595 0.015773924 -0.009081654 -0.006425111 0.010548121 -0.011417772 0.0040885387 -0.061763555 0.004683299 0.010274472 0.0013356976 -0.019193912 0.022942197 0.035066545 -0.019512003 0.008707561 -0.0099673 -0.0064773187 0.05797001 0.026339978 0.0020890967 0.007256251 0.023439866 -0.008458452 0.0040009283 0.0027558655 0.022143729 0.017748404 0.005398117 0.015812727 0.059797704 0.033428013 0.043549377 0.011195207 0.014439775 -0.025900176 0.010995066 0.004610657 -0.065731496 -0.02785891 -0.035895243 0.008634666 -0.02920559 -0.0032283477 0.016413223 0.043896552 0.0036944752 0.027291993 0.00011379421 -0.03437803 -0.026911298 0.011754923 0.015477297 -0.01614425 -0.028636664 0.013016611 0.03424706 0.009802195 -0.011221305 -0.0022306037 0.009093495 -0.017678794 -0.024147414 -0.009166801 -0.044440247 0.043132856 0.009427006 0.02616166 0.030826014 -0.02518929 0.020164032 -0.008930525 0.00071078015 -0.0034027998 0.01814807 -0.00079203246 0.0052771973 -0.017692167
mắc bệnh còi xương	-0.0028852727 -0.012167202 0.07055621 -0.0024555945 -0.00019600103 -0.0031830762 0.012665751 0.023713194 0.018099086 0.029021243 0.0044289147 -0.044005867 0.014484429 0.020224486 -0.010461029 0.029548522 0.004100708 -0.0020587123 -0.024304973 0.0012474335 0.0068777786 -0.030591741 0.0039397366 -0.004179227 -0.0014932558 -0.0006444731 0.018588863 0.0036452336 0.021572808 -0.0007166918 0.01105007 0.005860007 -0.006467294 -0.0023487352 0.010310808 5.036127e-06 -0.023651104 0.03294035 0.02574306 -0.012916221 -0.0012075151 -0.0056786546 0.03682753 -0.0013248229 0.00092304265 0.0012062712 -0.0022587087 0.0015187799 0.0108167855 -0.010877688 0.014159019 0.0093840845 -0.015824974 0.005431393 -0.021613346 -0.013671631 -0.02182743 -0.01806092 -0.009883917 -0.0075042187 0.0055969637 -0.0012675493 9.3522714e-05 0.00032703392 -0.00051640195 -0.0048558936 -0.0063945404 0.0042582788 0.038637143 0.008454378 0.009550357 -0.0071187117 0.015413377 0.005390716 -0.014226288 -0.002625702 -0.021096822 -0.0051516667 -0.0012081361 -0.0049804337 -0.007914867 -0.00024612597 -0.034032997 0.013831954 -0.014700074 0.0060288827 -0.0011000412 0.0044650678 0.019412484 0.006911155 -0.013774797 -0.008139471 -0.0049261856 0.0049373107 -0.00031553395 -0.002524481 0.003245567 -0.021700403 0.006879906 -0.013475713 -0.04331577 0.025148572 0.0071835853 -0.023526177 -0.007179606 -0.009506362 -0.025989633 -0.019349936 -0.012871629 -0.0055684038 -0.025497966 9.901961e-05 0.00050024106 -0.015253379 -0.017295586 0.009399787 0.010890409 0.01337746 0.021610774 -0.029746367 0.0215087 0.009252486 0.019164085 0.0023296843 0.025586551 0.01469962 0.004534546 0.001614755 -0.010054825 0.029269066 0.010839664 -0.011163722 -0.003638037 -0.0062688976 0.0151701495 -0.011540524 -0.011586877 0.03679385 0.0038051684 0.006403386 0.0078049516 -0.00939817 -0.005135316 0.001833132 -0.020568803 0.009089055 -0.026394913 -0.029057918 -0.013713615 0.020830791 -0.023355873 -0.013973023 -0.027241945 -0.002750828 0.014795063 -0.0064231344 0.016311128 0.00090368814 -0.0030423198 -0.0066547617 0.006721965 0.01730043 0.014869436 0.00567652 -0.0105823325 0.0033640703 -0.005972753 0.0057029417 0.010744618 -0.006907999 0.009810015 0.018659968 -0.011440927 -0.011266231 0.0044665 -2.5847927e-05 0.0067064706 0.01506586 0.0024388772 0.0052830013 0.02248298 0.014899832 0.025145514 0.003351932 0.00089517003 0.008703402 -0.019591633 0.012116868 0.0012871507 -0.0021232655 -0.028196704 0.002755877 -0.008349739 0.020292997 0.008205044 0.0048459847 0.0063272202 0.022328805 0.009584047 0.0044722697 -0.014035646 0.016641874 -0.000748638 -0.0029704156 0.0035193237 0.005035687 -0.0021071904 0.019542243 -0.01334783 -0.03493755 0.07718727 -0.008726228 0.015949726 0.01418586 -0.012731225 -0.0258333 0.012763982 0.0040354696 -0.0044052405 0.009181511 0.023598641 0.01373949 -0.012244161 0.0044130366 0.004605689 -0.0016763015 0.006705384 0.00032038963 0.018942991 -0.02503243 0.005311109 0.013147808 -0.0010001636 -0.010432104 0.017586917 0.008798086 -0.020088 0.0045896354 -0.0047260816 -0.019423569 0.025779977 0.016647892 -0.0072001093 0.00797371 0.0054760277 -0.008505198 -0.014641536 -0.022534886 0.010911652 -0.022016592 0.011162893 0.009222195 -0.027664443 0.023976035 0.029597748 -0.0040418273 0.016531836 -0.015091924 -0.019026209 -0.0082857385 -0.032334972 -0.007462361 -0.04044943 0.0266333 0.0010293268 0.021724587 0.012990462 0.0027223933 -0.008905884 0.024730774 -0.0034747822 -0.028296825 -0.03173083 -1.6802456e-05 0.0251034 -0.024130043 -0.026754929 0.00089997426 0.001913351 0.021526191 -0.003210006 -0.008876644 0.01799582 9.1547845e-05 0.012213083 -0.013331539 -0.028711237 0.0017485893 0.015696786 -0.005143591 -0.021402776 0.004473677 0.003982542 0.0026340934 -0.0066824984 0.007822687 0.0042401603 -0.026021166 0.027114745 -0.0012278358
rối loạn lo âu	-0.010869666 -0.010249888 0.08546921 -0.0030070592 0.013009683 -0.025674062 0.012287799 0.0066810767 -0.010950052 0.034397483 0.0036038233 -0.018609071 0.011661028 0.012661007 -0.0062549785 0.012538076 0.0070974845 0.00037044738 -0.035222303 0.008843844 -0.0075909155 -0.02090591 -0.010581707 -0.00068719033 -0.013082844 0.0065879934 0.0033310615 -0.012459132 0.007925226 -0.007615024 -0.0058336393 -0.023562605 0.008807954 -0.0041347924 0.0290211 -0.000985633 -0.02760847 0.017274907 0.03386979 -0.004448149 0.0133984685 -0.00540803 0.038001824 0.0007152241 -0.013881735 0.008743768 -0.017770175 -0.0082858065 0.01372173 -0.008492585 -0.001057037 0.0043325773 -0.0062890095 -0.0067921113 -0.009877536 -0.08134974 -0.007556012 -0.0044772415 -0.0065843477 0.0034500503 0.014548924 0.008538372 0.0020936753 -0.018660724 -0.0033377474 -0.020304726 -0.0021400976 -0.0004935358 0.11712897 -0.01041034 -0.015386384 -0.004353967 0.019492976 -0.0051948032 -0.013008808 -0.01410357 -0.012063713 -0.027948717 0.0058798552 -0.0033697654 -0.01650556 0.0056974515 -0.00551966 0.008492656 -0.035075337 0.016092902 -0.025525881 0.0053741173 -0.0034053829 0.002153012 -0.0055247676 0.0025937662 0.0019830554 -0.009557818 0.009555474 -0.009337522 0.0018218652 0.01988446 0.020465812 -0.013255093 -0.062346756 -0.006944259 -0.0042367573 -0.00681656 -0.0015090449 -0.024366647 -0.024363609 0.014001827 0.0031085063 0.0089449575 -0.0026168302 -0.015483112 0.009945392 -0.0012896088 0.00075023685 -0.006311661 -0.0011206232 -0.0015789744 0.0047457484 -0.03430086 0.025817102 -0.0071112267 0.0032219223 0.013129998 0.020033764 -0.009032947 -0.016745545 -0.022868404 0.003921787 0.01347616 -0.0004782267 0.004554506 0.011504233 0.026185015 0.0069798823 -0.010362324 -0.023382135 0.055786382 0.0058295387 0.007496189 0.03285381 -0.0035726102 0.012360246 0.0071136556 -0.008996188 0.008161057 -0.018125871 -0.025479846 -0.0014709723 0.0089759 0.0075721666 -0.013760104 -0.032662198 -0.0074131284 -0.014889714 -0.018112278 0.015725082 -0.016159883 0.012328601 0.0028596055 -0.010242654 0.0025173184 0.022369375 -0.031347647 -0.001718273 0.012610805 -0.005662119 -0.006560067 0.013001067 0.00056487817 0.012373753 -0.0037046543 -0.009830575 -0.007814591 0.007771312 -0.0047950973 0.005870948 0.0009989265 0.0101917265 0.0055151084 0.026220158 -0.019038742 -0.04268228 0.0025495237 0.01634126 0.014497654 0.013091347 0.012236071 0.0023449946 -0.004708137 -0.031162938 0.01914083 -0.00973819 4.3154385e-05 -0.006186606 0.020237869 0.00021290749 0.016898852 0.011484158 5.170734e-05 -0.029213423 0.0042914995 -0.01254601 -0.009528781 -0.017457614 -0.006979715 -0.009624737 0.031247048 -0.025112784 -0.006465662 0.084425546 0.0036246313 0.019524103 -0.007837686 0.01259746 -0.018592613 0.0018916816 0.011237559 0.010099041 -0.015022294 0.0065867677 0.0072064474 -0.03716956 0.0065988614 0.0058326772 -0.0069993627 0.01037622 -0.008146335 0.027614413 -0.056987714 0.0015490988 0.013748509 -0.004185805 -0.00074252795 0.010539807 0.01556264 -0.025415583 -0.008298675 0.007094854 -0.016106417 0.052393246 -0.0025508164 0.0073673907 -0.0047978084 -0.008978429 -0.013576438 -0.0018333293 -0.010782618 -0.013453511 -0.026318269 -0.016215973 -0.0238078 -0.011563089 0.024168173 0.021235935 0.022311976 0.0143710235 0.045062076 0.006462258 0.0073568407 -0.035648633 -0.009519957 -0.06303135 -0.005991122 -0.020228745 0.019865038 -0.01887981 -0.004951047 0.0016056974 0.0049547846 -0.0050718733 -0.0146781495 -0.005820336 0.016904226 0.02992216 -0.03503747 -0.018980497 0.012903441 0.001650413 -0.008497077 0.014597469 -0.0096556945 0.03442621 0.0134940995 0.014649086 -0.035082825 -0.022123903 -0.024451382 0.008818365 -0.01873233 -0.0009093539 -0.0031871528 -0.011279252 -0.022654435 0.0233259 0.0014070589 0.014899753 -0.015559827 -0.0075274985 0.017629407
đột quỵ não	-0.004082819 -0.00942571 0.06294351 -0.037291884 0.007523887 0.0014827818 0.012057402 0.002088436 0.0020875554 0.03375223 0.014850598 0.006333485 0.009484696 0.014523263 -0.03181577 0.03316464 0.00038048052 -0.015385445 -0.037343305 0.018061664 0.023230912 -0.010186173 -0.0018177873 -0.0070662177 -0.0069923177 0.016013654 0.03315509 -0.009538515 0.02813626 -0.013106858 0.018133646 0.0008387577 0.008643249 -0.01576105 0.020612516 -0.0065043587 -0.02686114 0.022874868 0.025241913 0.0021246204 -0.012018781 -0.010899614 0.048054423 0.009513148 -0.016719561 0.013265792 -0.009357945 0.010259778 0.017250905 -0.011660059 -0.0015766069 0.0067049875 -0.013772288 0.011545305 0.006512112 -0.057846945 -0.020356728 -0.010487928 -0.0037710993 -0.018621108 -0.0067830067 -0.0012227591 0.0019558242 -0.0071742395 0.007677422 -0.024241086 -0.0073469332 -0.012724732 0.07330639 -0.012262501 0.0032864525 0.022000425 0.024541156 0.0052821673 -0.007916765 0.015912287 -0.03149841 -0.03506744 0.0076006926 0.015585255 -0.036069825 0.0025508706 -0.02382426 -0.011720481 -0.031138923 0.033047423 -0.042076916 0.0066581527 0.015234464 0.0015375498 0.005440466 -0.0070403037 -0.0046785073 0.015518408 -0.020161651 -0.00037288957 -0.0015427866 0.0074714147 0.0247941 0.009465817 -0.060903642 0.0058181714 0.0051801917 -0.04398432 -0.02340689 -0.035329726 -0.050871447 -0.01367945 -0.033535477 0.010155268 -0.055602804 0.007197827 0.012493479 0.0027327784 -0.039469436 -0.011690307 -0.009271853 0.0064250184 0.0064721927 -0.022580475 0.034388848 0.01745979 0.027833713 0.0054826923 0.050978824 -0.010109622 0.026766485 -0.052202214 0.0012069717 0.022196833 0.006283886 -0.025846604 0.020134425 -0.0024852694 0.010375765 -0.006970557 -0.038943432 0.055599704 -0.009998284 0.029856622 0.006807752 -0.011034835 0.019362725 -0.009026218 -0.032987192 0.007422278 -0.0057588206 -0.06205523 -0.011284415 0.026960477 0.0044552917 -0.00067254284 -0.03436801 0.0054863184 0.012387601 0.013407484 0.014132687 -0.009525145 -0.0020268937 0.010615282 -0.0047651613 0.016458163 0.013976289 -0.009759473 -0.013639258 0.01727396 -0.03548588 -0.018748747 0.03750219 -0.026444487 -0.014479141 0.028299067 -0.004158949 -0.017048279 0.010587831 0.0072855973 0.0025213677 0.02982261 -0.0008871576 0.02582637 0.014449292 0.013912757 0.02862803 -0.016064348 0.0047662817 -0.006759896 0.0041758586 0.0056490847 0.0026760076 0.01123629 -0.055815678 0.053452604 -0.007661216 0.027216494 0.020985194 -0.006375881 0.029062489 0.002995787 0.033327565 0.0023731915 -0.018830463 -0.010309957 -0.014179934 -0.0066889194 -0.000984996 -0.027131699 0.008103195 0.027007362 -0.002813713 -0.029751923 0.08995462 -0.013115413 0.023914052 0.004337243 -0.024553947 -0.03406468 0.0026823757 -0.007388312 -0.000619873 0.0029938626 0.018211871 0.004121852 -0.002980769 0.0014621975 0.0052009393 0.0032217759 0.005817064 0.011390582 0.035088345 -0.07050735 0.00088636286 0.0078061502 -0.0029092554 0.0058118976 0.010443885 0.008539344 -0.02207942 0.0189462 0.0091203 -0.008382031 0.02955157 0.023585571 0.0065843975 -0.0067062113 0.018493662 0.00026212985 -0.00864404 -0.034267012 0.0045640566 -0.03261544 -0.0031490421 0.005363554 -0.03533213 0.030603243 0.041722354 0.0035678372 -0.0016889046 0.020480903 -0.0068943095 -0.0024304083 -0.036119156 -0.0025154452 -0.04280907 -0.0025074896 -0.011484036 -0.0027267868 0.0032467544 -0.011407981 -0.008363163 0.013366723 0.0034317924 -0.027551768 -0.027721127 -0.0023085421 0.01743441 -0.024563147 -0.026300684 0.020134818 -0.013637908 0.054231636 -0.025651814 0.0062164683 0.030334406 0.013732524 0.02384089 7.0390604e-05 -0.046923764 -0.015056629 -0.0032680845 -0.00838042 0.0068467483 -0.029807173 -0.011080325 5.0021958e-05 0.02779105 -0.0054825246 0.0026491205 -0.019919038 0.024523633 0.017583745
chỉ tơ nha khoa	0.011034512 -0.0085513815 0.038566984 -0.002892335 -0.009022761 0.0033403414 -0.009873218 0.011902838 0.0047338875 0.014707539 0.0015271779 0.019154998 0.008017664 0.007149129 -0.021057962 -0.009128847 0.009376111 0.011618765 -0.0098895915 -0.005772789 0.011975751 -0.0049989424 0.007823942 0.011125347 0.0013001265 -0.010869896 0.029660624 -0.017259287 0.015265824 -0.0037071258 -0.0072135176 -0.011114856 0.016535912 -0.0022924258 0.008320248 -0.02137749 -0.008318322 0.018952604 0.0030066972 0.00787566 0.013019257 -0.0039036705 0.0061380393 -0.0004770487 -0.014092404 0.020884262 0.0036105118 0.005992714 -0.0052208947 -0.006155664 0.0036765328 -0.0005671645 -0.011181572 -0.004137899 -0.009671656 0.0013492727 -0.022951504 -0.0021556253 -0.004336995 -0.007333647 0.004405694 0.014542864 0.01711948 -0.037906058 -0.004502666 -0.0023453422 -0.014049904 -0.011005344 0.059715364 -0.00066018535 -0.0026933537 0.0028442552 0.009867389 0.011897387 -0.0033223282 0.0016095203 -0.011288231 0.0020241537 0.010822374 -0.0069761206 -0.0051724454 0.011443276 0.004356282 0.012240147 -0.0076380614 0.0045989696 -0.022207309 -0.004841789 0.013745347 0.013743288 0.013195053 -0.005848579 -0.01430863 0.018686237 -0.0099544665 0.009368135 -0.0056896517 -0.013998644 0.00864128 0.0013311827 -0.02150903 0.010645786 0.00025318103 -0.04482124 -0.0068750363 -0.011181926 -0.02186704 0.012731821 0.0055559855 0.0021889205 -0.030471526 -0.015432249 0.0025902144 -0.014248059 -0.011579013 0.0143418405 -0.014485331 -0.021907171 0.0012702438 -0.06019738 0.032843377 -0.0111326985 0.0057570566 -0.00026535502 0.021546645 0.009478488 0.0012093902 -0.009841105 0.009607483 0.010963773 0.01377207 0.0028194217 0.010559122 0.0039010248 0.018649407 -0.025349475 0.00899277 0.03960289 0.00974808 -0.00458287 0.0061949426 -0.0058886413 -0.0030359814 -0.019266356 -0.008443361 0.0004057205 -0.010738648 0.0055762855 -0.013108446 -0.004611426 -0.0044437465 -0.007745439 -0.03114852 0.0064556524 -0.0068594967 0.010319175 0.014133038 -0.017580744 -0.0067761587 0.004805285 -0.007817816 0.0048337993 -0.0025216865 0.0010732186 -0.002838485 -0.0005336742 0.016492657 -0.009336942 0.02212392 -0.010808765 0.0026533615 0.01614543 -0.0048510674 -0.008114067 -0.0077883373 -0.002111116 0.011081869 0.024686903 -0.0016446377 0.008799637 0.018146085 0.007905034 0.0045512584 -0.0007608292 0.0030401351 0.002796577 0.0032795323 0.008095 -0.00094669487 0.0050647845 -0.021189727 0.0048065605 -0.010519152 0.0072912658 0.008970043 0.035077814 -0.0017698819 0.016512219 0.015570376 -0.0035581295 -0.0010877538 0.014538927 -0.0056673978 0.003010932 0.00014879784 -0.01610918 0.014769683 0.022969235 -0.0020073291 -0.018710556 0.015603655 -0.0047184634 0.017733363 -0.0039511602 0.0033123316 -0.019293178 -0.0026814193 -0.0004890452 0.0029238341 0.007046554 0.014412333 0.013621572 -0.019332634 0.017628232 0.006765128 -0.004536234 0.0067356015 0.006641761 9.853737e-05 -0.026900392 0.0036939709 0.0006926805 -0.015279581 0.012774293 -0.001739212 0.005217098 0.0070641316 0.014174221 0.007577944 -0.018206747 0.04243178 -0.008316121 0.005992097 0.017856317 -0.0034476225 -0.011221572 -0.0016256522 0.009174128 0.009142483 -0.022121785 0.018389435 -0.0049858796 0.033332434 0.0042602355 0.060162947 -0.0021203062 0.01306203 0.027866594 -0.014087914 0.019291239 -0.026866125 0.011285729 -0.047459897 0.010982209 -0.006156706 0.0027837562 0.0027229397 0.007683528 0.014508216 0.03140211 0.014256769 -0.013573846 -0.014667644 0.016416838 0.022859422 -0.0032454762 -0.0013624895 -0.0054160035 0.0038244876 0.015673013 -0.010817291 -0.021705111 0.012161224 0.010728439 -0.0012490756 -0.014435956 -0.006522027 0.0051426734 -0.005287144 -0.0031097743 -0.02152038 -0.015196601 0.006331698 0.013049081 -0.012104209 0.011879141 0.014037486 0.0048453407 -0.00428402 -0.0011070092
Viêm tụy cấp	-0.029362235 -0.0005699236 0.027647588 0.02050834 0.017541878 -0.026033934 0.015389961 0.006757155 0.02065134 0.006657834 0.01113995 -0.027090412 0.019961255 0.02566661 -0.018627122 0.006482779 0.017421095 0.016072722 -0.0034145557 -0.013088939 -0.0017386649 0.010669375 -0.009019882 0.0146579845 -0.0044774013 -0.028111974 0.0036398738 -0.0051412443 0.016064577 0.0026384895 -0.010861287 -0.018650116 -0.00608942 0.013863923 0.025648465 0.0033593487 -0.06534425 0.018269658 0.006473454 -0.004560913 -0.004421013 -0.0003226135 0.04271684 -0.0010656703 -0.0061958684 0.0042054793 -0.019344252 0.009735493 -0.014656465 -0.018795786 0.02960572 0.021741465 -0.019115303 -0.008146436 0.0026769324 -0.08514495 -0.042424362 -0.00211962 -0.0070895813 0.027512643 -0.010998777 0.005457537 0.004481393 -0.06184607 -0.004022908 -0.019309277 -0.016766705 -0.010704656 0.09794537 0.0066970275 -0.011860369 0.003262228 0.02326163 0.013042894 -0.010093321 0.02511857 -0.03430055 -0.033251747 0.004075506 -0.005980861 -0.011961183 0.00025640317 -0.0015710905 0.018692879 -0.010870027 9.069145e-05 -0.009814689 -0.005128236 0.031097248 0.071195595 -0.0036075388 -0.014041689 0.0019256265 -0.008386034 -0.027638912 0.02129409 -0.013691872 0.0023194237 -0.005162696 -0.0010409626 -0.024865597 0.0116816955 -0.008439068 0.00962201 -0.04710232 -0.09818503 -0.03678325 0.0070805587 -0.02766726 -0.0017133169 -0.084320605 -0.014742201 0.007642782 -0.021445708 -0.010013922 -0.0012683023 0.021143656 -0.011943084 0.0042978125 -0.023164392 0.0077069327 -0.00017657764 0.017788574 0.003384479 0.04161026 -0.0010693496 0.0016766047 -0.029612672 -0.014817472 -0.00355449 0.00024728553 -0.0075565586 -0.002769165 0.021294693 -0.011940503 -0.04377979 0.0034676702 0.046784364 -0.0054216716 -0.002722558 0.001498369 -0.013611334 0.02508162 0.0006818019 -0.025188327 -0.0059630414 -0.009506008 -0.034519352 0.0003582079 0.01768502 -0.012147821 -0.020480443 -0.030402292 -0.041932672 -0.0086787 0.012117588 0.025859613 -0.04547117 -0.016377468 -0.009376915 0.015795771 0.022392167 0.0015374819 -0.00927659 -0.0046732724 0.01999144 0.026406512 -0.004751937 0.0060987477 -0.0077554276 0.028269077 -0.01110561 -0.008859406 -0.008523113 -0.015276703 -0.017973807 0.008075774 0.027258664 -0.0037085009 -0.0067225336 0.023569612 0.03539018 0.046931762 0.0070667104 0.014972557 -0.012280904 0.022442313 0.0377826 0.014791086 -0.021595672 -0.0265939 0.051498003 -0.0032527198 0.017928839 0.014518495 0.027065853 0.007351878 0.004202279 -0.011700059 0.0014786195 -0.024596725 0.005151747 -0.023804866 -0.008019499 -0.0016376289 0.0011439295 0.0035369818 0.026100913 -0.05215185 -0.024989987 0.08010742 0.00013524108 0.04822808 0.011390241 0.008901993 -0.031531334 -0.0069595305 0.017519327 0.0026173182 0.01749496 -0.039124183 0.026858717 -0.0016298101 0.0108744595 -0.0032082181 0.02346715 0.005309901 0.0063605057 0.016034205 -0.064668894 0.026995623 0.0067653456 -0.012357195 -0.0043260865 -0.012800539 -0.007630785 -0.032622147 0.016203452 0.015019158 0.01377995 0.030515533 0.0026502698 -0.0211518 -0.023116706 0.019761147 -0.026266497 0.01248014 -0.0077118194 0.02066969 -0.015858794 0.0040990477 0.010297997 0.002812517 0.0074022524 0.05427884 0.010228174 0.009369643 0.0931239 -0.014191511 0.022772986 -0.086878955 0.0077550067 -0.030045887 0.032001805 -0.0050278585 0.010875685 0.017622078 0.00977931 -0.016524607 0.0026562982 0.010744697 -0.019165397 -0.040412374 0.015974095 0.04218938 -0.033052363 -0.018791016 0.07627201 -0.02163442 0.018221866 -0.003974276 -0.0018821644 0.011437095 -0.00023749583 0.0146893915 0.008532809 0.0061479793 -0.020445883 -0.036114346 0.0078099356 -0.013546757 0.01027366 0.010239558 -0.023071691 0.012775096 0.012028723 0.047655985 0.008872267 -0.013716206 -0.001177103
thúc ngựa chạy nước kiệu	-0.008764727 -0.005361548 0.06940985 -0.016720641 -0.006763792 -0.00087771023 -0.0028051033 0.014920491 0.018581105 0.04477819 -0.005898155 -0.020535411 0.013737754 0.029495578 -0.001689427 0.025240483 0.0075921845 0.0021448447 -0.019274337 0.0046013305 0.0093433745 6.623287e-05 0.033022065 0.013056535 -0.010079682 -0.0115814395 0.020947369 -0.0047021382 0.0017638736 -0.0066465186 0.0072897268 -0.015750807 -0.0059257527 -0.025933765 0.013289901 -0.0123287765 -0.025524147 0.02503698 0.023791643 -0.0040851156 0.011195971 0.0024788214 0.034213603 0.0011344268 -0.007401304 0.020012237 0.0023902117 -0.010504936 0.00016926859 -0.018826641 -0.007686785 -0.016882943 -0.01837162 0.0076221484 -0.010167106 -0.027800435 -0.022659678 0.0031336315 -0.0048010726 -0.018951995 0.023852916 0.009923206 -0.004233577 0.0030092478 0.0030463696 -0.0031200207 -0.0067852153 -0.030799447 0.042385757 0.01007113 0.019311093 0.012830081 0.02431808 -0.0040574153 -0.011449256 0.0059749903 0.011854411 -0.014845302 -0.011784929 -0.014290225 -0.018244011 0.0071799024 -0.017674841 0.014363989 -0.018944057 0.009257206 -0.01362862 0.007002219 0.0058166194 0.008234745 -0.0064458023 0.0066293227 -0.022259444 0.014163649 -0.0022184558 0.010150456 0.020605218 0.0020026192 -0.0024849174 -6.41114e-05 -0.020920338 0.0070635867 0.022416042 -0.027373688 0.0013960112 -0.03294349 -0.02359001 -0.0049538906 -0.014107298 -0.0081558535 -0.04334567 0.012622296 -0.0007978125 -0.004210343 0.0014611252 -0.0062694247 0.012535007 0.009977848 0.013722756 -0.02629317 0.03320757 0.0042435946 -0.0025751614 0.013165119 0.043361522 -0.0016754399 0.0147823235 -0.00021537462 -0.0018284925 0.01300159 -0.008143378 -0.0026179003 0.00062439364 0.0012197577 0.0026315441 -0.009941182 0.0055931415 0.058542375 0.009818252 0.017894639 0.0073872437 -0.010147377 0.017313965 0.0020042441 -0.023322223 -0.0011064227 -0.008687756 -0.024942404 0.012220933 0.0106845265 -0.0032172299 -0.0141427005 -0.027929233 -0.0007116732 0.0023682115 0.009279955 0.024921112 -0.020412844 -0.006900175 0.007837332 0.0067353696 -0.009672268 0.009926405 -0.017681843 -0.010987932 -0.011473416 -0.010383461 -0.007032326 0.017974127 -0.009571903 -0.008678615 -0.0026381535 0.00204283 0.000579285 -0.007894348 0.0067267986 0.00072168576 0.019175056 -0.000597541 0.013311092 0.02095511 0.012029664 -0.01044147 -0.01127301 0.004148886 0.0035305137 -0.0025132042 0.0061021256 -0.007882631 0.005090936 -0.0102157565 -0.0068170796 -0.018180782 0.027962578 0.010670868 0.008947196 0.014316573 -0.0049794572 0.00023554706 0.021260452 -0.0197706 -0.0041174903 -0.01049492 0.007956854 -0.006334837 0.009705985 0.003271322 0.0060630906 -0.01005423 -0.02384866 0.046598744 0.0022752793 0.014932554 -0.003216798 0.0017404313 0.008507956 -0.014577756 0.011860865 -0.00876889 -0.0068717794 0.0077981562 0.006828153 -0.006239493 0.033031594 0.003054685 0.00068602577 0.0027989135 0.001703184 0.013401642 -0.030645855 0.014456078 -0.0140712345 0.019162335 0.008874947 -0.006386873 -0.0015302316 -0.034373056 0.010807152 0.01571176 -0.0058170557 0.015857281 -0.0025939106 -0.018205578 0.0017433577 0.009414279 -0.020188434 -0.022820694 -0.005539309 -0.003250739 -0.012018898 -0.020162644 -0.0127707515 -0.0063874456 0.016873784 0.06649353 -0.0029349616 0.011275283 0.012494719 -0.0060506198 0.019705882 -0.033314344 -0.031968523 -0.018424405 0.018972438 -0.020689981 -0.016253505 0.016415171 -0.0004976141 -0.005977233 0.031234123 0.00640081 -0.024597095 -0.021289136 0.026734136 0.0123713855 -0.018843539 -0.0066184117 0.020196136 0.012555476 0.0055075553 0.005688356 -0.0033598102 0.024549486 -0.019765528 0.0022249764 -0.019433279 -0.015475187 0.0012396764 0.00013710558 -0.0016903427 0.009880832 -0.02261469 -0.0064219427 -0.008211184 0.030210948 -0.014513469 0.019371212 0.002906195 -0.004511774 0.0301859
Động mạch chủ lên	0.008123839 -0.0033249627 -0.03493637 0.01971376 -0.01851573 -0.008878425 -0.004138167 -0.0050052647 0.024348876 0.01613907 -0.0030721154 -0.021519082 -0.0030357603 -0.00980745 0.005041885 0.0029042913 0.009195927 -0.0008251939 -0.007554839 -0.00034875248 0.010625587 0.012070386 -0.0073718163 -0.0048251892 -0.0011792809 -0.005364991 -0.0023450842 -0.0053167525 -0.0038137361 -0.0055921823 0.026559355 0.001366862 0.0017095754 -0.011502021 0.013516643 -0.0055425065 -0.0052163526 0.004297829 0.02751758 -0.0066666394 0.0014543275 -0.004816498 0.034566626 -0.0031741387 -0.019422462 0.0016653001 -0.027567817 0.014927964 -0.008188587 -0.005584542 0.014475046 -0.0006205191 0.010992559 -0.009568231 -0.0075034597 -0.01754002 -0.014042703 -0.007998639 0.0036152822 0.005429347 -0.0054966277 0.0154257845 -0.0002736368 -0.018963449 0.015949182 0.0038055435 -0.0023680702 0.00047328297 0.0014570118 -0.014226412 -0.0018150879 0.01184784 0.023863612 -0.009046332 -0.00089483283 0.01147391 -0.017888641 -0.019058406 0.0069925184 -0.0105241705 0.0019129267 -0.003425882 -0.023186408 0.009465541 -0.009477716 0.01360455 -0.018187305 0.0100404825 0.011827813 0.026845384 0.018350525 -0.0048939604 -0.016539173 0.03238428 -0.01693419 -0.0045636487 -0.012484777 0.0037861476 0.011608264 -0.0109596485 -0.0068841064 -0.013699577 0.0060274433 0.020298673 -0.013101918 -0.02788611 -0.0021204464 -0.009735255 -0.0071648792 0.009098045 0.01383143 -0.014937511 0.0077782967 -0.008453772 -0.001346813 -0.016098728 0.0012339599 -0.024092767 -0.0132878395 0.019132895 0.019217722 0.015862804 0.013953786 0.0024650544 0.008690967 -0.020960903 -0.00025311616 -0.022841807 0.0023846792 -0.0012936487 0.0008659544 -0.0015475415 0.013277781 0.0048941593 -0.004140303 -0.0036370303 -0.0016373284 0.016538836 -0.014742365 0.009797892 -4.024828e-05 -0.01209585 0.013215293 -0.011850487 0.014492146 0.012500777 -0.00068213884 -0.036793243 0.0034120977 -0.0020247141 -0.0048156693 -0.028241124 -0.018823598 -0.0084724715 0.014149574 0.010023085 0.014767793 -0.011056779 -0.008844037 0.025356121 -0.0033194511 0.030273112 0.011010798 -0.012338046 -9.254677e-05 0.008053566 -0.020033015 -0.026779028 -0.027027575 -0.00497002 -0.0021265252 -0.011437138 -0.013979626 -0.0028292236 0.011189961 0.0001868129 0.0003140123 0.017408572 0.005560293 0.0025206676 0.0024432698 0.00057932636 0.00982121 0.025431804 0.010609636 0.002050026 -0.009674461 0.013364647 -0.009748063 -0.012043095 -0.01779055 -0.0019258127 -0.0023343298 -0.00997694 -0.010303781 0.025450246 0.0040387465 0.014821041 0.0067515536 0.015211567 -0.013142074 0.013165744 -0.0167134 -0.0048553897 0.0127214445 -0.010667817 -0.008216005 0.023542602 -0.016849063 -0.02008425 0.035877623 -0.01987037 0.027654672 0.010401094 0.011343153 -0.028093334 -0.0034740614 0.0062771146 0.0001523794 -0.00067424786 0.013424147 0.023485469 -0.0022243632 0.0028791071 0.008423236 -0.004518217 0.010519007 -0.006767994 -0.0012498175 -0.03376771 0.0014941285 0.002789893 -0.010104315 0.0084685115 0.005551728 0.0049647493 -0.02445864 0.017614795 0.001095522 0.0076474613 0.022344884 -0.016427368 -0.019083818 -0.0049130875 0.0027534247 0.018235547 -0.0009747386 -0.0048360843 -0.005147523 0.0029181067 0.010719666 0.0038918068 0.03344758 0.021532174 0.04349415 -0.0020025147 0.0006522291 0.00469038 -0.0011750297 0.0013930902 -0.019723691 -0.020871092 0.0050131027 0.0131103555 -0.01955938 0.005454835 -0.012599224 0.0029277212 0.007370263 0.0100658005 -0.016080048 -0.018319985 -0.03310212 0.014800609 -0.0038404544 -0.015565603 -0.02559752 0.025968751 -0.004738488 0.009322459 -0.0018721553 -0.030266177 0.024645645 0.012078232 0.027009504 -0.015325846 -0.01594675 -0.024821017 0.0046909666 0.009022421 0.008114532 -0.017389016 0.0009284305 -0.00023044056 0.02428268 0.0043633995 -0.021464715 0.010190213 -0.0026939395 0.015105991
sinh vật học	-0.01675177 -0.031995695 0.027890759 0.035130005 -0.003906724 -0.0051777554 0.018239029 0.027523072 0.027411204 0.050915327 -0.029724615 -0.036185786 -0.008414316 -0.039478082 -0.0034044175 0.062252928 0.0327372 -0.003940799 -0.029433034 0.00056442077 0.006037128 -0.011304683 0.011999725 -0.028054763 -0.04994513 0.016423715 0.04813739 -0.000933315 -0.028034305 -0.014902879 -0.025722621 0.011781319 -0.04221712 0.031150533 0.00075912644 0.01565666 0.002818367 0.022170832 0.05255742 0.060793296 0.034965023 0.016217984 -0.015753822 -0.019035606 -0.0040291096 0.0023112528 0.034435205 0.049292423 0.052595016 0.036212817 -0.018215664 0.008553877 0.06583998 -0.03907179 -0.043425355 -0.046927404 -0.012281827 0.022771506 -0.008207173 -0.054530893 0.035388146 0.0019250278 0.043047514 -0.04939984 -0.021969827 0.009489242 -0.015976826 -0.016213166 0.053152047 -0.041847482 -0.010301731 0.021114893 -0.031965677 -0.028785354 -0.04047874 -0.0034263618 -0.021379204 0.00818064 0.004817421 -0.025729017 -0.030203646 0.00720088 -0.026696468 0.0128990505 0.005579533 -0.004950644 -0.039950833 0.049912468 0.0026852377 0.011537089 0.020587329 -0.007541217 0.014859977 -0.0023240068 -0.0087022595 0.030593636 -0.07235856 0.0221897 -0.008734646 -0.0056413426 -0.013778031 -0.030510185 -0.02871887 -0.041155424 -0.022066401 -0.002428542 0.0029530553 0.00785509 0.027136015 -0.030962082 -0.009397532 0.039630547 0.03191765 0.020777337 -0.010008874 -0.025144575 -0.004211458 0.005639806 0.012534567 -0.06572983 0.03715935 -0.0029246507 0.0122378385 -0.05503321 0.004968926 0.031450592 0.015320158 0.009976543 -0.0011515454 -0.03881872 0.008318464 -0.015140485 -0.0037306398 0.019172596 -0.01961989 0.00155005 0.01269835 -0.024042493 -0.056048952 -0.023419082 0.023312341 -0.014227688 0.022900136 -0.023097765 -0.014283299 0.008995118 -0.013908008 0.041173354 0.02286784 0.025174756 0.010916741 0.010974984 -0.045001533 -0.030996943 -0.016507883 -0.051870644 0.032454465 -0.018102407 -0.05955312 0.020581497 0.0012798354 0.05773368 -0.0005410184 -0.032439835 0.03761129 0.03667988 -0.027273364 0.030475562 -0.0149827115 -0.031330694 -0.02079755 -0.024898898 -0.038742676 -0.027965862 -0.047131106 -0.047259368 0.014053529 0.01058324 -0.0009676113 -0.029215964 0.012779984 0.036773406 -0.007851339 -0.01150805 0.046268404 -0.006782724 0.0164945 0.0021600192 -0.009323936 0.008349102 -0.015733339 -0.054016683 0.025746722 0.051627852 0.0021410072 0.041186526 -0.013870715 -0.0056499024 -0.028499788 0.018617118 0.015792428 0.005451927 -0.026029197 -0.01877857 0.030027848 0.024789335 -0.016230686 -0.05342276 -0.025020568 0.014409343 0.011772066 0.018125307 0.013361395 -0.017628446 -0.004554692 -0.009196051 -0.0047549712 -0.00806271 -0.05166258 -0.014418969 0.006618959 -0.02717418 -0.042071704 0.00702165 -0.041795656 -0.029053163 0.021238409 0.028371064 0.050995316 -0.056880295 0.010535285 -0.00823785 0.02348836 -0.005557574 0.0056393235 0.030266525 0.06399677 -0.02045692 0.027713519 0.03503683 -0.033337876 0.035189 0.015897073 0.009403471 0.0055133677 0.008359652 0.002924216 -0.011372642 -0.010511083 -0.029134981 -0.0054657427 -0.034653943 0.03130126 0.008227603 0.031833906 -0.029220788 0.02368828 0.022157453 -0.0040002954 -0.02426851 -0.043641582 -0.0011151773 -0.021217601 -0.020071335 -0.013882462 0.014307439 -0.042735737 -0.033892844 -0.019478515 -0.007617884 -0.010926706 -0.017238706 0.02814889 -0.0023567402 -0.01246359 0.052423526 -0.036395583 0.02303472 0.0036898598 0.042014275 -0.017189948 0.029903047 0.0011084419 0.028476793 0.041577503 -0.052367076 -0.021043718 0.036578506 0.0066546123 0.02457997 -0.023227723 -0.023656718 0.011100045 -0.036897227 0.010368987 0.0044547985 0.0038596555 -0.06117095 0.019350424 -0.0335482
cuộc đối đầu	-0.0067840973 -0.002079026 0.067462064 0.0037289062 -0.0103964675 -0.0052531688 -0.011430066 0.007456957 0.00782256 0.020042283 -0.0007319357 -0.01830642 0.044731252 0.005434472 0.00808412 0.043640845 -7.3798233e-06 -0.007842445 -0.027410071 0.020748837 0.005201206 0.0028295997 -0.0049486095 -0.0031339135 -0.010954527 0.013841176 0.008257632 0.009398021 0.0056745275 0.006769757 0.014803405 -0.0017031401 0.016021255 -0.018444411 0.016882887 -0.026325637 -0.03732846 0.034296088 0.029020837 -0.011717601 -0.015904706 -0.008390291 0.035768863 -0.008784399 -0.017086621 0.024192136 0.028579226 -0.016169634 -0.0014663803 0.014960038 -0.015821412 0.0010766585 -0.02753124 -0.009414564 -0.0055887694 -0.021042783 -0.030523622 -0.011831151 0.008382139 0.006261504 0.0075509003 -0.009564526 -0.0038556668 -0.03282013 0.008440508 -0.002654339 0.000118016076 0.003942876 0.071577564 -0.008526551 0.008849798 0.0049942834 0.013187135 -0.0026031905 -0.0042043356 0.043503005 -0.027270883 -0.023004439 0.00055626454 -0.014553229 -4.1599014e-05 0.00017698258 -0.014610892 -0.012319852 -0.06751693 0.006759092 -0.014822776 0.007612657 0.0092370715 0.0020562648 0.020515766 -0.003805761 -0.0129889995 0.0011112111 -0.00289209 0.010200329 0.014749316 -0.0057532284 0.017905269 0.0032675571 -0.08748151 0.014710128 -0.017589604 -0.0501794 0.010634482 0.017980477 -0.025883477 -0.028714225 -0.0031174454 0.0061070314 -0.048313446 -0.010691093 -0.011428668 -0.0073633194 -0.009308623 0.006267816 0.0022175305 0.022520265 0.009480274 -0.0400627 0.03423842 0.013428656 0.010928122 0.011929719 -0.0016008944 -0.0040477207 -0.024265047 -0.008962688 0.010614006 0.028508667 0.007868895 -0.038616475 0.019790307 -0.016707493 0.0027815325 -0.023770977 0.008983645 0.046723865 0.008135045 0.011851451 0.009745277 -0.002097991 -0.004586159 0.0021785826 -0.04234676 -0.008195093 -0.0029351623 -0.021011364 -0.015666813 0.01675192 -0.005977324 -0.008023099 -0.025042217 0.0061774673 0.016034205 -0.0006870184 0.013306232 -0.015992269 -0.0072970157 0.023925725 0.0021700182 0.02332047 -0.0074034543 0.008759807 -0.0021204855 0.02378907 -0.010193502 0.016188439 0.028649831 -0.026386429 -0.01369659 -0.0046945685 -0.0036541603 0.009238688 -0.010097978 0.0066379635 0.018430866 0.07767969 -0.015575886 0.01574209 0.0165073 0.022037718 -0.0009270379 -2.6345626e-05 -0.0074623143 0.009862542 -0.0011663651 -0.0048492206 0.009408847 0.026130816 -0.03973907 0.022889804 -0.009778347 -0.0052498607 0.016391601 0.02304475 0.015352112 -0.00023383363 0.010105607 0.025302697 -0.034745462 0.015406577 0.007871191 0.024682265 -0.017651672 -0.001626739 0.0042153336 0.00854115 0.014961818 -0.03551613 0.02444978 -0.0013175991 0.015613163 0.01102878 0.024182089 -0.020461151 -0.018062877 -0.008010371 0.01773574 -0.013466378 0.0039093876 0.011890546 -0.01820297 0.016127575 -0.01036201 -0.00091671123 -0.00022861734 -0.013043893 0.03147472 -0.042594213 0.014556423 0.005569298 -0.010200315 0.005061147 0.0053844396 0.021536125 -0.012152013 0.015182793 0.00981497 -0.018327866 0.03285999 0.00043480628 -0.006758994 0.006850224 0.0032574567 0.014677117 -0.01903858 -0.017587835 0.016538858 0.014210497 0.0019927365 -0.00954093 0.031988785 0.0047292267 -0.008960825 -0.0114819445 -0.010299696 0.0042910217 -0.0033702254 0.02280407 -0.0067241276 -0.0020209213 0.0037617914 -0.0068739294 0.00033419876 -0.016753387 0.0003611624 -0.010105746 -0.0059526013 -0.00023226775 -0.025489992 -0.023909053 -0.0073734745 0.012979178 0.001039333 -0.008976959 -0.009501988 0.00580942 0.010431068 -0.006058053 -0.015421933 -0.0060768975 0.0025626908 -0.008277933 0.0046236916 -0.001622141 -0.030159954 0.0147677455 0.0039312406 0.008888247 0.005468066 -0.040303774 -0.0009096816 0.013337389 0.0037348599 -0.032082554 0.006651409 -0.0077571482 0.013706842 0.0097049605
Nhân bọt	-0.005842302 -0.02118238 0.0070096008 0.030537074 -0.0011450797 -0.025215084 0.006703013 0.0020924674 0.006887683 -0.009212344 0.004106818 -0.0039282474 -0.012113542 0.009919486 -0.021392433 0.017771322 -0.00873217 0.009786931 -0.0056370557 -0.028505832 0.0064534433 -0.027909234 -0.013869469 0.01905479 -0.012736279 -0.018422281 0.01757191 -0.012627115 0.037938226 -0.03826786 0.0067906766 0.011085243 0.026804887 0.009368478 0.018272603 0.010133607 -0.007602129 0.011691979 0.01170617 0.015391808 -0.008258301 -0.02096288 0.017116403 -0.00015981465 0.008700592 -0.013810289 -0.004271647 -0.008197936 -0.013315265 -0.016348517 -0.009978958 -0.017559215 -0.04550205 0.020052804 -0.026627744 -0.0690488 -0.031673696 -0.0073154103 -0.028444251 -0.010728146 7.5868644e-05 0.017292522 0.008315762 -0.06364895 -0.016698051 -0.0027742598 -0.006908685 -0.0100723775 0.045741796 0.010919739 0.009408348 -0.0058440682 0.0032882616 -0.014242195 0.001780531 0.041958258 -0.035232678 -0.00096446584 0.015249826 0.016909458 -0.011887475 -0.0022604086 -0.022676582 -0.010893135 -0.034019057 0.04890028 -0.018451028 0.002957233 -0.010381415 0.028791383 0.005694155 0.00534698 -0.0110549955 0.017310876 0.0044649183 0.04337466 0.010780521 0.03537887 -0.0019882119 0.017177781 0.024286471 -0.01141411 -0.0155316265 0.037110772 -0.0023394919 -0.07452177 -0.010175789 -0.008645836 0.0010999658 0.011505079 -0.03047956 0.009276024 0.0061826394 0.0026757177 -0.01067892 0.015423716 0.010242677 0.004229039 0.0062211133 0.0043602637 0.016798632 0.016995577 0.027461732 0.011545611 0.028606122 0.016900567 0.011062469 0.00036015894 0.0077056065 0.004367625 0.027001321 -0.01912681 0.0003784398 0.05373602 0.0008934015 -0.043202356 0.0017600848 0.041321475 0.010809629 -0.0063461666 0.0041659693 -0.006596172 0.010769695 0.002233206 -0.0010970881 -0.0077263727 -0.0012864895 -0.0838826 0.0011145057 0.014601819 -0.032407083 -0.029277032 -0.012290437 -0.0038043757 0.0076670176 0.029967055 0.036671337 -0.025178002 -0.0064795525 0.02089415 0.024960786 0.02196909 0.01997274 -0.006345231 0.0023107973 0.0070504094 0.02387253 -0.0020894888 0.017221404 0.017209562 0.01695772 0.022234136 -0.015134473 -0.019600213 -0.017743839 -0.00047467975 -0.00819427 0.045500237 0.017508442 -0.00699262 0.020718724 0.021592168 0.008479881 -0.013070983 0.024167625 -0.013295104 0.002293745 0.041775852 -0.009952519 -0.0035674043 -0.028631633 -0.007871924 -0.006688947 0.037307803 0.0017627018 -0.027717061 0.021763941 0.010851937 0.013498115 0.008279488 -0.004570168 -0.017005274 -0.017535167 -0.021018306 -0.029523453 -0.0055549718 0.015260007 0.02191911 0.0016711783 -0.013453588 0.081528984 0.015615307 0.043275822 0.00071703334 -0.008365438 0.0078831175 0.011574375 0.019826345 0.020744383 -0.0005730726 -0.019106349 0.00058218633 -0.031762972 0.029175064 -0.015863463 -0.0047710245 0.0018600188 -0.004526607 0.029540146 -0.08010406 -0.0065375813 -0.0075665875 -0.003302445 0.009560657 -0.0004953163 0.010028536 -0.013070878 0.0019739624 0.018146852 0.006846648 0.009561143 0.0065398184 -0.024164362 -0.0016313201 0.015538323 -0.0037137407 0.028054742 0.011812858 0.03715773 -0.016765447 -0.012948212 0.008608051 0.0553107 -0.008445933 0.08096661 -0.011770782 0.033494435 0.06503162 0.00096718833 0.0044786376 -0.061968222 -0.0389106 -0.045819238 0.012720983 -0.0057490696 0.0058277515 -0.009113616 0.00028882423 -0.0069719623 0.029942254 -0.013206564 -0.037709538 -0.0263372 -0.009581779 0.0031596005 -0.013334093 -0.026097938 0.059233915 -0.00104327 0.01947631 -0.008749976 -0.0049055996 0.046737697 -0.0031864818 -0.0031019722 -0.010469801 -0.041122478 -0.012393624 0.0012142193 0.008857404 -0.009106795 0.013561819 -0.007354047 -0.002588312 -0.01029399 0.007986643 -0.015649775 -0.020017177 -0.015927836 -0.0013290998
gà gô Bắc Cực	-0.014595488 -0.0047679697 -0.0074821203 -0.010920999 0.021377357 0.00382204 -0.0130183585 0.041112136 -0.0025593897 0.030707343 0.0049981307 -0.0059440713 -0.01911795 -0.010855763 -0.018151425 0.02028084 -0.0075628413 0.013880166 -0.025454884 -0.009883818 0.00352917 0.009806805 0.005755867 0.012382114 -0.007516041 0.023036838 -0.0030751044 0.015480315 -0.011544618 -0.0155131575 0.018266525 -0.031889915 -0.0062063243 -0.024145506 0.032772396 -0.0065587 -0.045025524 0.021447415 0.01182195 0.016678577 0.005484086 0.0015960281 0.03054558 -0.005905631 0.002886974 0.0010066513 0.0019280841 0.0038061629 -0.027635477 -0.012757656 -0.017214471 -0.01939827 -0.022613024 0.011562414 -0.01003869 -0.029835809 -0.03387276 0.010465135 -0.04260937 0.0013941056 0.015618636 -0.00981677 0.015848363 -0.023890225 -0.007078966 -0.0023806088 0.012964863 -0.009684295 0.0043527666 -0.008183613 -0.008620038 0.014107796 0.0059192358 0.020215286 -0.023049427 0.00792059 -0.011812636 -0.027124966 0.00053390063 -0.001696635 -0.00070555066 0.0121138785 0.0002451162 -0.025998825 -0.006896076 0.042502016 -0.006621354 0.008170972 0.020634903 0.032865465 -0.0054839123 0.015444804 -0.004635829 0.011170552 -0.01701983 0.020238265 -0.0031310753 0.025306951 0.015911995 -0.00841485 -0.0118770115 -0.0057681655 -0.0011950787 -0.036124475 0.0014828399 -0.022636395 -0.011889168 -0.0008668439 -0.011816927 0.00091736764 -0.021828454 -0.015767109 -0.007274812 0.005679413 -0.012221235 0.015651481 0.004058849 -0.020594627 0.0049336883 -0.0045525287 0.019871943 -0.0056897034 0.025451738 -0.0016659029 -0.0035822608 0.002299825 0.0062817037 -0.009814133 -0.005410612 -0.0026714408 0.028464114 0.005417616 0.012663522 -0.006368522 0.014741567 -0.01354511 -0.00968821 0.028131975 -0.00963766 0.017526694 0.009976364 -0.005320845 0.0017841824 0.0041393237 -0.026629115 0.01218831 0.0023364043 -0.0094165765 -0.004936553 0.013054601 -0.0025374875 -0.02529697 -0.021364063 -0.0067134667 0.007553546 0.0070877466 0.008645162 -0.00849439 -0.022702975 0.016491186 -0.009098364 0.01229434 0.013724132 0.0007283105 -0.01018243 0.023944074 -0.0048046303 -0.015147871 0.01005395 0.012105504 0.013633558 0.013341769 -0.0017235589 -0.015721515 0.01769871 -0.008153211 -0.00691835 0.043736722 0.009540997 -0.0155088445 -0.005899255 0.007961815 0.014933547 -0.021050278 0.011318027 -0.008147482 0.011415762 0.019370468 -0.01826989 0.009562364 -0.018873556 -0.010286209 0.008796471 -0.013357787 0.006647538 0.0100567285 -0.004257738 -0.0018285402 -0.007470395 0.0010232899 -0.026138864 0.019442406 -0.0079571465 -0.017899446 -0.017010583 -0.013049594 0.029139606 -0.010351929 -0.0035724046 0.003256982 0.017692083 -0.0077548684 0.013450831 0.013176713 -0.02366743 -0.00015035136 0.0069888937 -0.016900029 0.0038523802 -0.028446449 -0.005175224 -0.013175059 -0.021173028 0.025262887 0.0031447634 -0.004124386 0.008735434 0.0035936325 0.0102897 -0.019628318 -0.004944992 -0.0014441181 0.0005042939 0.0021424855 0.012896649 0.0033517557 -0.021994436 0.018534718 -0.0058874893 -0.0015784834 0.0017232387 0.0017589646 -0.0044259992 -0.008299694 0.0078064487 0.012714825 0.0025212101 -0.017776273 0.012387932 -0.0027060474 -0.0069527654 -0.021363445 0.029462956 0.001660199 0.03767146 -0.03204063 0.014543507 -0.009500371 0.002712705 0.021561652 -0.020105613 -0.029957892 -0.027849121 -0.0070158932 0.019404037 -0.031658314 -0.0076172072 0.0018338561 -0.0040031974 0.018063867 0.026325418 0.005537763 0.01912739 -0.008646207 0.0032160066 -0.030655652 -0.0049867523 -0.029530508 0.0057393652 -0.0067765433 -0.030166073 -0.019105814 0.028773395 0.00401683 0.0040106433 -0.009326153 0.0015280071 -0.004731648 0.010926729 0.026279597 -0.023546685 -0.026873939 -0.01628715 0.009983495 0.014817989 0.020902885 -0.014574334 0.007315809 0.015727283 -0.004629202
cực trái đất	-0.013926402 -0.0037911714 0.05166661 0.0021812487 0.018497813 -0.02063666 -0.00077270454 0.00051627046 -0.0031587123 0.04175171 0.007644889 -0.043547165 0.01673599 0.00089414866 -0.023906037 0.004675694 -0.013348448 0.02028309 0.0003959507 -0.005616353 0.007352679 0.014308159 -0.0037005418 -0.020664077 -0.023004647 0.022605153 0.02866671 0.007866125 0.01358722 -0.03015936 0.03400267 -0.01835272 -0.0021467563 -0.0013463876 0.04090961 -0.006040632 0.026287485 0.038228877 0.0068720705 -0.004070842 0.017997768 -0.03570339 0.02137423 -0.014580926 -0.003987464 0.014674473 -0.03298808 -0.014657488 -0.0031733594 -0.015023982 -0.019233676 -0.008237381 -0.035978157 -0.0042362316 -0.02186987 -0.014556767 -0.05461348 0.01589525 -0.026113575 0.023924546 0.014783347 0.019735137 -0.002762803 0.000283847 -0.011124343 -0.018225638 0.011273664 0.0016584505 0.0071731545 0.009821457 0.040425707 0.02327862 0.022324283 0.017180365 0.0036872488 -0.04355249 -0.021164238 -0.0148064615 0.014807554 0.0117790615 -0.031584784 -0.008872285 -0.026089072 -0.03547112 -0.014698441 0.011607089 -0.026248123 0.013440152 0.0022036042 0.07448499 0.028111402 0.009559719 -0.0036558688 0.034562793 0.035150867 -0.018803228 0.0243874 -0.008303774 -0.013371971 0.006132335 -0.06791551 0.013260938 0.0125582665 -0.031250447 -0.02074574 -0.015042074 -0.010831913 0.018937275 -0.005525618 -0.027580902 -0.033254284 -0.034607925 0.017468426 0.019493613 -0.024965849 0.0059204823 0.023517618 -0.0053778626 0.024104353 -0.052200478 0.025636112 0.0065469146 0.036609016 -0.0075136796 -0.010962874 0.0121686375 0.019431993 -0.009862754 -0.00425034 -0.0048841187 -0.00022507198 -0.012038717 0.02533486 -0.029509947 -0.024872664 -0.0041899616 -0.0072099133 0.051371537 -0.021223228 0.017825404 0.022043994 0.022146117 0.01801673 0.009910995 -0.0055351323 0.006606631 0.0010609537 -0.015761878 0.012065575 0.030322114 -0.00086420885 -0.020137083 -0.03914087 0.0008812014 0.0002500143 0.00028152307 0.012468116 -0.02675556 -0.013862686 0.04835383 -0.023892805 0.014845054 0.03521963 -0.021128926 0.0031706512 -0.0043613524 0.002591574 -0.008685993 0.023879534 0.016870871 -0.00046036206 -0.01201835 -0.03877804 -0.021935463 -0.008189976 0.0015396692 -0.032126307 0.034392375 -0.0018188313 0.0076745227 -0.021545399 0.047763187 -0.011154532 -0.024384398 0.02079333 0.02750061 -0.011279887 0.019459419 -0.011568876 0.0024780727 -0.02308156 0.040381394 -0.004337177 -0.008150336 0.0045940694 -0.033643816 0.053562384 0.02270183 0.070766546 0.016939504 -0.027404001 0.0008313626 0.0037076771 -0.022006225 0.016861599 -0.01882461 0.0026911239 0.0034355521 -0.017711064 -0.020536464 0.07595489 -0.012455818 0.0076066465 -0.0060715517 -0.0063261143 0.004971277 -0.01773607 0.033475466 0.03289002 -0.03633861 -0.021749083 0.02707814 -0.032534704 0.023793392 -0.0018723948 0.00025569595 -0.008802743 -0.014040761 0.008018422 -0.06616877 0.007473701 0.031986006 -0.007240806 -0.0031198203 -0.004679727 0.012043514 0.0059128725 0.010034335 0.028813967 -0.010410253 0.026168723 0.028555412 -0.030579668 0.0023154481 0.0009008899 -0.017576331 0.00017727054 -0.060931496 0.022337332 -0.018069018 0.011185617 -0.026419247 0.06778025 -0.0023800323 0.025674492 -0.028391551 -0.0012685366 -0.012520621 -0.012822281 -0.0016254336 0.0023687794 -0.016977774 -0.020175654 0.013934391 -0.0017933339 0.005029563 0.016017994 0.024317758 -0.0027534403 0.02109593 0.041835155 -0.010500987 0.010305649 -0.0019413878 0.031252503 -0.01393999 -0.00259178 -0.014362602 -0.026117519 -0.016732117 -0.008727381 -0.015689973 0.023354808 -0.0063187047 -0.0015036047 -0.007546217 -0.035595965 0.02371329 -0.025023114 0.008509337 -0.034543257 -0.01690673 0.0013739646 0.005873223 -0.00450987 0.00031825702 0.008372863 -0.049104653 0.005369533 -0.014806189
công nghiệp phim ảnh	-0.016909309 -0.011121918 0.022689365 -0.016875185 -0.0073006153 0.0015098138 0.003564222 0.0029911648 -4.475419e-05 0.004086142 0.006762998 -0.0016827437 0.00017414914 -0.00265731 -0.0005273615 0.0070971474 0.003101794 0.0026456257 -0.02082976 -0.0043176715 0.005523747 0.018956691 -0.0070873294 0.002644883 0.004877518 0.008782879 0.008328777 0.0032195305 0.010932499 -0.0071608475 0.008584748 -0.0065069785 -0.0057935202 -0.015901947 0.0032908735 0.0010506394 -0.027922574 0.010447106 0.0064276224 0.0010835023 0.01329643 -0.0056929 0.014145747 0.0049305037 -0.004454707 0.00692084 -0.0033196034 -0.017688306 0.004237146 -0.011342742 -0.0086867465 -0.006490201 0.0075746677 0.007465549 -0.007636889 -0.02132388 0.0040180655 0.010528392 -0.0071982197 -0.005171484 -0.001844048 -0.008298095 0.0025009317 -0.025490658 -0.012474444 0.0067555658 -0.0061299535 -0.008213055 0.018762698 -0.0017041739 0.0064595547 -0.001911814 -0.0063858596 -0.0045894263 -0.00056215934 0.011298582 -0.007356219 0.0038634995 -0.0009565904 -0.0059604743 -0.01559786 0.008992244 -0.0058177253 -0.0012649768 -0.0016219891 -0.0030374848 -0.021197272 -0.0060274573 -0.0028138764 0.035805337 -0.0008583741 0.00906784 -0.006566798 0.0031280185 0.012566433 0.021420281 -0.00013160665 -0.0027821523 0.011939924 -0.0066725123 0.0012027613 -0.0041511166 -0.0020234117 -0.0074956054 -0.0130031295 -0.021914443 -0.016126968 0.010488557 -0.009188908 -0.0012327547 -0.012394211 0.0022975514 0.008011802 -0.004226032 -0.00926 0.002505098 0.0030443692 -0.00855797 0.008379726 -0.050705984 0.00623351 0.012768721 0.01648875 -0.0044608223 0.005047213 0.024004353 0.003679355 -0.0035938965 0.0024780044 0.0016986773 -0.0074012 0.0036762336 0.0007453859 0.025556242 0.0047772923 -0.0036027597 0.008232216 0.03451456 -0.0126913935 0.0016982201 0.0005523457 -0.0036933518 0.0010765203 -0.011872429 -0.020356707 0.0091986675 -0.0070310854 -0.014193247 -0.015478833 0.008225774 0.002540261 0.0072784177 -0.011428651 -0.0021345848 0.00025552677 0.0010338724 0.006353522 0.0027594715 0.0043250252 0.0065334626 0.0020319414 -0.0022469969 -0.0034382401 -0.008179928 -0.00087804627 0.0012984251 -0.0070865443 -0.015639596 0.01390131 -0.0042156694 -0.0046928725 0.024203591 -0.0047758785 -0.010876511 0.024820521 0.0027122796 0.008637912 0.03512055 0.0063332333 -0.0071557406 0.000362015 0.02086049 0.01387863 0.004882125 0.008353576 -0.018080173 -0.011783774 -0.007684989 -0.006156007 -0.004678393 -0.011818815 -0.00060409296 -0.005168795 0.006967847 -0.010610711 0.021216817 0.0004199495 0.004585296 0.012257464 -0.0031965938 0.0043438748 -0.000103829014 0.0004580029 -0.0065929755 0.000552241 -5.5999597e-05 -0.0014165154 0.032248124 0.0018722223 -0.002602594 0.058194533 0.0056904266 0.0046903053 0.003908066 0.012583554 0.0013290714 0.0071197813 0.008552632 0.019340687 -0.002541907 0.0013420801 0.012871952 -0.013383698 0.0048642433 -0.0019200979 0.0063913525 -0.0028355585 0.0029461144 0.030364867 -0.060766637 0.018378891 -0.007986277 0.0008096115 0.021913541 0.020721907 0.030180216 -0.0059837434 -0.0024660332 0.015045454 -0.0061470144 0.021073498 -0.0048026387 -0.014235543 -0.004452147 0.009678545 -0.012444388 -0.013240404 -0.02555085 -0.01259562 -0.018674443 0.009708905 0.0025046093 0.05203035 0.006623152 0.046688247 -0.0009866928 -0.0035617906 -0.01398081 -0.012405683 0.0004967595 -0.014298348 -0.009107528 -0.03568937 -0.00042774528 0.003223951 0.0023713133 0.0010081464 -0.004722132 0.0030986867 -0.007090228 -0.01156262 -0.009196733 -0.013221419 0.0062097423 -0.0016917719 -0.00897152 -0.018395673 0.00485684 -0.012396482 0.0062651504 0.001379646 -0.024006005 0.0047053653 0.017362133 0.0050233426 0.016880108 -0.00035119118 -0.029659536 -0.019032612 -0.0048468653 0.003504859 -0.021014584 -0.009196841 0.004525144 -0.003135829 -0.0070286393 0.0034000212 -0.033017624 -0.0060928147 -0.011693624
chính quyền tự trị	0.00519187 0.0023665451 0.014841994 -0.02650396 -0.0064580915 -0.003133702 -0.002243428 -0.008497792 0.0074174553 0.007747911 0.00030606118 -0.010868924 0.009476648 0.01210656 -0.0048720594 0.009311193 -0.0004102023 -0.0019029505 -0.032926656 0.005284236 0.001144297 0.007671646 -0.0011203792 -0.006240864 0.00078774476 -0.017768357 0.023102324 0.013716849 0.03439972 0.010587292 0.008005681 -0.0047678454 -0.009691779 -0.015029423 0.0037966275 -0.0017660231 0.00963553 -0.005504421 0.011835898 0.019861773 -0.012953273 -0.0014590938 0.027856894 0.013740072 -0.014859369 -0.0025467991 -0.01657517 -0.0015309358 0.020633588 -0.009535505 -0.019478861 -0.009770369 0.0060965633 -0.0034734053 -0.020344835 0.006050024 -0.02360671 -0.008487455 -0.00816552 0.011250363 0.0014715374 -0.004096092 -0.0026196395 -0.054888256 0.016391993 0.013278793 -0.010159693 -0.0025316407 0.059006386 0.015193383 0.009408621 -0.028856628 0.023649415 0.032552276 -0.011360255 -0.013404432 0.005277112 -0.015060385 -0.00416819 -0.0049745515 -0.012027754 -0.011864373 -0.040415578 -0.015254868 -0.001101895 0.019057788 -0.024829324 -0.0043779537 0.014138095 0.024817953 0.0045669246 0.0033407954 0.0036607757 -0.008932132 -0.008857945 -0.0064241933 -0.0072552674 0.0070750504 -0.0030973884 -0.0046170354 -0.024627648 0.0142026525 -0.020104084 -0.0252884 -0.011830054 -0.01758032 -0.011098317 -0.028687049 -0.01592935 0.01943024 -0.01971115 -0.026222296 -0.008711521 0.0049377754 -0.0066661527 -0.0018901739 -0.0040666936 -0.00833721 0.018066762 -0.024263065 0.03362702 -0.010894216 0.030892663 0.014033945 0.0149127 -0.0023798014 0.00912145 -0.005204526 0.00019001565 0.006624495 0.0016687782 -0.013303608 0.017070439 0.009615956 0.009264911 -0.028125308 0.0019488875 0.03882665 -0.0059952945 -0.015235263 0.006751867 0.010545877 0.00083236233 -0.005250828 -0.022889687 -0.004394898 0.0014590677 0.018106509 -0.025841188 -0.0012783497 0.0009402455 0.009621062 -0.019618805 -0.020716589 0.020315109 0.014505656 0.018650545 -0.00081644603 -0.019919107 -0.0006834646 -0.007501106 0.007156959 -0.0063037286 -0.008884508 -0.0069206418 -0.0048138867 0.0045588017 0.004506051 0.01881006 0.0065245014 -0.012893004 0.024193399 0.016018419 0.0075323987 -0.0029942074 -0.0029608267 -0.0027070506 0.009727657 0.01589936 -0.0082173245 0.0034250785 0.017996736 0.015828101 -0.006550853 0.014038656 -0.04401238 -0.0099809915 0.018678399 0.016645264 -0.00057190494 -0.014703199 0.00090582983 0.0005820445 -0.018533994 0.015475635 -0.0013999979 0.00042183243 0.013843079 0.009028777 0.009696944 -0.013827749 0.0025193698 -0.006606962 -0.010521712 -0.0003002691 -0.014548907 -0.0014958396 0.00504737 0.020059135 -0.016739016 0.014330188 -0.0024592634 0.0145668695 0.016723163 0.02020898 -0.013157091 -0.0018343476 -0.005626172 -0.015129941 -0.0032042805 -0.0053815143 -0.015041519 -0.008515592 0.014098762 -0.01463805 -0.020304875 -0.014696768 -0.0021853545 0.007738883 -0.031115303 0.01403825 -0.0054637524 0.0067471797 -0.009874953 0.0045960117 0.020819273 -0.0134021845 -0.0051201484 -0.0036620754 -0.019056868 0.03542071 -0.0073052724 -0.0061610825 0.011120524 -0.010396771 0.003483165 -0.009521601 -0.015074153 0.012422854 -0.02730447 0.007818287 -0.014348591 0.08999964 0.016774148 0.012886634 -0.003793946 0.009052287 -0.025841871 -0.014463827 -0.003431148 0.00019781687 0.011584227 -0.04164304 -0.025874214 -0.009824356 -0.009774593 -0.007305332 -0.0075558503 -0.018844377 -0.013960917 -0.020289132 -0.024237052 -0.0070769293 0.01244128 0.0070902044 -0.0033531087 -0.017501742 -0.003498823 0.011119224 0.011788905 -0.018669605 -0.017706076 0.037440978 0.0005556636 0.0024843165 0.00456907 0.0032550471 -0.01592762 -0.01997102 0.009441453 0.0061845398 -0.0054854294 0.00047336833 0.0035699108 0.0037459019 0.0075328834 0.0077083935 -0.015507955 -0.017901259 -0.005207166
bê tông cốt sắt	-0.02919825 -0.011846147 0.0234175 -0.023208376 0.023457114 0.023512224 -0.01705666 0.007083181 0.017849768 0.0085421335 -0.0074599287 -0.0021635739 -0.008216036 0.029058132 0.010789086 0.025758663 0.010506667 -0.03057718 -0.02117655 0.007958701 0.001047717 0.00076765247 0.012427184 -0.015053059 -0.0040492048 -0.013556095 0.011719024 0.017784901 0.009392737 -0.013148113 0.00356099 0.0014349978 -0.0118498 0.030664945 0.040236536 0.00046179604 -0.014064646 -0.010552655 0.020574944 0.043256007 0.014169111 -0.013057848 -0.018157873 0.010364892 -0.008980413 0.05476069 -0.023674855 -0.024594843 -0.002082495 0.002573911 -0.008859979 0.009033025 -0.01016803 0.043315526 -0.021167016 -0.00826444 0.02790209 -0.022092866 -0.02588597 -0.002417335 0.019429047 -0.00037960176 0.0138263535 -0.014118855 0.017060304 0.009500909 5.3495965e-05 0.009172919 0.01696029 -0.011409777 -0.011647182 0.0162938 -0.009357532 0.023010675 -0.0034924212 0.011098242 0.0057219123 -0.0064046043 0.013356836 0.036020737 -0.02471696 0.000517867 -0.032074053 0.0011706145 0.009252714 0.021765266 -0.0040315622 -0.0038999189 0.052167278 0.01016125 -0.0017198414 0.027698789 0.016565138 0.014453622 -0.019053727 -0.010396182 0.016928356 0.043868057 0.019300064 0.0036121197 0.016203946 -0.005163318 -0.0039078086 0.007904561 -0.006909918 -0.010424374 0.002441203 0.0019677265 0.0059212884 -0.007964299 -0.010744153 0.014623597 -0.01835013 0.0037173594 -0.00094130926 -0.0001545128 0.0021222595 -0.025852287 -0.0037488341 -0.009267198 0.001061472 0.003600612 -0.0013721457 0.032786697 0.01991806 -0.019210238 0.02393147 0.018085714 0.017218718 0.031133132 0.006298181 -0.01725659 0.02012098 0.006663409 0.00024090994 -0.006182704 -0.008627498 0.0022332824 0.010532821 -0.015162173 0.021463374 -0.010239386 0.025006322 -0.009925122 -0.012301258 0.015032607 -0.029278474 -0.022926582 -0.028998757 -0.028955724 0.0019779983 0.010286229 -0.027002363 -0.0062438333 -0.011598056 0.037987914 -0.0057310457 -0.009945094 -0.02263951 0.017942293 0.0073270504 0.025296656 -0.014738309 -0.027756691 -0.0036163987 0.05507667 0.016771644 0.024120117 0.013916917 0.02360974 -0.0037020443 -0.02260329 -0.01157261 -0.0044143205 -0.009999274 0.0317475 0.0035102519 0.013291402 0.0028416254 0.0018000749 0.0045054457 0.019047247 0.0007954643 -0.009902983 0.014039324 0.025958735 -0.021380853 0.0010786288 0.007966974 -0.00076961465 0.007858428 -0.03485628 -0.014541804 0.019910103 0.00014136519 0.023743901 0.0006246479 -0.023683937 0.020561416 -0.0004689611 0.0019687803 0.014762561 -0.012824648 -0.01956289 -0.02139003 -0.048237484 0.0068353093 -0.008139948 0.038899623 0.01086197 0.04860455 0.014036422 -0.012345611 -0.018716479 0.00025218033 -0.01000362 0.02627435 -0.014092177 -0.017626433 0.0068659144 0.022668537 -0.0355132 -0.020076316 -0.0012438494 -0.020342214 0.0072784736 0.027845787 0.008069591 0.014473433 -0.07575534 0.027590424 0.03222775 -0.047990095 0.008135188 -0.0079951165 0.019811908 0.011722551 0.045763202 -0.023520157 0.0028745388 0.0033096445 -0.004355778 -0.031204596 -0.0067966394 -0.0036509857 -0.032408062 -0.0017255696 -0.044266272 -0.016107049 -0.026277449 -0.008211755 -0.010214128 0.031463437 0.019630136 0.06293582 0.013378737 0.007334175 0.009163081 -0.015831467 -0.009780914 -0.014267625 -0.0049809143 -0.003517585 -0.03330301 -0.009942819 0.006063374 0.008614523 0.012141526 0.03668151 3.38281e-05 0.016647572 -0.0059497757 -0.030387415 -0.0028041345 0.022697648 0.0021169425 0.010443711 -0.013142943 0.013604922 -0.013005821 0.0012666659 -0.017189115 0.015534957 -0.018982476 -0.019091267 -0.019612253 -0.007178626 -0.019017553 0.014057292 -0.002821045 0.0058925464 0.0015423431 -0.003877392 -0.021899853 -0.012429123 -0.038305514 0.024814416 0.021275403 0.002983958 -0.023644762
người hôn phối	0.010926549 -0.009493427 0.034926567 0.013102907 0.028300144 -0.018838169 0.0020493444 0.0078204395 -0.0075554303 0.030848937 0.019422803 -0.016797138 -0.025720159 -0.005312346 -0.01779499 -0.011049729 -0.0040207407 -0.008505085 -0.0010164246 -0.0184312 -0.0048373095 0.009423071 0.0058104023 -0.00232285 -0.0021722505 0.011543791 0.028794363 0.01644767 0.028010622 -0.0061423047 -0.00605691 -0.014889245 -0.003617115 -0.018179758 0.007285459 0.021536872 0.004774933 0.020959785 0.016362803 0.03142636 -0.010018484 -0.00856011 0.0056793303 0.0001186716 -0.009641946 0.018955184 0.012313217 -0.021778846 0.0064344388 0.0069449185 -0.025639972 0.0012008256 -0.027873522 0.010391588 -0.012206961 -0.02601552 -0.0088300435 -0.012051012 0.020871384 -0.0154986335 0.01730862 0.009603673 0.011853438 -0.019650636 -0.0077343583 -0.0163042 -0.005652409 -0.010955565 0.06372116 0.032135796 -0.011108376 0.002766553 0.021014879 0.018321639 0.0054619745 0.009889151 0.00035309544 -0.018940255 -0.017074654 0.014149641 -0.022219822 0.002579936 -0.023082351 0.006043937 -0.037578225 0.005234443 -0.011999629 -0.008276735 0.0033620084 0.030943595 -0.01991229 -0.0024278592 -0.0051441826 -0.035263915 -0.005564278 -0.00943146 0.023682967 -0.011337043 0.006990261 0.01926047 -0.068475135 0.008177627 -0.02064681 -0.045908183 -0.0015966644 -0.026219316 -0.02458939 0.014569734 -0.007678838 0.00024570012 -0.05982873 0.0016041339 -0.002590886 -0.012528586 0.0033634708 -0.0034123275 0.019761758 -0.0026154828 0.028516183 -0.08531678 0.005225673 0.01082606 -0.009410763 -0.013503253 0.012450208 0.0030544763 -0.014045556 -0.03285874 0.021153793 0.005424775 0.0025977707 -0.018718889 -0.0109183565 -0.016968539 0.035790082 -0.024770355 0.0044355146 0.05457018 0.0030062392 -0.007977358 0.012734565 -0.01143539 0.002885842 -0.025707608 -0.022035295 -0.021003328 0.03008232 0.0038019381 0.00097202015 -0.00034673885 0.020743126 -0.011421674 -0.024474522 -0.014881826 0.022907386 -0.0024736251 0.0105051575 0.006773366 -0.015155551 0.0145179555 -0.016495248 -0.008609679 -0.002891524 -0.024353482 -0.0013155056 -0.005659718 -0.0061761537 -0.01389916 0.017358532 0.005758555 -0.0048185624 -0.0022946273 0.0051741414 -0.004520686 -0.01137359 -0.018155387 0.0065174215 -0.026965296 0.03559098 -0.00832246 -0.0011129923 -0.014225808 0.05230391 -0.0065303813 0.004180247 -0.051314518 -0.005503986 0.019755796 -0.009044998 -0.017165216 -0.0538054 0.0022456504 -0.033396315 0.012154774 -0.011096522 0.0150621915 -0.020850478 -0.0059636123 0.034466494 0.0162541 0.018954394 -0.012883392 -0.0058765593 -0.016465912 0.016675571 0.01563787 -0.014622662 0.018817525 0.009745142 -0.030623473 0.037739456 0.006807098 0.028332537 0.002203327 0.03597811 0.0013147006 0.017595643 0.013597355 0.0026163582 0.010030281 -0.02189265 0.007586429 -0.010307743 0.026773602 -0.0078334985 -0.0066977483 -0.016448295 0.0056692637 0.019645577 -0.05625383 0.011596591 -0.034888055 -0.010430614 0.014230597 -0.020834625 0.018177463 -0.015084612 0.015274704 -0.013114569 0.006055184 0.030782612 -0.008547469 0.00016100185 0.0023122802 0.01743626 0.00879703 0.005619033 -0.027231291 -0.007956681 -0.0030832144 -0.015242879 -0.011310861 0.018394398 0.008952548 0.02017057 0.011996687 5.833215e-05 0.00055888545 -0.012068633 0.0063755973 -0.02862899 -0.0031689748 -0.01485883 -0.021808969 -0.011617672 0.027807215 -0.0001350727 0.0063528535 -0.006831737 -0.015077289 0.015924491 -0.002909297 0.020146744 0.019764492 0.010630566 -0.014256548 0.0027464244 0.01957754 -0.004481398 0.01670713 -0.01176821 -0.027787998 0.021469958 -0.01494803 -0.005722812 0.021929137 -0.027804112 -0.02247165 -0.0027025284 -0.032112435 0.011133493 0.016455134 -0.024762819 0.0013510057 0.02162606 -0.0012966163 0.046607587 -0.0061695785 -0.025145674 0.0022114625
nhiếp hộ tuyến	0.032369893 -0.017675675 0.032021042 -0.0020088346 0.0016524108 -0.022381172 -0.005078983 -0.005219949 0.013043426 0.038872898 0.021447128 -0.011780647 0.016599605 0.0043485607 -0.005174613 -0.003234068 0.009511556 0.0004202621 -0.013357236 0.000618322 -0.0029453412 0.0036164597 0.013167697 -0.0060286117 -0.022242978 0.01221682 0.015273847 0.011836576 0.00054068986 0.0034759936 -0.0074092573 -0.0002508897 -0.0016600353 -0.025051286 0.025900384 0.0035924183 -0.02501987 0.022244722 0.012090885 0.0038376192 -0.0125846295 0.021576291 0.030120844 -0.0036089679 0.003314235 0.021926768 0.008384737 0.004025083 -0.0035593647 -0.00518768 -0.0076698624 0.009231786 0.00270957 0.018928178 -0.0199335 -0.03603835 -0.042294603 -0.0017525802 -0.012205715 0.016833985 -0.0020603214 -0.008157524 0.012285161 -0.027564289 -0.0030777908 0.02188158 0.010340334 -0.014429677 0.03725407 0.021511806 0.0076328614 -0.0014198547 0.008152 0.0030938815 0.011718191 -0.0053317584 0.0044818535 -0.032473914 0.0065018735 -0.0016741821 0.010044946 -0.002971484 -0.020802712 -0.014957878 -0.023913145 0.0008855853 -0.019210974 -0.008337513 0.0044600605 0.022061296 0.0028342295 0.008410636 -0.025802383 0.0027385503 -0.011255174 0.025778733 -0.00917381 0.005809071 0.021419466 -0.014875912 -0.03481291 0.01950957 -0.00698947 -0.054883793 -0.011974551 -0.02138715 -0.033899244 -0.01904696 -0.0039406545 -0.00581903 -0.003608051 0.008483611 0.001695081 -0.01912363 -0.0038085673 0.010810436 0.007784754 -0.0015995434 0.018080162 -0.015369755 0.022407332 -0.01664697 0.031841952 -0.0017893864 0.019535324 -0.0220599 0.016241759 -0.009178824 0.005914927 0.008703123 0.024784327 -0.01753254 0.0024706004 -0.008777775 0.011389073 -0.020090641 -0.011425846 0.043459047 0.0036530767 0.020379104 0.020432072 -0.0013570428 0.0162256 0.0025219296 -0.010388729 0.008613143 -0.025722584 -0.012386709 -0.01657929 -6.7880997e-06 -0.010032375 -0.018238453 -0.031200772 -0.00759827 0.0026489517 0.0016369469 0.018117247 -0.0056491215 -0.003025151 -0.00044314284 -0.004695547 -0.015222198 0.017030047 0.00036988812 0.00845983 0.002401373 -0.00792953 0.0016698417 0.018404836 -0.006455092 0.01617311 0.024793332 -0.006089195 -0.0027118064 0.0036693616 -0.0017284021 0.014288443 0.023847582 -0.0067424006 -0.005112892 0.011051497 0.020604178 0.0032836918 0.003964175 0.00039709825 -0.0136250965 -0.011392335 0.009660617 0.0028570595 -0.0016249511 -0.0029823855 0.010353339 -0.03281854 0.002897891 0.0049940813 0.020240797 -0.002611241 0.020810021 0.034581657 0.01017356 -0.011605553 -0.0008373416 -0.02191264 0.0072292727 0.006296622 -0.0006184305 0.014050387 0.01969399 -0.00024299526 -0.025291756 0.04531144 -0.0016349381 0.022933794 0.017592149 0.005114848 -0.012724389 -0.0047888127 0.022436732 -0.028608968 0.011558297 0.01752129 0.0030611362 -0.012057166 0.025063448 -0.013785084 -0.0033368662 -0.007200476 -0.017677078 0.026025554 -0.055835277 0.004167289 -0.0036980622 -0.023785502 0.01658546 0.016769385 0.012520841 -0.0201604 -0.001694746 0.008637194 -0.014352941 0.027045852 0.0097031 0.007829671 0.0046369326 -0.009364701 0.0060417443 -0.002160229 -0.005840272 0.0007592328 -0.01995169 -0.0011147665 -0.004338669 0.05865978 0.019185042 0.06245886 -0.0072751543 0.0025627774 0.0068219523 -0.010059552 -0.0029761496 -0.01709588 0.013135823 -0.02397797 0.010949119 -0.0051105493 0.0058429944 0.009732504 0.0010396974 -0.0027483301 0.010566189 -0.0032564728 -0.043856006 -0.0033094704 0.00031382326 -0.010055996 0.00061723153 -0.018345995 0.0008854531 0.012237635 0.013132761 -0.005395792 -0.009967788 -0.00027334815 0.0007011409 0.014566501 -0.002671797 -0.023013301 -0.0093017295 -0.008142065 0.0063678254 -0.005207693 -0.010987803 0.009811506 -0.009171374 -0.0039051797 0.015417397 -0.002136593 -0.020756913 -0.01785099 0.0027527362
chế độ một vợ một chồng	-0.0017117421 -0.01433496 0.04645285 0.008299453 -0.0033175673 -0.000659258 -0.0015941844 0.015607187 0.011346968 0.03318529 -0.0014060019 -0.024884522 0.008129935 -0.010006862 -0.007565192 0.020298809 0.0023402446 0.014738338 -0.018126491 -0.008238999 -0.0030629677 -0.012072544 -0.0017398461 0.009633675 -0.0040906398 0.0064825863 0.00902578 0.009000138 0.020550987 -0.0022454741 -0.0014784838 0.004907339 -0.0035524801 -0.028783185 0.008130829 0.008907196 -0.023331448 0.010499109 0.016740385 0.007015805 0.014152017 -0.0045731585 0.032004967 0.007681345 0.004899071 0.010222574 0.00317755 -0.008964215 -0.002333433 -0.011187707 -0.005412159 -0.005879722 -0.0071333186 0.0066179563 0.001501414 -0.044795137 -0.02663414 0.009495907 -0.019838389 -0.015521624 -0.00045689204 0.026217852 -0.009780561 -0.050878167 -0.007174965 -0.0040295427 -0.009472762 0.012084 0.029987881 0.0062952694 0.019512638 -0.00477927 -0.008222382 0.0055817715 0.0031274785 0.016311089 -0.008380633 -0.0052491315 0.0023266505 0.0016574047 -0.01881278 -0.0075357626 -0.021798382 -0.00790904 -0.0197744 0.01486694 -0.008401989 -0.007436584 0.017433453 0.021243246 -0.013872813 -0.009102982 -0.005375662 -0.0005821078 0.003689474 0.016065376 0.020928463 0.007082618 0.011443069 0.001730579 -0.035694845 0.014641781 -0.005571916 -0.015563756 -0.017836902 -0.05060845 -0.026090156 -0.0072819213 0.008719639 -0.0057945293 -0.01878951 0.009862918 0.00086242176 0.0010677228 -0.0113947345 0.0019537378 0.0017766404 -0.009816415 0.0089232195 -0.05724019 0.00234585 0.019390298 0.035804093 0.01028217 0.027905492 0.0034952664 0.0034377405 -0.034379553 0.0017483596 -0.00067944353 0.008628265 -0.019477827 0.008058183 0.017994994 0.0037654403 -0.010875527 -0.004310125 0.057480115 -0.00063310115 0.0051580286 0.007886567 -0.0030315993 -0.01668832 0.0029767375 -0.05032565 0.0017965473 0.01046049 -0.03150797 -0.012520719 0.013903214 0.007067153 -0.00851543 -0.009980348 0.003674655 0.010774013 0.007247846 0.024141904 -0.005279291 -0.005332375 -0.0048508137 0.015582834 -0.009589739 -0.0040631075 -0.016641213 -0.0038139664 0.007563408 -0.003367422 0.006204418 0.028864888 0.0036704796 0.008869914 0.013440619 0.0026025388 0.0018855451 0.016075002 0.007969079 -0.0053298855 0.02918743 0.00094496284 0.0072342567 0.007237803 0.023812518 0.0064486167 0.019569805 0.014295206 -0.01558397 -0.009416918 -0.009352834 0.009549994 -0.004256093 -0.027274234 0.0051854625 -0.007152754 0.009302069 0.00067524257 -0.008942385 0.0096198935 -0.009632362 0.00038027126 0.0075409766 -0.007814573 -0.006766777 0.00051276514 7.1864575e-05 0.0006134251 -0.019187812 -0.0023575411 0.007785695 0.005820041 -0.02323486 0.069903545 -0.015971223 0.045364823 0.012827946 0.016336942 -0.0043688677 0.016604971 0.014043273 -0.00785528 -0.005557064 0.0029288721 0.013474629 -0.014381558 0.008138692 0.01169623 -0.001729255 -0.0015502678 0.006484767 0.03349927 -0.026537197 0.011031683 -0.0006073208 -0.012619016 0.009967741 -0.01768816 -0.0006532064 -0.011022849 0.004795444 0.018701768 -0.009179665 0.035399 -0.008431961 -0.015192644 0.002291304 0.0064114085 0.0020509858 0.0029230923 -0.02385431 -0.0067114136 -0.0013544081 0.0038899374 0.006167083 0.04665246 0.0072261514 0.03396648 0.0050125774 -0.0017709432 0.016597232 0.0019699256 0.005916209 -0.040478833 0.0005419108 -0.031667016 0.011747224 0.0010669902 0.00053805625 0.018054558 -0.004726761 -0.0026417656 0.021196747 -0.02229067 -0.024835695 -0.0067210714 0.013012858 0.006731858 -0.016364671 -0.023992024 0.01158132 -0.006185266 0.013793954 0.0032407274 0.0009856252 0.0118825575 0.0016605492 -0.007467067 0.0035905365 -0.011022715 -0.027300509 0.0027408514 0.0003562 -0.007381611 -0.013991251 0.004656715 0.0049615614 0.021906985 0.0006794289 0.011654971 -0.022348432 -0.01040253 -0.016460616
quá trình chọn lọc tự nhiên	0.0007987219 -0.0021204338 0.001115212 0.002585578 -0.016420353 -0.009562179 0.0018847543 -0.014103012 0.0019771152 0.013735523 0.00503538 0.0014497152 0.0032898604 0.0061845146 -0.0016043975 0.017093137 -0.011153932 0.0010002651 0.0037501 0.0043440145 -0.00017796994 0.0051394324 0.0019700571 0.010216384 -0.0025325262 0.006015637 0.0061506345 0.002715267 0.012674303 0.0118956 0.014426126 -0.0008677417 -0.0017039352 -0.00906847 0.0112835355 0.00979217 -0.008526571 0.00044948005 0.025289783 -0.000546647 0.013166051 -0.0071978066 0.03581933 -0.007772999 -0.0073765907 -0.00443346 -0.0017345607 -0.0021292598 0.0042186594 -0.011120065 0.0006430696 -0.012802547 -0.002437119 0.004628584 -0.005893313 -0.01624481 -0.015674416 -0.010302622 0.0035319703 -0.005501455 -0.011845865 0.0015164424 0.0032441425 -0.029303566 0.012622006 -0.00938114 -0.004611561 0.006937829 0.03464754 0.006288056 -0.00022903159 0.002435005 -0.0012141855 0.0083142435 0.001983389 0.006137073 -0.01606904 -0.0024398877 -0.0046992595 0.0030109128 -0.023742957 0.009196452 -0.0005889681 -0.0017393916 -0.016955923 0.0050834273 0.0011222416 0.018251939 0.015343657 0.002489106 -0.0036647476 0.0044054184 -0.01524851 -0.0036930419 -0.0011061514 0.011483036 0.0006101969 0.0061355634 -0.0013328227 -0.0048606186 -0.022877038 0.00026202053 0.010841349 -0.021902295 -0.0031218238 -0.02095437 -0.004133323 0.013035408 -0.012545031 -0.011307362 -0.010644671 0.010195218 0.008955557 -0.00022997521 0.01202467 -0.00530673 0.018044764 0.008608574 0.0072049494 -0.02528021 0.0030182516 -0.003071804 0.003916947 0.0011149902 0.01623324 0.0012205354 0.00024418734 -0.013917711 0.007906762 0.00038061105 0.017359272 -0.020398233 -0.00047761557 0.007853722 -0.004052693 -0.008403274 0.01743307 0.029029258 -0.0056340112 -0.0042962944 0.0016335084 -0.0033312805 0.0052730506 -0.00482203 -0.032400217 -0.0021180415 -0.007217513 -0.01789502 -0.012580049 0.013082164 0.011550376 -0.009254005 -0.015319619 -0.0041399747 -0.0034998069 0.01222043 0.014784084 0.005432126 -0.005554906 0.0121587925 -0.002600854 0.0062557794 -0.005130695 0.0045650825 -0.0037699658 0.0003346145 -0.0058046174 -0.008992854 0.031168196 -0.0008486119 -0.0011973442 0.009654804 0.0045994096 -0.0031863707 -0.0009941172 -0.0077929916 -0.0043942784 0.025859008 -0.022823606 0.008243877 0.009941219 0.0030208835 0.0028448654 0.013836862 0.0051588775 -0.008514105 -0.014701357 0.012891885 -0.014546816 -0.006279886 -0.028004343 0.012530268 0.005861815 0.012082364 0.00011852264 0.0131930495 0.0070169074 -0.004322157 0.010566684 0.008785172 -0.0112677505 -0.0021472902 0.009971377 0.0017858207 -0.014100086 0.0019328833 -0.009961302 -0.0018425506 -0.0056250785 -0.018892117 0.018253116 0.005569569 0.005181299 -0.009281899 0.017886538 -0.0005917536 -0.006876037 0.01202009 0.011047432 0.0139582185 0.009017141 0.004613548 0.0047906507 0.022663992 0.0041529946 0.0037460995 -0.0038274364 0.0043354644 0.025898421 -0.02742516 0.0014713698 0.0028487863 0.0027709955 0.013351143 0.011618502 0.0032121646 -0.013968084 0.011755563 0.0065379348 -0.0028852231 0.0016709587 -0.0042184037 -0.008499088 -0.014943386 0.00027213313 -0.0026091174 -0.010607015 -0.013611202 0.008214552 -0.0040132627 0.01577953 0.009382304 0.025609316 0.009608371 0.041933626 -0.0015457213 -0.001833244 0.0031990986 -0.0026521548 0.0071766456 -0.0107036065 0.0048852763 -0.03298129 0.010790621 0.0071223415 0.00038926548 -0.0031924618 -0.003107663 -0.0018003066 0.00046361506 -0.0109884925 -0.008788346 -0.0009609137 -0.005022751 0.009175677 0.001208851 -0.017496448 0.015462258 -0.0006596106 0.011471102 0.021362646 0.0051669814 0.028133083 0.0025549869 0.0067890678 0.015168245 -0.020380463 0.012032997 0.0089275995 0.005658046 -0.005833753 -0.020679383 -0.021253059 0.0013174757 0.008046956 -0.002094981 -0.0017704001 0.024035001 0.00054705737 0.008374733
dây hướng tâm	-0.02424894 0.014851427 0.05868281 0.0008227954 0.004075359 -0.018347126 0.010674015 0.0009189611 0.00818058 0.012636798 0.01771217 -0.032682166 -0.0039485646 0.015142253 0.009249961 0.03498148 -0.005282642 -0.009365539 -0.025345905 0.0012901495 0.026902454 0.005181271 0.008574689 -0.005616287 -0.0045889406 -0.0005922199 0.028454136 0.0008435315 0.0006107034 -0.016982807 -0.011087515 -0.009143264 0.0034599847 -0.0010398518 0.0066939667 -0.012200633 0.020965964 0.010975447 0.018222393 0.01671804 0.0099086445 0.015657041 -0.0038959542 0.01058941 0.003254331 0.02036302 -0.00498477 -0.005368192 -0.0043296856 0.0104128085 0.0021265543 0.0055966554 -0.011050619 0.009443307 -0.014366562 -0.063086934 -0.029239047 0.012473377 -0.007705981 0.008810907 0.012716526 0.003529262 0.008909795 -0.012536865 -0.018953564 -0.0068828017 -0.007870027 -0.011547213 0.04764466 -0.00078270904 0.0069070593 -0.0012634203 0.019020984 0.017421238 0.0045129736 0.017420966 -0.00686526 -0.022411369 0.0042580813 0.011493095 -0.03375484 0.017747259 -0.009367612 -0.0001345524 -0.027583687 -0.0002779845 -0.017139755 -0.0036690375 0.006899959 -0.010410149 0.0016303436 -0.024991333 -0.0057563353 0.009149247 0.01848519 0.017069858 0.012227672 0.00922153 -0.017123045 0.016363814 -0.030327404 -0.02214424 0.014999089 -0.027500283 -0.02364713 -0.036062364 -0.0014646575 0.028479354 0.010061092 -0.006563598 -0.019714227 -0.016176967 0.00034650482 0.009563354 -0.027163899 0.003093274 0.016839512 0.013538212 0.009266243 -0.0475028 0.01591805 0.01446928 -0.0007254718 -0.008230493 0.020180998 -0.005176058 0.016242055 -0.009651987 0.010114216 0.0061283633 -0.0017430153 -0.01685469 0.01158987 0.013523456 -0.010174579 -0.025428934 0.02031919 0.062917784 0.019635743 -0.01144261 -0.01423702 0.0063659083 0.0052322405 -0.018076666 -0.023514383 0.0019821373 -0.0072279857 -0.03911229 0.007050781 0.04263598 -0.0008433417 -0.005961795 -0.02945609 0.0042020474 -0.0113852685 0.005659264 0.016531037 -0.02862844 0.009830844 0.007521269 0.022194479 0.0013641043 0.0056116465 0.0070523727 0.001308091 -0.027078914 -0.010721855 -0.0008591998 0.026731787 -0.012798125 0.006227124 -0.011355357 -0.0021306633 -0.007859356 -0.006595498 0.006837985 0.009700778 0.013121189 0.01334529 0.0025467686 0.009972833 0.009074389 -0.027251842 -0.002344428 0.01959157 0.003244822 -0.018239114 2.780218e-05 0.0042226193 0.0067678764 -0.035677392 -0.006534253 -0.028048264 0.005623992 0.013806441 0.012277771 6.153909e-05 -0.01866595 0.040535077 0.015588566 -0.013429772 -0.0058724075 0.009678296 0.0059883366 0.011334403 -0.0054845326 0.012705689 0.02567017 -0.014953066 -0.015158457 0.04525989 -0.00036742978 0.04995292 -0.0028262185 -0.0016328235 -0.00995185 0.011463791 0.008264211 0.022016814 0.007648388 0.007320604 -0.0005545812 -0.011184542 0.006836279 0.0056276303 -0.0028956847 -0.0060994234 -0.00531926 0.011157161 -0.055181134 0.02638567 0.007904027 -0.011534626 0.01462925 -0.019854601 0.014038354 -0.016924862 0.011183523 0.011640657 -0.007982057 0.03284112 -0.0050894762 0.0013584315 0.027291758 0.011100748 -0.020945031 -0.0011752644 -0.024645733 0.0025698782 -0.042481154 -0.007954057 -0.024019325 0.03360046 -0.0100968 0.038964238 0.015988944 0.005530887 0.026758963 0.015092695 0.0048065395 -0.034563247 -0.006351933 -0.04191783 -0.000985156 0.00047069645 0.0163794 0.0037755424 -0.0045741717 0.0038734863 0.006461339 0.0069918945 -0.014246446 -0.015773162 0.007278643 0.0048068482 -0.038133025 -0.017153528 -0.012947375 -0.004044952 0.003506966 0.0037173077 -0.0043095467 0.023229146 0.0072619077 -0.0036304186 0.0017281073 0.0017733591 -0.025981806 -0.0028343215 0.0041105435 -0.004066006 0.01739889 0.008245603 -0.008521859 0.0044762115 -0.0020298935 0.014181456 -0.03040756 0.006525688 0.030862601
anh hùng ca	-0.048331443 -0.015407768 0.08776118 0.03062186 0.01534002 -0.006185643 0.013542673 -0.04136184 0.0018573484 0.028569033 0.018497845 -0.003144563 0.020645011 0.016442245 -0.039135657 -0.013868791 0.009912233 0.02294026 -0.0058901017 -0.000859569 0.013998133 -0.053986717 0.018955635 0.0074194847 0.0043297587 0.004297972 0.05507375 0.044658802 0.0053264317 -0.031825338 0.013103818 0.011423385 -0.0073289485 0.04498575 0.0071498426 0.0161013 -0.055980045 0.065589495 0.033003613 -0.025298113 0.045872267 0.0049216766 0.02153773 -0.052073725 0.020037163 0.070448674 -0.02660884 -0.0036030666 -0.016279668 -0.016378308 -0.06262292 -0.042258196 0.014808138 -0.015590681 -0.035920262 0.008308329 -0.07592119 0.030246502 -0.011941388 -0.043863345 -0.017325621 0.033072002 0.004725856 -0.013522841 0.03864951 0.010600951 -0.006648247 0.041903906 0.030011123 0.019431092 -0.056878608 -0.01948149 -0.057373434 0.021867136 0.030239522 -0.011572294 -0.019784436 -0.03865788 -0.038123447 -0.024926791 0.029654566 0.0036850967 -0.01233882 -0.012867836 0.020491812 0.04364472 0.02754707 0.055585194 0.027077952 0.014314962 -0.015324913 0.026351687 0.0045425138 0.01521827 -0.021942556 0.018438362 -0.021211961 0.03449488 0.04080085 -0.06156651 -0.00044464396 0.0108647 -0.038702346 -0.041968808 -0.009295191 -0.031000596 -0.01322151 -0.02859731 0.030466031 -0.020712763 0.02336358 -0.05787743 -0.02187436 0.017823955 -0.02657802 -0.044638313 -0.0024171756 0.029663375 -0.06085781 -0.02818025 0.021968398 0.017548872 0.06352922 -0.023466099 0.0136301275 -0.030441573 0.00898635 -0.06751799 -0.015805082 0.00902822 -0.019065004 -0.0011111244 -0.019532716 -0.0034754083 -0.026330616 -0.04411675 -0.06600685 0.04207409 -0.015490222 0.07728147 0.038100697 -0.001494132 0.0076848962 0.050496835 0.0058738342 -0.036558297 -0.003967048 0.054905284 -0.021569628 0.018022489 0.0011694584 -0.017658167 -0.011713312 -0.03747768 -0.04965656 -0.0058229445 0.044781916 0.027911758 0.033673503 0.006846021 0.05286048 -0.033966992 -0.010056679 0.007816953 -0.0057027168 0.07788808 0.01303329 0.031939734 -0.009547773 -0.02684927 0.011640332 0.012282352 0.006451376 0.04200322 0.028764386 0.004058782 0.015297207 0.030552212 0.0062094494 0.01612627 0.031828173 0.0024516047 -0.033449568 -0.004554278 0.029280791 0.013764655 0.05092006 -0.0015081227 -0.007811457 0.009051053 -0.009917979 -0.032418806 -0.032422572 -0.015821407 -0.0022762395 -0.01473632 0.021112567 0.034656446 0.026980435 0.024998266 0.032749332 -0.02751182 -0.010168068 -0.023469845 -0.033844233 -0.064163394 0.0031047289 0.052396365 0.02720268 0.019263944 0.033387054 -0.0027321707 -0.02546613 -0.023044972 0.048919432 0.018864933 0.04155014 -0.017280824 0.056512475 -0.011254171 0.004170417 0.041807856 0.012486441 -0.041467126 0.0031311125 0.05049616 -0.02696293 -0.062214702 0.06106803 -0.010481382 -0.026734913 0.035592746 0.008848278 0.027515393 0.014720525 0.04254637 -0.0012771755 -0.01171454 0.0077167996 0.008534467 0.0056682127 0.02676787 0.0030336988 -0.0038315267 0.011451098 -0.052301873 -0.01365066 -0.03802124 -0.00045415395 -0.02134029 -0.022485796 0.050658505 -0.0020403466 -0.0026337013 0.049774487 0.020084735 -0.008004607 0.015637185 -0.012424542 0.040679626 0.025389334 -0.046678912 0.017357524 -0.026128221 0.0036270935 -0.030820215 -0.03990031 0.043003526 0.02484354 0.021337897 -0.009299727 0.008986507 -0.040910505 0.0002871383 0.0054808767 0.03502304 0.001047492 0.035538353 0.01935722 0.010252305 -2.8477609e-05 -0.019400828 -0.01262073 -0.04096388 0.011302191 0.034227848 -0.012147318 0.032594744 0.014008591 -0.038851943 0.02245212 -0.021865672 -0.040337354 5.4092707e-05 -0.0638955 0.026001293 -0.023082336 0.01735237 0.03692247 -0.015305385
tan huyết khối	-0.008337476 -0.00966654 0.041070573 -0.0101728495 0.024732506 -0.015760185 0.013362235 0.016200231 0.016520726 0.02911164 -0.024185127 -0.033733852 -0.008381336 0.021130381 -0.0017079953 -0.004368214 -0.0073743355 0.0046927514 -0.008586624 -0.004383748 0.00040686192 0.0014530184 -0.0037013444 -0.018432291 0.0074498286 0.000636477 0.046498682 0.016671998 0.019548483 -0.02530347 0.010783639 -0.0011006716 0.011103806 -0.01886191 0.010995067 -0.03176259 -0.03868352 0.017540077 0.0069211326 0.0015589902 0.0063938997 -0.0006016544 0.018206203 -0.0062407027 -0.0024944178 0.020843739 0.0057619126 -0.015795836 -0.0076973834 -0.027401796 0.00028732666 0.020237098 -0.02177482 0.011234152 -0.022856256 -0.035314556 -0.013982277 0.004111339 0.0042114127 0.0012664458 0.010639265 0.016807413 0.01578618 -0.0024602115 -0.0067751952 -0.029195873 0.0133055495 -0.012139317 0.039761063 0.003528287 0.020114506 -0.001967044 0.017181672 -0.011522043 -0.005625986 0.0069195107 -0.035416167 -0.039612353 -0.0067314673 0.013667844 -0.021289939 0.004974306 -0.026955368 -0.019415028 -0.027714523 -0.004937338 -0.03012465 -0.009097725 0.03234015 0.03832547 -0.015629008 -0.0016146181 0.0020426353 0.016191855 -0.016210968 0.0065993457 0.0015280716 -0.014694434 -0.01685295 0.0029954761 -0.053141836 -0.010237329 0.0035915254 -0.00950773 0.007668583 -0.026777312 -0.042795684 0.010369868 0.0016707456 -0.012157665 -0.024808878 -0.016869044 -0.012295853 -0.0022562519 -0.006749103 -0.00026147068 -0.022025501 0.0034956548 0.013534178 -0.02120331 0.0215766 0.004263846 -0.00865764 0.017023409 0.029514281 0.0028162866 -0.0014483063 -0.007786006 0.010250976 0.012098268 -0.0043875747 0.0074868673 -0.0022025972 0.008776323 0.0203982 -0.01378604 -0.025593998 0.056714773 0.0057129688 -0.0009535079 0.009060598 -0.0048843483 -0.00996437 -0.0044921734 -0.0013008876 0.0013277841 -0.020287553 -0.0501765 0.0027238987 0.0037638291 -0.014704357 -0.019431429 -0.019857831 -0.019361833 -0.0018330266 0.013460461 0.024019396 0.020887243 -0.001739351 0.002761849 0.014172707 0.0032952174 0.02668898 -0.0052644718 0.02214755 -0.0013372904 -0.02046418 0.009261111 0.018029055 0.0024724007 0.00697305 0.028553901 0.0087937815 0.003418573 0.0009769177 -0.002248388 -0.0046985117 0.010618448 -0.0254622 -0.0067304946 0.0015867675 0.0063527473 0.053189814 -0.011109233 0.007363666 -0.014421754 -0.008654827 -0.0125929415 0.018851154 -0.016589375 -0.026561946 -0.008799679 -0.005629305 0.03159304 0.0076188096 0.007772625 0.030997522 0.011784323 -0.0023847728 -0.006208518 -0.029676368 -0.021048823 -0.015999014 -0.0052018156 0.003407954 -0.0074869697 0.0053835213 0.014254692 0.00927694 -0.031307682 0.043859657 -0.013463572 -0.01630528 0.010869463 -0.009371667 -0.0141786905 0.0064450745 -0.010671147 0.006914998 0.0153932385 -0.011869315 0.011889444 -0.016033262 0.01435088 0.020136213 0.009904556 0.039593983 -0.01775677 0.027380386 -0.06607208 0.0055055297 -0.0028006148 -0.027540224 0.008535383 0.0030690618 0.0017046826 8.736489e-05 0.0022637553 0.012136444 -0.002524499 0.0133802565 0.015992546 -0.017612629 0.0024505528 0.0017490867 -0.014815543 -0.020683175 -0.025059199 0.013430953 -0.0060375948 -0.0095891105 0.01715722 -0.010301837 0.020082057 0.098809175 0.01027491 0.005663842 -0.014693539 -0.01758957 0.008394666 -0.014498723 -0.014301188 -0.039806053 0.0035519695 -0.024714684 -0.016217034 -0.0034374546 -0.0013399384 0.008311347 0.02116082 -0.019551381 -0.025382714 -0.012030772 -0.0014940657 0.016733551 -0.015444453 0.004488183 0.005298514 0.016326178 0.012048647 -0.010610844 -0.009383003 0.027486706 -0.020663517 0.009462822 0.0014388812 -0.04856739 -0.012815979 -0.0058435877 0.012995104 0.015196151 -0.010772658 -0.019345539 0.012320351 0.023973241 0.009332545 0.009984987 -0.028437482 -0.0041394057 0.015185572
Viêm tiền liệt tuyến	-0.014986383 -0.002194306 0.012108124 0.001439494 0.010549548 -0.004378343 0.007981483 0.00870043 -0.00524699 0.023090605 0.01564175 -0.024609903 0.006661377 0.014083852 -0.016784957 0.0020292778 -0.0019498566 0.015832122 -0.024240056 -0.025627358 7.711765e-05 8.3373656e-05 -0.015152274 0.021854961 -0.015241338 -0.012928566 0.011952702 0.0065080575 0.0034258515 -0.009479951 0.02898356 -0.013457899 0.0055803447 -0.0017384286 0.023906179 -0.0064123836 -0.036497157 0.017727308 0.020247247 0.0048697474 -0.004946618 -0.007593622 0.022931693 0.01537994 0.015274773 0.016825153 -0.0024192315 -0.0049808607 -0.0048807813 -0.01199202 -0.0028784785 -0.0033586647 -0.009234265 -0.0089260675 -0.004643912 2.6681357e-05 0.0007967692 -0.0014444371 -0.0030846118 0.013400607 -0.0031768368 0.0031004364 0.007726383 -0.05230151 0.0062165246 0.00036460036 -0.024549255 0.0018750574 0.029237933 0.0017670103 0.0036173079 -0.0035773697 0.02189377 0.00096448057 0.0038332737 0.0033922452 -0.026647104 -0.025541645 0.013211355 0.0030282615 -0.0127060665 -0.013485869 -0.0010915473 -0.008526195 -0.0015964782 0.026545677 -0.0019220454 -0.009030584 0.007263932 0.030272385 0.0037224134 -0.001777638 -0.014115251 -0.009307429 -0.026511801 0.0028915664 -0.025850637 0.005373263 -0.007223552 -0.0029340608 -0.03405072 0.0067930873 -0.0023640916 0.0029334351 -0.023591386 -0.038145855 -0.015134876 0.006577126 -0.022054145 0.007751748 -0.037100192 -0.022597266 -0.00073065073 -0.0018471426 -0.0061042896 0.0064540347 0.011743514 -0.0066728094 -0.0017653799 0.0034176845 0.01694027 -0.0038229302 0.015192313 0.0073713977 0.026562061 -0.015436249 0.011520039 0.0022899813 -0.023523865 0.01384635 0.012695078 0.0045687044 0.0065094465 0.016973743 0.009470688 -0.037110504 -0.0077289813 -0.00028267503 0.0003107389 0.013789814 0.029859772 -0.013073247 0.0047633583 0.0076587712 -0.005328465 -0.012543303 -0.012399714 -0.038721137 -0.0018790072 0.0022843627 -0.003261101 -0.0034198845 -0.027830789 -0.0057523744 0.008729216 -0.014668188 0.016414028 -0.006157962 -0.0035042944 -0.011893119 0.017666819 0.00782903 0.018149046 0.009744319 -0.0009656952 -0.00067461364 -0.00882579 -0.0018273725 0.028629525 0.0062337182 0.009009067 0.0022434003 -0.0026018333 -0.014246348 -0.010271577 0.01394582 -0.0015449272 0.024938479 -0.004213797 6.8373774e-05 0.007430946 0.035494506 -0.00042230057 0.0013636098 0.0075748544 0.013069543 -0.0026966534 0.009361529 0.006822721 -0.0049770195 -0.034878895 0.0043704403 0.0032228802 0.0035808806 -0.0016433359 0.0034166235 -0.005301213 0.0051853145 -0.0013831182 0.008022573 -0.005216038 -0.0055380524 -0.006913252 -0.03259768 -0.015935473 -0.017311279 -0.0023990353 0.006971043 -0.017869672 -0.017485293 0.06863901 -0.01751093 0.03544171 -0.0028004332 -0.011207684 -0.022453913 0.00096938346 0.0038965824 0.010053136 -0.011717111 0.00010781735 0.011878656 -0.015340582 0.0037996199 0.0016288398 -0.0022419863 -0.0046146386 -0.004185969 0.0014075597 -0.03563039 0.0013357846 0.0025329208 -0.013598654 0.0014263511 0.017563296 0.011789467 -0.014678374 -0.0055256984 0.01160362 0.0031346467 0.014303035 0.004862255 -0.010835492 0.004305444 -0.0015778538 -0.011513691 -0.0002973357 -0.021163277 0.00387146 -0.0031636732 -0.013140689 0.00040135285 0.030612936 0.009247452 0.017235126 -0.020468945 0.0100653805 -0.009934907 0.013276817 0.0063090976 -0.023480443 -0.00409806 -0.0071936846 0.0059802453 0.0025916654 -0.01222531 0.025531214 -0.005237972 0.006302627 0.0034877616 0.0037052622 -0.021266622 -0.025046322 0.012778794 0.012534876 -0.025116839 -0.016792467 0.042853396 -0.007409609 -0.00096256926 -0.017041452 -0.0060488065 0.0084325485 0.008386554 0.006325718 -0.00053512346 -0.024963427 -0.011517067 -0.014726739 0.0010162143 -0.008730408 -0.0050643925 -0.0030455566 -0.0015182187 0.004161684 -0.007892858 0.018847972 -0.00088545016 0.008190054 -0.0015661081
Viêm tiểu phế quản	-0.022079151 0.0013532164 0.013822571 0.010307129 -0.019827846 -0.013757031 0.025432339 5.9383456e-05 0.006123621 0.034858547 -0.0050076544 -0.026738629 0.010054984 0.026849244 -0.013761466 -0.0008722757 -0.01179656 -0.005765198 -0.01900062 0.001727222 0.0072884876 0.0053494745 -0.010867387 0.028177494 -0.008847101 -0.04103625 0.038580097 -0.0047938814 -0.005672126 0.0014987551 0.016422324 -0.01721021 -0.005490116 -0.015890758 0.045488033 -0.004460973 -0.0029812995 0.03909786 0.019435368 0.0024562548 -0.00085627334 -0.027207658 0.04106925 0.015801864 -0.0048172753 0.007189726 -0.02642972 -0.020954527 -0.01740178 -0.034747485 0.015487243 -0.0014176676 -0.023821473 -0.014868216 -0.008009226 -0.040756166 -0.025516255 -0.018702537 -0.009145634 0.021191347 -0.009989604 -0.0034854275 0.009319244 -0.034743994 -0.0012107557 -0.003048008 -0.026774503 -0.0058646314 0.027017495 0.00030745426 -0.021448368 0.010614293 0.011388099 0.013738196 0.003380109 0.0054181255 -0.02590946 -0.003611635 0.0192222 -0.010666956 0.002194282 -0.02996467 -0.004902765 -0.004837463 0.005877651 0.0218359 -0.022623373 -0.017012564 0.015789991 0.011682253 0.01426848 0.014339394 -0.021179605 0.0027085713 -0.015515875 0.005715701 -0.014538379 0.016554384 0.006568284 -0.010932242 -0.038231727 0.0075597824 -0.00701351 -0.0024415525 -0.0126309795 -0.047790833 -0.018907132 0.011433918 -0.02325943 0.010136027 -0.02583455 -0.03571382 -0.0024056137 -0.01923013 -0.011467317 0.0015948287 0.02269201 -0.009621887 -0.0018045092 -0.006921378 0.011283745 -0.0040153097 0.029205818 0.0005412904 0.023418259 0.010639229 -0.00050394936 0.0032000751 -0.031822845 0.01917944 0.0014868844 -0.01135306 0.0058076344 0.015541468 -0.006256518 -0.03248006 -0.0008911232 0.023681296 -0.0070492146 0.0069996202 0.02146834 -0.00675633 0.0009967391 0.0038169483 0.007561106 0.015228679 -0.004283875 -0.008651548 -0.0014287997 0.012846513 -0.0009540813 -0.015080056 -0.013845719 -0.022398125 0.013704307 -0.0049954234 0.024310164 -0.025160797 0.0009832943 -0.010824647 0.024033293 0.02407604 0.029408457 -0.007129848 -0.024847014 0.005555068 -0.007401957 -0.024264814 0.0409534 0.015051543 0.008439824 0.017512333 0.007452929 -0.011221507 -0.0063441107 -0.0073852064 -0.002283398 0.019640721 -0.00866737 0.00464118 0.013199896 0.038550302 -0.014832482 -0.018954491 0.00267964 0.011164299 0.009523856 0.010476466 0.008000467 -0.014799602 -0.022958936 0.018672708 -0.0025988398 0.011657621 -0.0043070735 0.0023444223 0.009643039 0.0039101145 0.029362576 0.017545145 0.00049268454 0.0032527698 -0.019375619 -0.024467774 -0.014070766 -0.01486817 0.0026744956 0.0010334337 -0.02719828 -0.02564559 0.048402514 -0.0023381012 0.031566128 -0.0023236456 0.001534523 -0.021748608 0.004416637 0.0016795815 -0.0022866977 -0.007173932 0.0071117603 0.010854229 -0.009876241 0.002865016 -0.003612245 -0.0029750685 0.013718583 -0.009497507 -0.0045850524 -0.037835672 0.0034102886 -0.004424352 0.0013307055 0.010029366 0.012394289 0.020043058 -0.01976795 0.005276941 0.023985969 -0.0058877287 0.025497537 -0.009821567 -0.018420044 -0.025436698 0.002611929 0.00023077754 -0.0035802762 -0.0035502487 0.009271796 -0.024462882 0.0054876204 0.023106487 0.04681543 0.013303823 0.059869274 -0.011282222 0.011159843 -0.017090432 -0.00089762534 0.016454384 -0.016681151 -0.019822992 -0.0013829712 0.022715423 0.011707688 -0.01626551 0.02575535 -0.00869314 0.004781325 0.024426265 -0.00048767403 -0.032166768 -0.04152886 0.008765335 0.018449163 -0.009506639 -0.008637077 0.037013084 -0.012699736 0.012672819 -0.009030313 -0.022309978 0.019687733 0.009640442 -0.0025290884 -0.0068007587 -0.005991117 0.006522461 -0.013866485 -0.0006351454 -0.021094259 0.007149582 0.008761717 -0.00066682114 0.02728841 -0.002747823 0.022970017 0.009102915 0.014756222 0.005488305
miễn dịch không đặc hiệu	0.011339071 -0.0013277116 0.06523704 0.0052323397 -0.010934865 -0.008162385 0.0010404735 0.013913729 0.013564742 0.031385686 -0.0022309003 -0.015260122 0.003590578 0.0011671159 0.013375702 0.022742502 0.013091966 0.003486972 -0.011440265 0.003408619 0.02785697 0.0013522641 -0.012060383 0.0182244 -0.0010973716 0.009104595 -0.010883069 -0.0020005899 -0.0017820556 -0.00021376122 0.028590476 -0.0155766 -0.00080231036 -0.00041788348 0.024784137 0.0004929946 -0.021963477 0.032055113 0.007885277 0.00017364527 0.004984735 -0.0013612501 0.02907727 0.011337535 0.00018319945 -0.02140413 -0.013066747 -0.017460652 0.0050179088 -0.021533512 -0.0065526427 0.006691918 -0.010749473 -0.00333085 -0.023275267 -0.015311789 -0.034183726 0.0026074294 -0.007886802 -0.005184618 -0.008959605 -0.015748473 -0.00025414812 -0.018415866 -0.004246622 -0.0021674943 -0.012446332 -0.011245205 0.025096862 0.008337242 0.0072920676 0.023600304 0.018317208 -0.00015682558 -0.0022674976 -0.007772615 -0.018284008 -0.011649399 0.014153144 -0.0145939505 -0.008088219 0.010558922 -0.034971062 -0.005615439 -0.02488758 0.01811224 -0.030442858 0.0034308543 0.0057784826 0.018137842 -0.008568564 0.0011142326 -0.008049515 0.016757585 0.00043314492 0.010551188 -0.018296478 0.008037069 0.005936242 0.0047918074 -0.00020764362 0.0069836928 0.004265802 -0.0069576814 -0.023447985 -0.02263382 -0.015276294 -0.005922999 0.014962133 0.001175859 -0.036079083 0.0008870844 0.009574806 0.0034941656 -0.0009941455 0.004023451 0.021419358 -0.008102182 0.0034440605 -0.01959385 0.024144072 0.0032784364 0.02262322 -0.0039520217 -0.0034096295 -0.020031644 -0.003168258 0.009159564 0.0004400378 0.005237999 -0.010753684 -0.0071744253 0.005967036 -0.007878009 -0.00031011587 0.0030096583 -0.00024827197 0.041347183 -0.007926329 0.015508909 0.012264832 -0.00064425525 0.0020575218 0.0043080584 0.0018836595 -0.00870447 -0.004175856 0.0024384586 -0.010589985 0.0024593158 0.02572362 -0.008686209 -0.03647227 0.004670869 0.0028946034 -0.016329853 0.017475683 0.014564556 -0.0080156075 0.013796469 0.005744469 -0.00039959548 0.028010376 -0.0105370255 -0.008947467 0.005611641 -0.013382539 -0.008373962 -0.00029557943 0.0049470533 0.015099674 0.011374584 -0.004386664 -0.013214398 0.014540721 0.010814727 -0.0112376455 0.052693665 -0.005366935 0.0061848476 0.023246532 0.020296672 0.004989924 0.0031298073 0.015134076 0.015605149 0.0013038102 0.010291036 -5.967153e-05 0.004807867 -0.010373566 0.0005708689 -0.012607083 0.020824613 0.00874198 -0.02304889 0.009542972 -0.00031776167 -0.00991269 0.019832132 -0.026011001 0.002587121 -0.019243775 -0.0003050823 0.003050612 -0.016419403 0.0070423577 0.013321837 -0.0076955273 -0.033016935 0.0140489405 -0.0030961605 0.02155305 -0.0009195749 0.018072559 -0.01504269 0.014671893 0.005635314 -0.017841054 -0.020772744 0.0034048667 0.015207153 -0.009485825 0.009764842 0.016332777 -0.01090702 0.011878618 -0.009900352 -0.004420458 -0.03572272 0.0047741598 0.005210532 -0.002220048 0.0024068796 -0.00355725 0.0053311493 -0.004761548 0.0030891502 0.026258755 -0.015973348 0.006975369 -0.009370595 -0.0035048255 -0.00834198 0.0025668188 -0.009074926 0.012188294 -0.012753051 0.0021063453 -0.0021336868 -0.0039705043 0.0043598213 0.015208059 0.0044863042 0.04054397 -0.0015415177 0.002446552 -0.0061830212 -0.008684222 -0.006535153 -0.020677509 -0.018603848 -0.036333147 0.01638676 0.0028939592 0.010681215 -0.004394557 -0.003597985 0.0015013344 0.025048947 -0.020105397 -0.0001383585 -0.038272098 0.010568322 -0.013277411 -0.0005600942 -0.015480748 -0.004632753 -0.0048927297 -0.0025860586 -0.0057171937 -0.009064817 0.026651913 0.00076390005 0.0076588453 -0.01944789 -0.016610824 -0.00027168338 -0.0044141747 0.007311229 -0.0089555085 -0.0042105927 0.00095389615 0.0045478786 0.008387511 0.00807877 -0.0012835772 -0.039732322 -0.007922266 0.0144475885
Mô liên kết	-0.0115824705 0.00419215 0.02531411 -0.012739543 0.016862214 -0.03363239 0.0040616137 0.0068781506 0.025596894 0.04199077 0.0036724363 -0.008113908 -0.003074977 -0.0013442077 0.011583593 0.052319482 0.0027276673 -0.0027445124 -0.029889425 0.019370906 -0.016324228 -0.025438055 0.003594574 0.004851024 0.019433694 -0.012869722 0.026743697 -0.0052422564 -0.00051260245 0.0030500172 0.007006396 0.014266406 0.007449737 -0.0055927057 0.008376572 0.014242685 -0.043996647 0.025567966 0.0269918 0.0029993923 0.026076406 -0.0024141828 0.0390194 -0.0062328926 -0.02651871 -0.0043666903 -0.008561688 0.0030306114 -0.004228385 0.008371547 0.0031556515 0.005083952 -0.017390506 -0.0017797216 -0.021302294 -0.02882729 -0.022832843 0.009065611 -0.0052032457 0.014751126 0.018666126 0.007690054 0.013498258 0.018473033 0.0019885984 -0.008490733 0.004607079 -0.014207105 0.05389298 -0.008144728 0.007488721 -0.0002561877 0.011983346 -0.02445922 -0.0027847907 0.03693764 -0.0027120411 -0.01260604 -0.010023445 0.002112011 -0.038856972 0.0038498284 -0.016078727 0.0040402287 -0.02421936 0.015726762 -0.012022082 -1.3253859e-05 0.012130946 -0.030025512 -0.010954167 0.022973804 -0.025965102 -0.0075403666 -0.02287676 0.01812952 0.010737055 0.009015627 -0.0032891678 -0.008528618 0.006727371 0.0021535864 -0.019132692 -0.006548344 -0.027120242 -0.032052636 -0.024240265 -0.011368851 -0.008858098 -0.018140486 0.007172147 -0.014464193 0.0071976427 -0.012314942 -0.0069057583 -0.0024620977 0.00042067343 -0.0023962653 0.008731719 0.003925926 0.004137878 0.0014004356 -0.009219299 -0.0010009608 0.05029325 0.022664502 0.005512922 0.000764341 0.0020115897 0.009602048 -0.014168426 -0.011047681 -0.0076263696 0.025592446 -0.008315059 -0.029941984 0.0062633273 0.03462646 -0.02298106 -0.0048442427 0.0057784976 -0.013756234 0.030561963 0.0071604177 0.034188483 -0.016447457 0.0019865085 -0.03888023 -0.009959813 0.015572795 -0.0009277484 -0.041033503 -0.019232966 0.00091068656 -0.012479191 0.013383183 0.012176277 -0.00025629977 -0.006698961 -0.0065489355 0.0109600155 0.016347371 0.02318212 -0.028964384 -0.009379435 0.009211035 -0.0049338858 -0.009225407 0.026380204 -0.010898982 0.021761583 0.0035622488 -0.021980742 -0.004821081 0.019324876 0.009537873 -0.0081703765 0.008397369 0.015813943 -0.0018766089 0.015025281 0.033811256 -0.00033036328 0.0063242186 0.021318944 0.004330701 -0.00094541494 0.0134615 0.009277084 0.0102311745 0.010035146 0.030514717 -0.03056189 0.017401448 0.01525408 0.020749623 -0.009138132 -0.0120384935 0.04318465 0.015840607 -0.033026762 -0.021517986 -0.0136809265 -0.0024035275 0.011099757 -0.003624311 -0.0016426721 0.031529725 0.014225285 -0.019474728 0.011114869 -0.023349287 -0.007942102 -0.004442503 -0.00057540793 -0.012866877 -0.013721466 0.025872 -0.00020075258 -0.006555972 0.006807807 0.027221063 -0.02046982 0.0067176023 -0.0124713 -0.0094728945 0.00028704645 0.008025225 0.037314355 -0.03971001 0.02526169 -0.004215263 -0.0035032113 0.010065229 -0.017528368 0.017230432 -0.015232829 -0.012142468 0.037935402 -0.020959768 0.038255665 -0.006704441 -0.006509409 0.012087734 0.020611173 0.019117668 -0.018904436 -0.0026687896 -0.002651704 -0.032604147 0.01118222 -0.014199125 -0.030722443 0.0005777416 0.017725881 0.00078920234 0.033341154 -0.0063762465 0.0047492227 -0.0049688485 0.002518576 0.0006192529 -0.015109663 -0.00086711947 0.020772526 -0.013788476 -0.006632408 -0.0315461 0.004301881 0.031484798 -0.03455548 -0.0020055184 -0.020735148 0.012908217 -0.02561755 -0.0056494335 -0.030054688 0.0081704045 -0.007832322 -0.0076787183 -0.0055151833 -0.014062883 0.0012147948 0.005736586 0.009652871 0.0025184085 -0.00333584 -0.010912122 0.0068445094 -0.0018900329 0.0074283835 -0.018787201 -0.010439633 -0.017576667 0.037549004 -0.0016124935 0.0024951333 0.021179073 -0.018072024 0.020637592
thần kinh tủy gai	-0.006299235 -0.0041537886 0.027198875 0.0074934154 -0.0035446878 -0.004708736 0.008444281 0.0037189831 6.421736e-05 0.0345167 -0.007955359 -0.01392167 0.0070636603 0.011982693 -0.0030290678 0.013737229 0.010511633 -0.010192269 -0.028097782 -0.00483619 -0.009850982 -0.004804996 -0.006990701 -0.0030570712 -0.013589814 0.013799888 0.009010421 -0.019474572 0.011492423 -0.004926331 0.010303 0.0037990562 0.016371395 -0.0091497125 0.019731274 -0.013596548 -0.020363657 0.054415893 0.014918242 0.023400433 -0.0015727319 0.020887591 0.0574948 0.0025637986 0.010257268 0.0056390185 -0.010859876 -0.016078036 -0.013051559 -0.014724673 0.00973457 -0.00054187054 -0.017285375 0.0065388507 -0.018154558 -0.033997454 -0.029538982 -0.0020321559 -0.013090046 -0.0016378944 -0.0033596184 0.014301783 0.0024987906 -0.03544781 -0.0094996 -0.00499737 -0.0058354926 -0.008203613 0.048593204 0.013721766 0.012901992 0.007909866 0.007872229 0.00887897 -0.019626947 6.0071052e-05 -0.022049133 -0.019283243 0.016861605 -0.00444905 -0.005918626 0.025915654 -0.020090066 -0.0049009975 -0.007919057 0.007472833 -0.01530357 0.002616423 -0.009222315 0.009967695 -0.005249997 -0.010355892 0.0014426301 0.011241223 -0.011134002 0.014786501 0.001982287 0.008290651 -0.0044963835 -0.0041498663 -0.0146284895 -0.009561696 -0.0010434185 -0.014703091 -0.027035376 -0.029803287 -0.016434727 0.016512312 0.011421041 0.005323305 -0.030012332 -0.006740943 0.013644527 0.0015151016 -0.027304832 0.0056383605 0.0105549125 -0.006920384 -0.0019551304 -0.003545183 0.024924552 0.0006334023 0.01870798 -0.00022367561 0.012301463 0.0068064164 -0.0008679062 -0.003566097 0.009135636 0.017908486 0.007593428 -0.010810556 0.0048766215 0.0025238916 0.007659727 -0.007254546 -0.0042269398 0.032408275 -0.0018079911 0.008968106 0.0077667953 0.0006303395 0.01136304 -0.0048117493 -0.01729732 0.008461595 -0.00051796826 -0.037172098 0.0020942278 0.012681374 0.029345034 -0.008923362 -0.027343674 -0.0035050611 0.0036342104 -0.0021791975 0.0057687634 -0.010739911 0.0010885 0.0067828237 0.009211944 0.005562546 0.011992893 -0.01843521 -0.0039293617 0.03249263 -0.003469355 -0.021588841 0.015273453 0.0055131176 0.001555711 -0.01061226 0.002392959 -0.010692756 -0.010689338 -0.012536493 -0.0026144732 0.025133137 -0.0029906344 0.0024073694 0.01680872 0.021145621 0.019625692 -0.0020511816 0.0047478583 0.0039428393 -0.012248253 0.0054604444 -0.0141509 -0.0145814335 -0.02155397 0.008314693 -0.015864057 0.010844465 0.009645557 0.0030259877 -0.009473266 0.008480837 0.013974475 0.019351093 -0.015458264 -0.01268191 -0.004723401 0.007157016 0.0016609494 -0.012775617 0.00071914395 0.003270565 -0.008758145 -0.03778239 0.08191531 -0.007824066 0.020368777 0.0026003777 -0.009287008 -0.026759071 0.011641701 0.0140353 0.0035406838 -0.0074065 0.004871136 0.010593499 -0.013715917 0.025850028 0.0023058548 0.0014736973 -0.010270669 0.020648442 0.0152649265 -0.04128101 0.006749942 -0.015221801 -0.0023249313 -0.006465654 0.0030949158 0.01459915 -0.019719072 -0.0019674867 0.012476924 -0.0068401587 0.017904315 0.008432363 -0.007619804 -0.005005394 1.1603038e-06 -0.0033677658 7.7337005e-05 -0.007199343 0.0015113 -0.014419333 -0.0013791099 -0.0024585875 0.053414457 0.0036622286 0.056746412 -0.015767638 0.0117753055 -0.0113647925 -0.00446259 0.0018422444 -0.035544988 -0.010529888 -0.0382284 0.02045725 0.002587254 -0.0024219428 0.004757817 -0.0010238149 0.006511448 0.009707619 -0.0047941753 -0.022041015 -0.014613172 0.0009921954 0.01519644 -0.0034399019 -0.024450982 -0.00086155336 0.015619974 0.010366155 -0.015069185 -0.006045698 0.013522778 0.007158219 0.017373579 -0.023701565 -0.017634105 0.00094787416 -0.005159561 0.012972826 -0.008068579 -0.01928343 0.016769588 0.006245688 0.029087154 0.010309971 0.0063167424 -0.014945302 0.0075372783 -0.015948277
hội chứng chèn ép thần kinh	-0.012373593 -0.0029974214 0.047688078 0.0025516383 -0.0041108658 -0.0054903696 0.014612135 0.007090062 0.009304939 0.018853039 -0.012177172 -0.019484006 0.0028469986 -0.00089960574 -0.0059870267 0.0071968012 0.00331684 0.0027792389 -0.022482699 0.015629815 0.00031765044 -0.0071084346 -0.009008346 -0.009101427 0.0026556524 0.006455339 0.01120448 -0.025829306 -0.0011010831 0.0037044084 0.012435418 0.00027295173 -0.0055619464 0.0116927745 0.030439503 -0.0031758011 -0.009149146 0.016356362 0.019317012 0.012630253 0.0006206889 0.0076598404 0.023702646 -0.0013533166 0.011618192 0.006336051 -0.013163221 -0.0048151636 0.010837379 -0.009700235 0.011155523 -0.0007927269 -0.014956198 -0.0008583352 -0.004368878 -0.0039041806 -0.016039936 0.0010523524 0.003475682 -0.006780848 -0.0060474835 -0.006957455 0.013746703 -0.01598347 -0.0062893666 2.7200579e-06 -0.010231189 -0.0037953728 0.046162825 0.00067067466 -0.0017450756 0.0084874155 0.029016297 0.021513797 -0.00944141 -0.0047994643 -0.02279716 -0.012735847 -0.010601653 0.010519116 -0.0017472445 0.017191198 -0.01974883 0.0018108243 -0.008656637 -0.0029408843 -0.008124059 0.009958976 0.00053363695 0.012019838 -0.00031165616 -0.019707732 -0.0067292075 -0.008509141 0.0063653295 0.0006383239 0.004700491 0.014799896 0.013765346 -0.006596708 -0.021498859 -0.0003272754 0.003919007 -0.014653073 -0.004164445 0.008519551 -0.01582461 -0.005391338 -0.0037380538 0.0049949056 -0.01949944 -0.0044672145 0.013144217 -0.0043777837 -0.0067398115 0.0075073526 0.010722715 0.003619904 0.011379245 -0.00840112 0.030419864 0.0042233677 0.015693404 0.009933564 0.016396293 0.00026813685 -0.008496969 -0.012310309 -0.012627458 0.0042354297 0.0015394825 -0.005164144 0.016088434 0.007464566 -0.00603914 -0.0045946073 -0.011531409 0.011424809 -0.0076338546 0.010897223 -0.0036616593 -0.0014973086 0.006749007 -0.0025065467 -0.028187275 0.0054544485 -0.0014996931 -0.035075776 -0.005353024 0.01576779 3.1821728e-05 -0.013601605 -0.027571894 -0.0006441015 0.010830547 0.007690036 0.011976228 -0.0049530794 -0.019339507 -0.002396735 -0.0047411113 -0.0064382995 0.0043996107 -0.0034331635 -0.0070232926 -0.016199375 -0.013656962 -0.0016283814 0.015166659 0.00084482995 -0.0032284611 -0.00091826526 0.008477277 -0.0051823393 0.0022976198 0.0047031147 0.0034528149 0.009074833 0.00064697163 0.0010032671 0.0058914446 0.013626134 -0.010562308 -0.0015169311 0.01647678 0.015308578 0.0028050905 0.005341109 -0.014144956 0.002592373 -0.023812875 0.0052813743 0.00293264 0.007088691 -0.002156468 0.008075169 0.004554599 0.0015044212 0.01169797 0.0025785537 0.0016083902 -0.0030538752 -0.018050082 -0.005868405 -0.004293538 -0.012292793 0.00066098874 0.009359706 0.004706082 -0.011214626 0.06607581 -0.0016499895 0.0051339157 0.004566997 0.010275364 -0.018219441 -0.006051145 0.009054486 -0.007678149 -0.011950757 0.00870895 0.0018823704 -0.0055486904 -0.010323273 -0.004238882 0.0070772995 -0.0030509562 -0.005110643 0.0069111814 -0.03589381 -0.0022465296 0.0051440066 -0.006112447 0.00754156 0.0039446442 0.008371654 -0.0015050509 0.011075917 0.0042752842 -0.0010898625 0.012375135 -0.005638578 -0.009600899 0.002989863 -0.0004806094 -0.016947864 -0.004526027 -0.006039683 -0.0012437522 -0.0052256645 0.004895013 -0.0052047777 0.03251102 -0.0046899254 0.034334816 -0.0018684285 -0.0011186007 -0.017253375 -0.00021341369 0.010853298 -0.011149171 0.0044640424 -0.030029373 0.0040740534 -0.008498325 0.014502101 0.0059615956 -0.00085808756 -8.632898e-05 0.004942992 -0.0056667714 -0.008633631 -0.014685991 0.0025286851 0.015563227 -0.00048463716 -0.018647898 -0.004721853 -7.4676274e-05 0.0124793695 -0.009074945 -0.013263115 0.017932514 0.0053495346 0.0030763776 -0.004277713 -0.020250723 -0.0057431036 0.0020612925 -0.0006800385 -0.0023093193 0.0027699533 0.003976991 0.0019920073 0.01389288 -0.0077205445 0.002129096 -0.014610645 0.0052441508 0.0058072037
Viêm da cơ địa	0.005615776 -0.011972847 0.037287854 -0.031237746 -0.0050256257 -0.026327135 0.013192084 0.029735869 0.016267711 0.03877654 -0.010604813 -0.017859 0.0067440756 0.02421873 -0.037432823 0.017742625 0.024468312 0.009872655 -0.020830328 -0.008989144 0.0031434807 -0.009592559 0.004302404 0.028153075 -0.018289534 -0.035753597 -0.011528323 -0.01877646 0.028546363 0.021997616 0.011657485 0.046441693 -0.027125418 -0.0038079433 0.033933133 -0.018850332 -0.025911903 0.039290633 0.010034237 0.011254974 -0.022071416 -0.028195577 0.087894656 -0.00029205403 0.011607469 -0.01020595 -0.022349423 -0.044213418 -0.011693851 -0.010226954 0.007208332 -0.0019548081 -0.028498264 0.01077006 -0.027790293 -0.06462168 -0.05841587 0.004708625 -0.030868975 0.015287451 0.009772896 0.008174945 0.014032729 -0.045727383 -0.021585738 0.010237613 -0.047673553 0.0016420429 0.08263283 0.012258876 0.003346703 -0.017600598 0.055883978 0.007730858 -0.016680928 0.0014810226 -0.030117765 -0.022937238 0.03006097 -0.01187967 -0.03378476 -0.004186644 0.018775215 0.030550914 -0.023959713 0.050467327 0.006614922 0.002190186 0.012738223 0.02507017 -0.011914891 0.004501831 -0.013448765 -0.013741996 -0.024351599 0.0415253 -0.024024302 -0.011418593 -0.02258501 -0.012760166 -0.060225133 0.0027485145 0.029638091 0.004077979 -0.023631977 -0.034410845 -0.023582427 0.008083579 -0.017128812 0.0013867529 -0.015899787 -0.0016753596 -0.005255466 0.002506071 -0.005849534 0.022483362 0.0043536285 -0.03006692 -0.009800975 -0.044138942 0.02277186 0.0049670227 0.056123655 -0.0041334312 0.05076595 0.003192595 -0.041939393 -0.03630828 -0.006354471 0.020006755 -0.013545833 -0.0009937504 0.016406134 0.00838991 0.01280455 -0.02357311 -0.0074643665 0.05272318 0.023630438 0.0012541277 0.049162924 -0.007517149 -0.009818834 -0.011710401 -0.007792895 -0.00354594 -0.023462087 -0.05717742 -0.009365394 0.012727089 0.0057186536 -0.045664128 -0.031487685 -0.012376587 0.014272012 0.015619704 0.030505762 -0.024132164 -0.029114464 0.030303324 -0.020363238 0.014452315 0.03687467 -0.0050090794 -0.019662714 0.047738347 0.008620798 -0.048949033 0.055159763 0.0030484165 0.038594574 0.0037242307 -0.016050825 -0.012067549 -0.0017030897 -0.019144576 -0.021802597 -0.0035581503 -0.012536075 0.01174822 0.010689435 0.0483319 -0.03532272 -0.0045382697 -0.0013498222 -0.0022589965 -0.013215323 0.0390069 -0.024505772 -0.04453143 -0.016144052 0.02874741 0.007857498 0.0341402 -0.0004357427 -0.014678524 0.013537501 -0.010784111 -0.0091466755 0.020935329 -0.003983811 0.0066671497 -0.019274661 -0.028167283 -0.014126372 -0.0014036279 0.0019413444 0.0031571768 -0.05097231 -0.028704857 0.05546348 0.0020715306 0.010664381 -0.0121726105 -0.00559045 -0.034739867 -0.023683758 0.008191417 0.02168672 0.007500552 -0.0025663069 0.04931085 -0.016348392 0.027698403 -0.0026869338 0.010697992 -0.012866914 -0.030795 -0.0044755363 -0.04878002 0.0028815886 0.010309469 -0.03188478 -0.01730615 -0.01764092 0.015414023 -0.03857008 0.015185543 0.055181842 -0.0023671966 0.03940436 0.039799556 -0.037845343 -0.024169313 -0.02875805 -0.01640649 0.008911795 -0.01646671 -0.0020121841 -0.02743967 0.004537725 -0.007628612 0.03948086 0.005357027 0.005474072 0.0070664193 0.031880252 0.040236317 0.018024521 0.017922731 -0.09208364 -0.01259758 -0.03534641 0.017699016 0.0039461884 -0.0020622218 0.013697937 0.008208384 0.006249108 0.014385022 -0.026120758 -0.04627925 -0.025680363 0.040257614 0.01319585 -0.003969996 -0.048534486 0.07008798 0.009600615 0.016589215 -0.038574893 0.0005467778 0.033384252 -0.008449443 0.029726766 0.0003276635 -0.057980437 -0.0005986469 -0.0034267036 -0.009126201 -0.026505107 -0.020932408 -0.001140127 0.0059273173 0.012471066 0.0021433022 0.0014123591 -0.02557913 0.0071108346 -6.434865e-05
dậy thì bị trì hoãn	0.0006247704 -0.0197559 0.03456464 0.014938225 -0.010688983 -0.0024521062 0.010217854 0.010310635 0.0034539348 0.0065559293 -0.0012984211 -0.016631244 0.021970779 0.005861581 -0.01453284 0.019028477 -0.0035843477 -0.006419414 -0.014959644 -0.000557704 0.008525637 -0.01882487 0.007921426 0.009392628 -0.0076504676 -0.006938454 0.005699372 0.0101453625 -0.00049377145 -0.014190127 0.0016159207 -0.010803898 0.0024908762 -0.013001891 0.015835464 -0.0078124297 -0.03496867 0.003036556 0.004082869 -0.0047678286 0.0009041816 0.00068870914 -0.0023484896 0.0103602195 0.016966978 -0.0036237882 -0.015232489 -0.009400369 0.006733898 0.0037926883 -0.00060625136 0.0080571035 -0.0014202402 0.008056841 -0.015994206 -0.0063960124 -0.018699804 -0.017900297 -0.018417522 -0.014539177 0.0033636142 -0.0066804164 -0.00011975219 -0.00012977772 0.011216422 -0.0032571976 -0.014140403 -0.012962951 0.034315832 0.0031129117 0.0074737887 0.0062205377 0.015479549 -0.013789068 -0.007660743 -0.00094439596 -0.0055025443 -0.007866817 0.006440779 -0.0009959171 -0.021079857 0.0122633055 -0.012143644 -0.0075283856 -0.0034780025 0.0013042822 -0.0120832315 0.01313861 0.018643541 0.037490934 0.01014365 0.016658707 0.012334035 -0.0014012147 -0.01650303 0.00066840695 0.0074813454 -0.016275061 0.010259179 0.0016719016 -0.039080173 0.0047567533 -0.007904437 -0.030935379 -0.005319341 -0.02854444 -0.015549465 0.008576721 -0.003703419 0.008251043 -0.034263115 -0.0018188474 0.014074899 0.009170772 -0.013613902 -0.015202677 0.01110029 -0.00031791255 0.010430162 -0.019982869 0.014690437 -0.012215658 0.008545263 0.004230999 0.006848564 -0.0063510737 -0.00273611 0.0028394964 0.0045710406 0.017739762 -0.0007625313 -0.003336208 0.0023327782 -0.0004837675 0.0056094737 -0.019256309 -0.011518291 0.053349536 -0.0055369046 0.0041430886 0.01802912 -0.0065740687 0.0069276765 -0.0044337204 -0.021999665 -0.011573195 -0.0018380992 -0.03849001 -0.003632826 0.0103777135 -0.006331531 -0.0040148804 -0.011531322 0.0066190325 0.014204622 -0.004660198 0.0022560393 0.0063307695 0.0011245852 0.004677384 -0.0013214947 -0.003718505 0.0053850994 -0.0047662826 -0.012330247 0.014892466 -0.0065491926 0.006102958 0.027207514 -0.013710283 -0.012511907 0.0072613927 0.005990239 -0.0139793595 -0.0019158265 0.0034041237 0.0049485625 0.032407746 -0.008293015 0.0003417156 -0.0013671033 0.014338617 -0.011722056 0.008731153 -0.0019081603 0.0023998776 -0.00766154 0.0053970595 0.0030814384 0.0074674278 -0.031021459 0.01780132 -0.015520052 0.011595696 -0.0031433457 0.0036104121 0.01933868 0.0055600787 0.010639579 -0.012011216 -0.0073775966 -0.0025047422 0.012175186 -0.0095781125 0.004992748 0.0034613693 0.018025057 0.013611955 0.009198336 -0.030378446 0.05315033 -0.0073804497 0.004177872 0.0010836433 -0.0122309765 -0.0066441856 -0.0042177034 0.006356102 0.0027354755 -0.019954594 -0.005065074 0.011188288 -0.000112672504 -0.0018180243 0.007206961 -0.0076565472 0.0028284197 0.006276261 0.0132137295 -0.058700282 0.0041467766 0.007566416 -0.0150947645 0.013651855 -0.0063661123 0.016560754 -0.0019629365 0.008454331 0.010496042 -0.0034871062 0.0055746413 0.004247875 -0.011562641 0.022723814 0.00520222 -0.012920608 0.0028359091 -0.009410937 -0.00074737705 -0.007923471 -0.002620873 0.010950218 -0.016299289 0.009912987 0.026307685 -0.0010589572 0.00051014917 0.007979257 -0.012566955 -0.0011159874 -0.012960327 -0.007660246 -0.030307809 0.0038103382 0.012071202 0.008834169 -0.006928737 0.0017436052 -0.0042503118 0.0055035586 0.00874606 -0.01469662 -0.009641624 0.013008672 0.011024268 -0.043436654 0.004671794 -0.009046195 0.0011255826 0.006927307 -0.010245609 -0.0028914653 0.01777868 -0.009236109 -0.009870773 0.0004880126 -0.031712167 -0.0027929079 -0.011851535 -0.012696915 0.007197685 0.0043135853 0.017657833 -0.013488568 -0.007599743 0.003927867 0.004424801 -0.014527193 0.00055134733 0.013155047
khoa học về trái đất	-0.014840667 -0.0030173212 0.03246658 -0.0018049375 0.00725191 -0.0155712105 0.0084249 0.020396534 0.00050417584 0.0119280405 -0.001629014 -0.014241636 0.011926492 0.00081837527 -0.018464047 -0.007771741 -0.0101965815 -0.0021237584 -0.0045984737 -0.015500693 0.0066691726 -0.001448015 -0.0038101955 0.0016816887 -0.007812504 0.009823358 0.018834097 0.010141302 0.0005908397 -0.0023632576 0.004619757 0.00021619024 -0.0056298687 -0.004280342 0.017821167 -0.0005765065 0.00674847 0.026219169 0.014459355 0.007562217 0.0025971883 -0.017994441 0.019609282 -0.0015548505 0.006563502 0.003269097 -0.009844266 -0.0083498275 0.0003975244 -0.009661238 -0.0052513145 -0.0066206 -0.006250667 -0.007594939 -0.0108132325 -0.017584227 -0.013563282 0.014952434 -0.016676065 0.00052985665 -0.0025354226 0.0080236085 0.009722434 -0.0012458451 -0.015775008 -0.005574681 -0.003930345 0.011399645 0.001835763 -0.0023626038 0.005768405 0.013806824 0.0025744822 0.0010271897 0.0030056713 0.0026405947 -0.0028741956 -0.001079368 0.00514691 -0.0019965754 0.0058222944 0.009248826 -0.022732845 -0.015625667 -0.009393606 -0.0035338008 -0.010001802 0.0038506323 0.009175035 0.032564618 0.008880592 0.014896201 -0.004220059 0.012819503 0.014094306 0.00034689592 0.015246741 0.013154351 -0.0034102388 -0.0010531228 -0.005290526 -0.014089808 -0.004043772 -0.0066665355 -0.0028117457 -0.027263826 -0.013075906 0.001918343 0.0013786687 -0.0072634667 -0.009463821 -0.004700878 -0.0013471555 0.0085824095 -0.018442787 0.002989738 0.0027623984 0.006869262 -0.006665404 -0.030140588 0.013182717 -0.009088532 0.016331427 -0.0015705116 6.73073e-05 0.024327613 -0.0025310165 -0.004232565 -0.0029183303 -0.0019328739 0.012429222 -0.0038100828 0.009032174 0.0043148566 0.0020266129 -0.017702656 -0.008091687 0.04585377 -0.008491155 0.010757322 0.010294847 -0.0034484202 0.015512597 0.0018236153 -0.013919284 -0.012244593 0.0077750776 0.010690251 -0.00030999185 0.015453317 0.0008250442 0.013077304 -0.013460737 0.0056923428 0.007487326 0.0036695984 0.01023954 0.0034379198 -0.0016181221 0.023852112 -0.013526024 0.002969582 0.0059292037 -0.00814168 0.008258508 0.0070883236 0.0021368964 0.0032423148 0.012269773 -0.00064165663 0.002159205 0.0029178716 -0.010449352 -0.016685275 -0.0022802185 0.0038966024 -0.027128955 0.00090525136 0.008925888 0.0024247663 -0.005345855 0.009490884 -0.015318952 -0.018027086 0.013928503 0.007861486 0.0049822857 0.0014852656 -0.0064707226 0.010093969 -0.022013206 -0.004447169 -0.00656313 -0.005791447 0.0025868134 0.0061079594 0.0028814552 0.0048702103 0.045276705 0.019827653 -0.01583124 0.0004293753 -0.010016395 -0.013105127 -0.0031092358 -0.009928555 0.002150716 0.0063796933 -0.0042317496 -0.016081503 0.025338653 -0.010138103 0.0032469283 -0.002458451 -0.012212745 -0.008318824 -0.003338616 0.0058297147 0.0076293116 -0.016504947 0.0022730702 0.0017577899 -0.021546103 0.013257522 0.00073247415 -0.0002543536 0.00012257489 -0.0039759595 0.0036053297 -0.039184697 0.005408003 0.0003890276 -0.00631487 0.0007301279 -0.00026418723 0.008226525 -0.0007093077 -0.008964635 0.008310428 0.00027237833 0.0066726436 0.012369748 -0.011436481 -0.009929951 -0.0060521886 -0.011666013 0.0004573067 -0.027940478 0.0115656555 -0.0045716073 0.0096557755 -0.018223934 0.055318564 -0.0038573805 0.0042887526 -0.008776194 -0.0011766623 -0.022927765 -0.0032175789 -0.0075348583 -0.01915468 -0.012021094 0.0063160616 0.00052459486 -0.009354929 0.008628234 0.004280633 0.0024655063 -0.0037058154 0.011389282 0.009043644 -0.021611068 0.011515628 -0.0016132084 0.004746259 -0.008859393 -0.0018552276 -0.0029535359 -0.0104877185 0.0033584961 -0.0028410582 -0.010820391 0.00024361163 -0.0016023727 0.006604712 -0.002622796 -0.020007614 -0.00434368 -0.019408826 -0.007386014 -0.012010783 -0.02025444 0.01337039 0.005860684 0.0027690444 -0.000775844 0.006328883 -0.034757145 -0.00251994 -0.0062615094
trồng trọt đô thị	-0.012889967 -0.011567498 0.031756796 -0.0039352784 0.0033189387 -0.00790481 -0.0061943145 0.009329488 0.0001292333 0.019210534 0.008452311 -0.0021879212 0.0055905012 0.0072086826 0.00576831 0.002776684 0.013495891 -0.010962754 -0.020259487 0.0076829125 -0.014127306 -0.005130389 -0.002267962 -0.002717732 0.002996997 -0.008245732 0.020917038 0.009076695 0.001975146 0.0017796621 0.012310467 -0.0096424855 0.002532228 -0.014005514 0.020704715 -0.011929404 -0.037176896 0.029554283 0.017866341 0.007615966 -0.014527539 -0.0021063834 0.004916106 0.006057714 -0.007746844 0.011221371 0.0014929661 -0.0056004296 9.301324e-05 -0.019084113 -0.0037428662 -0.0040146294 -0.008869541 0.009066779 -0.018410372 -0.018232709 -0.0026768262 -0.008436918 -0.0008806114 -0.001752359 0.0019109468 0.0056251283 -0.0003690529 -0.0421296 -0.0056895707 -0.0008293973 -0.012292939 -0.005279923 0.03664295 0.009999614 0.011030878 0.0013922402 0.008374954 0.013858328 0.005517426 0.023745388 -0.004089705 -0.0074100993 -0.0023180891 -0.0036938249 -0.021092033 0.011984194 -0.024874538 -0.0009741107 -0.0067885765 0.0018608791 -0.02041065 0.0013212613 0.012613247 0.0149300005 -0.0094464505 -0.0030437992 -0.0019409094 -0.0028591387 -0.006375667 0.0025382144 0.004367596 -0.011857476 0.008662776 -0.007563183 -0.017025432 -0.015571709 -0.021916451 -0.015385005 0.003770403 -0.017201014 -0.0020580748 -0.009118889 -0.0050897207 -0.0006306864 -0.021464337 -0.004163288 -0.015195165 -0.004676158 -0.01775076 0.0026515983 0.0076638833 -0.0023543641 0.0070537627 -0.03612022 0.02504862 0.00026088077 0.0018528152 -0.009773698 -0.003946864 0.013428885 0.003391941 -0.012882652 0.0001672566 0.0060586943 -0.009459018 -0.018680701 0.005170883 -0.0034667572 -0.0033993237 -0.015780948 -0.007606475 0.045071207 -0.004048611 -0.0017469858 0.0032532674 0.003767453 0.00035138876 -0.0030799934 -0.035429303 -0.014665761 -0.01584217 -0.021342847 -0.0026380196 0.00049639813 0.002312817 0.008371209 -0.01599915 -0.014034916 -8.9312205e-05 0.0037855804 0.0022997977 -0.0017035858 -0.00025725874 0.008343244 -0.0133203035 0.0142934825 -0.004778631 0.011244027 -0.00839008 -0.0141455345 -0.0027087138 -3.5383306e-05 0.01619753 -0.004550098 0.00035965146 0.023882788 -0.010839499 0.005197693 -0.0024572096 -0.0058692116 -0.0029140154 0.057065558 -0.0038093063 0.008088651 0.013018648 0.011789155 0.015700717 0.0026723356 0.00078911235 -0.01992923 -0.015077317 0.004052787 0.0033000477 -0.002823252 -0.020464642 0.002579692 0.0026810688 0.0036439155 0.0039851135 0.02040613 0.012000888 0.0070110485 0.015469432 0.021562235 -0.021785263 0.005249919 -0.0049847225 -0.00832987 0.004758766 -0.0021072442 -5.9519584e-06 0.015225268 0.013663485 -0.0104149245 0.03736121 -0.018371856 -0.0074538537 0.0030289928 -0.004490803 -0.006604577 0.004662284 -0.006240383 0.0057341773 0.0019338854 0.005382052 -0.006415358 -0.023361994 -0.0056969873 -0.0081029795 0.01657722 0.0016126212 -0.0048863916 0.015876235 -0.04334597 0.013316437 0.0059513804 -0.0052335323 0.006715129 -9.673747e-05 0.004766812 -0.010807395 -0.00014869099 -0.018048894 -0.0036224634 0.046162024 0.0025947758 -0.0066570044 -0.0007184411 -0.0063872985 0.013614936 -0.010138264 -0.011963488 0.007797397 -0.017502852 -0.003167908 -0.012199255 0.041848592 0.010470623 0.051472083 -0.0040052244 0.010076686 0.022910906 -0.0070345136 -0.00029300482 -0.017630357 -0.0015241891 -0.005286008 -8.850172e-05 -0.01413056 -0.012916271 0.015101851 -0.009466592 -0.0080454 -0.007320589 -0.004524426 -0.02106807 0.006058912 0.008941451 0.014857832 0.007650699 -0.004438205 0.022716995 8.17315e-05 -0.0023685219 -0.016793357 0.001174916 0.006820676 0.004418989 0.01236445 -0.00083812326 -0.021223301 -0.019019004 -0.0057265568 0.008856643 -0.007525327 -0.014809211 0.0038480875 -0.0019412168 0.0039313496 0.00020789653 0.011540785 -0.025516244 -0.017621418 0.017866038
hiện tượng vật lí	0.0074570375 -0.0036668838 0.022622768 0.010618884 0.008431718 -0.0074215154 -0.0034282224 0.01572564 0.0026798593 0.025594898 -0.013478471 -0.02535715 -0.005794092 -0.0052967835 -0.007038622 -0.013385155 0.01981365 -0.0018207541 -0.032316353 0.010531196 -0.0006874124 0.0076413346 -0.000612964 5.9523434e-05 -0.019416565 0.021610213 0.024329988 -0.035504732 0.0054264143 0.004762249 -0.001113543 0.0005983068 -0.0030098218 0.0028048917 0.03353196 0.018454822 -0.007052962 0.0035441034 0.03126883 0.013994581 0.0012244873 -0.0020639622 0.027382346 -0.017359907 0.012330977 -0.005016939 -0.013498607 -0.008222956 0.0019958476 -0.0016327522 -0.015619644 -0.0041846363 -0.014257927 -0.0066650123 -0.027783245 -0.01973242 -0.024340857 0.006670968 -0.0054501058 0.009526225 -0.0031650786 0.011357548 0.017616013 -0.030978102 -0.0069067236 0.0008992863 -0.01844555 -0.037289653 0.0041959756 0.00053651235 0.01168844 -0.0015663125 0.034267735 0.045607407 0.012600069 0.045734286 -0.024110207 0.0039762007 0.0044442136 -0.00460519 -0.025106752 0.018080467 -0.0092706 -0.007141343 -0.008854831 0.020373093 -0.007262581 0.014617758 -0.015373035 0.013259004 0.0022380303 0.0035662104 0.003724487 0.017934399 -0.005944423 -0.008569709 -0.009897335 0.021448648 0.017018832 -0.0068836072 -0.02060187 -0.006339042 -0.00367185 -0.022461925 0.00876024 -0.017469713 0.005685347 -0.003464213 -0.0068787616 -0.017953819 -0.034072135 -0.018395573 0.019671451 0.001092927 -0.016363094 -0.023764081 0.010369542 0.00054157525 0.020718724 -0.03305339 0.021337895 -0.00047956605 0.025009006 -0.0040131547 0.0057110908 -0.012857601 0.042952277 0.0043285624 0.011254504 -0.021062626 -0.0019649272 -0.028211458 0.013358693 0.022910723 -0.00018687497 -0.013673355 0.003351511 0.052012946 -0.026308985 0.013758068 0.0018314804 -0.012276988 0.009496989 -0.013891492 -0.019124927 -0.0070950133 -0.0026094536 -0.0042629144 -0.008656927 0.015678762 -0.008688322 -0.01222044 -0.042908188 -0.0076222597 -0.009054977 -0.011282221 0.013881789 0.0020747704 -0.008157352 0.014067932 0.004987099 -0.0036300232 0.0228374 0.00058589526 -0.0012256749 0.00055625214 -0.0075758686 -0.013526825 0.011525233 0.0066427686 -0.008394753 0.014750593 0.009166192 0.0042121443 -0.0020103527 0.015527975 0.014500673 0.020085705 -0.0122651635 -0.007283966 0.016409088 0.0031395934 0.014581894 -0.012531506 0.0025678487 -0.025429564 0.005156557 0.01198122 -0.023602655 0.015034443 -0.022216074 0.022085978 -0.0023102625 0.01757024 0.018033514 0.025148628 0.003936012 -0.0055589206 0.007819188 0.00897838 -0.018982943 0.014262387 -0.031350557 -0.025742063 0.012195583 -0.004843994 0.005863492 0.0110416645 -0.005015329 -0.017712813 0.02747991 0.00016703177 0.0048324936 0.012247663 -0.0007722857 -0.01344045 -0.01020773 0.021555185 -0.004635507 0.0023119624 0.0051336344 0.0026841883 -0.025083492 0.0007655224 0.0011895131 0.0046343757 0.019400645 -0.0032918502 0.007082889 -0.046665587 0.0034504682 0.014792118 0.0068149553 0.005099689 0.010705663 0.03283241 -0.0054718447 0.021976331 0.014948166 -0.0064444537 -0.01497939 0.000664561 0.008278017 -0.006767458 0.0046081287 0.00449672 0.0015375285 -0.02203092 -0.013235402 -0.0034991517 0.024651445 -0.016526224 0.051650338 0.000102583566 0.017241439 -0.025105195 -0.011931345 -0.017960329 -0.008673908 0.0095992 -0.0023848137 -0.021124462 -0.034659065 -0.002026394 -0.022081215 -0.022071516 0.0018615874 0.00085470674 -0.0029175575 0.013116625 -0.020206701 -0.018230567 -0.0159107 -0.011641603 0.01181391 0.021469504 -0.008205405 0.03576051 -0.016373059 0.003529104 -0.01943292 -0.014699736 0.013123855 0.01133889 0.007872002 -0.012215276 -0.022487985 -0.049603622 -0.040523555 0.010699249 -0.028579017 -0.006680135 -0.004132505 0.0021048153 0.019545525 0.020893965 0.018570326 -0.031896386 0.01555506 -0.012702228
bệnh hôi miệng	-0.0016102708 -0.017060148 0.05129979 -0.0055915075 0.01635728 -0.013587137 0.00069473 0.011231021 0.0016518062 0.0086468635 0.013856053 -0.02576665 -0.0022364964 -0.0017886605 -0.011533245 0.02408725 0.023848241 -0.0013002503 -0.023247803 -0.007528151 -0.014080643 -0.015788564 -0.003751655 0.004674275 -0.0026018869 -0.016070614 -0.0031440668 -0.019837705 0.030501083 0.018911099 0.0018278613 -0.022876352 -0.004810843 -0.010959919 0.005662218 -0.0025133856 -0.022916516 0.028553342 0.012248032 -0.004040232 -0.006596241 -0.02519697 0.015487141 -0.0050406153 -0.003610276 -0.002147786 0.0067846305 -0.0023911165 0.016137054 -0.0065364963 -0.0127195185 0.0049623074 -0.015593081 -0.0012230669 -0.015312102 -0.025969246 -0.026699737 -0.008833221 -0.012933448 -0.012615421 0.01904753 -0.011570636 0.017815731 -0.015279303 0.009628513 -0.001685543 -0.001497337 0.0066031353 0.058618795 -0.0061128996 -0.020075534 -0.01269057 0.008625624 0.011385699 -0.016481536 -0.0006048852 -0.017736277 0.006764777 0.008852382 -0.0012033153 -0.00061846647 -0.0032410373 -0.021986172 0.00068259303 -0.022057006 0.010413778 -0.010861281 -0.008227894 0.020178793 -0.008853971 0.012094062 0.0005417156 -0.022755956 0.015286381 -0.00097031164 0.0017594466 -0.020822808 0.0036136762 0.012724955 -0.0026806127 -0.036869798 -0.0029190443 0.0118751 -0.03165641 -0.016784063 -0.017976383 -0.025383526 -0.017050983 -0.02002484 0.011637293 -0.038650513 -0.003360346 0.0005335722 -0.016296847 -0.0060110823 0.005267907 0.008503473 0.00019255378 0.020672526 -0.006238217 0.017562607 0.014396116 0.0019637702 -0.018142909 0.027236843 0.008342959 0.014310411 -0.0051883166 0.0031453613 -0.0067746392 -0.0078087947 -0.023098089 -0.0049220896 -0.0051786746 0.0021782278 -0.04067505 0.010331217 0.06257132 0.01864915 -0.0035783395 -0.00024407147 -0.013798501 -0.0038745236 -0.0137565145 -0.018961363 -0.0052575036 -0.012700782 -0.042520676 -0.0008419485 0.0054704226 -0.011460309 -0.023980478 -0.035378743 0.016895616 -0.012333393 -0.0119944485 0.019340618 -0.0032246362 -0.004464514 0.014048316 -0.008571599 -0.00014528011 0.0190576 -0.0005766141 -0.00021007696 -0.0017222315 -0.0140622035 -0.007504284 -0.0031424675 -0.0021510895 0.020135626 0.016912013 -0.021108368 -0.013225297 -0.0008982516 -0.0040785507 -0.014334377 0.026277686 -0.0028925613 0.001489805 0.018014664 0.013244773 -0.010477406 0.0017411271 -0.004638338 0.0022541024 -0.017684767 0.01711892 0.01165377 -0.010733403 -0.029623045 0.024628667 0.0037807345 0.017223516 0.0022558293 0.0042175776 0.022261644 0.013996507 0.0201972 0.00431197 0.0022936724 0.010737218 -0.0040256907 -0.008547888 -0.0010802025 -0.010091077 -0.014941789 -0.019688455 -0.010125718 -0.019799227 0.06750119 0.0031135809 -0.005133607 0.018713504 -0.020748707 -0.008265811 0.014979784 0.008082763 -0.005210931 -0.0016714396 0.004029845 0.014836289 -0.013330904 -0.0141139515 -0.01432296 -0.0049952455 -0.00051657297 -0.024175018 0.010745835 -0.043046925 0.010494586 0.0015227031 -0.0132149765 0.009875922 -0.0005228178 0.0039919703 -0.010818296 -0.0012092242 -0.005048316 -0.0028817307 0.027971523 0.0016961815 -0.0025533468 -0.0019509718 0.008036816 -0.0046653054 -0.025238933 -0.023018992 0.008449384 -0.02355799 0.0027900918 -0.005539054 -0.00603917 -0.00089134 0.027940748 -0.007995878 0.026911607 -0.017071048 -0.019408742 0.00794224 -0.019523999 0.0024091632 -0.039493922 0.0018760978 -0.0140846595 0.008842739 0.00481822 -0.013603362 -0.013975072 0.02143842 0.009001576 -0.033747476 -0.043450743 0.017163709 0.007932966 0.004023619 -0.0055408757 0.0054612625 -0.018179623 0.0075744274 -0.019348608 -0.013432398 -0.005002068 0.017840307 0.006818166 -0.0013675772 -0.032441054 0.005637312 0.002107144 0.009072455 -0.0042896117 0.006781151 0.0074224737 -0.0022610417 0.029372765 -0.0041310214 0.0135708125 -0.0017164039 -0.015094693 0.0041020536
Tế bào xôma	0.005958256 -0.010400534 -0.025281262 -0.027441034 0.0050865225 -0.04444936 0.006987855 0.0008766635 0.008735022 0.015086817 -0.0044587883 0.00447285 0.0094954865 0.011432607 -0.014151547 0.0016300255 0.054814085 -0.0033619443 -0.011456385 -0.004111448 -0.0365041 0.0005910704 -0.0022978433 -0.0040851203 -0.0067852833 0.0041055093 -0.008641353 0.0008585942 -0.00066975714 -0.004639411 0.026111262 -0.0019531897 -0.029469112 -0.03689374 0.046750017 -0.00021455776 -0.015137558 -0.002362561 0.017538344 -0.0013597197 -0.003159888 0.008898534 0.054578915 0.016282164 0.03166323 0.0008286279 -0.023288019 -0.009886323 0.0072927303 0.012789051 0.030076556 -0.00092045177 -0.018331863 0.003307855 -0.0043179733 -0.09536041 -0.03130971 0.02065424 -0.0093390485 0.036031697 0.02058575 0.0070633013 0.0058543887 -0.040773965 0.0020631065 0.00054141774 -0.02514549 -0.021155365 0.052260235 -0.0013726203 0.020950936 0.01911176 0.02043864 -0.007706757 0.0053860387 0.055749442 -0.009212484 0.0058416114 -0.016806267 0.006991913 -0.0037584193 -0.027114108 -0.02122262 0.006307737 0.0012335994 -0.012897488 -0.0024996912 0.006566356 -0.02612456 0.03143875 0.038648777 -0.024898972 -0.007575265 0.033499286 -0.010364173 0.014996868 -0.016813576 0.007522602 -0.009071559 -0.012359881 -0.026119623 -0.00655478 0.00665054 0.013627886 -0.01092759 -0.06694401 0.011581072 0.01966468 -0.0022924102 -0.012033052 -0.020131491 0.045365207 0.010408312 -0.010688907 -0.0048148017 0.011717531 -0.014675338 -0.009986732 -0.014535491 -0.049671996 0.022307117 -0.016613688 0.014201797 0.014503711 -0.0061205095 -0.017160986 0.01568989 0.0023740174 0.018811312 -0.008087266 -0.013144102 -0.037201576 -0.0014298675 0.036112092 0.013279714 -0.0040152753 0.012547978 0.013312216 -0.014296164 0.00039225392 -0.009451339 0.02507427 0.016474979 0.011233416 -0.00012289888 0.016130127 0.010762443 -0.06671364 -0.025244663 -0.0082369335 0.014002368 0.006752818 -0.045622118 -0.0025455724 -0.018849727 0.008911681 0.011765229 0.00818103 -0.02224824 0.0010294574 0.008686017 0.009695678 0.0124844685 -0.0045891623 0.018822255 0.04402766 -3.7307644e-05 0.003026813 0.022993134 0.00037495545 -0.022571422 0.00924648 -0.015054328 -0.016815934 -0.015472101 -0.024180723 0.013674657 0.0053557465 0.018088074 0.016168475 0.030623857 0.023955658 -0.031438224 0.0022904864 0.023624994 -0.009651915 0.0068474477 0.029548343 0.01109386 -0.022838898 -0.055560026 0.035751037 -0.032465808 0.029189982 -0.017513188 0.008870562 -0.0061690765 0.00440538 0.0010115666 0.026439441 -0.02797905 0.019535117 -0.008685765 0.00994749 0.007124909 0.005539299 -0.00041803904 -0.009496539 -0.016305398 -0.015193773 0.021254374 0.000967108 0.04667475 0.0025687143 0.020390876 -0.00481941 -0.015186714 0.024391284 0.017315878 0.030075418 0.011617974 -0.011493761 -0.016528226 -0.008074809 -0.010778007 -0.0003859142 -0.028030995 0.0026961374 -0.024730256 -0.05972251 0.03773376 0.018373236 0.009299504 0.015292998 0.0015016787 0.013990558 -0.020248849 0.016948389 0.017486481 -0.016752131 0.0269493 -0.0065114084 0.013050828 0.00073267694 0.019188566 0.019969614 0.005117045 -0.011648693 0.010505772 -0.018859567 -0.0051117954 0.0060484577 -0.0036511517 0.022471305 0.062575616 -0.018870141 0.014184039 0.041446738 -0.03420275 0.0028375005 -0.04665162 -0.054002855 -0.007874189 0.005236933 -0.024406318 0.005877892 0.027220197 -0.007929461 -0.007055505 0.010553789 -0.039274026 -0.007918847 -0.046793316 0.01469554 -0.016922377 0.0031443282 0.002011105 0.0878861 -0.03052878 0.036556292 0.015758742 0.0027152365 -0.005108513 -0.0020251547 0.010145863 -0.00624862 -0.038500905 -0.03521502 -0.015783472 -0.01684276 -0.007932242 0.0073442715 0.0034392765 -0.015511121 0.04354562 0.012717009 0.00979211 -9.052034e-05 0.031810075 0.004399134
sinh tố hoa quả	0.0025225745 -0.009086425 0.041382357 0.00012567009 0.0061886082 -0.019863307 0.0037539436 0.0012050713 0.009930119 0.025216678 0.0024425802 -0.0020780852 -0.0016299394 0.0016450747 -0.00942514 0.004430249 -0.016595768 0.005240367 0.0037219615 0.015254249 0.003739621 0.0024314139 0.002327636 -0.0069479346 0.018838424 -0.00723853 0.018379577 0.012912893 0.028092908 -0.013749762 0.0033745994 0.0077109113 -0.012617101 -0.018072447 0.013478039 -0.021685103 -0.013829201 0.0029739141 0.028899778 -0.008973223 -0.002818468 -0.01149178 0.003730704 0.0071013593 0.009161413 0.014980928 0.0010961692 -0.018799674 0.0062291794 -0.026072174 -0.011198243 -0.0010426228 -0.0076559107 0.008646669 0.0029625597 -0.020365907 -0.025970895 0.022490688 0.015098438 0.0011436188 -0.01841612 0.004150062 -0.001379066 -0.033397615 0.0060372446 -0.013404533 0.010925543 -0.03334004 0.035103217 0.015771158 0.0003703188 -0.009772475 0.007990637 0.020322118 0.011406465 0.03461901 -0.0039893445 -0.010883281 0.00041253061 -0.002520004 -0.0061479188 0.008475719 0.011837801 0.004766996 -0.016185924 0.0059993314 -0.026359 -0.0040980214 0.0026282335 -0.01653865 0.01037273 -0.0020318127 -0.023073537 -0.014684152 -0.008797555 -0.012470365 0.016259568 -0.019053604 0.012584631 0.0066454434 -0.058142528 0.014244742 0.0058955434 -0.027183603 -0.018916048 -0.010437654 -0.026023777 0.016899562 0.009493223 0.0006352018 -0.014566984 0.013349925 -0.009144013 -0.013077032 -0.004006229 0.007873822 -0.0035126668 0.0069987136 -0.00465752 -0.045083173 0.0108306995 -0.007525233 0.027566155 0.0333947 0.011778949 0.014568583 0.009540562 -0.028590051 -0.0066786227 0.0012928116 -0.0023811907 -0.012971803 0.007667805 -0.0033855822 0.00947304 -0.018746763 0.005009751 0.04045786 0.008635006 0.0032309133 -0.0028255805 0.011090823 0.015087093 -0.016916793 0.0014228282 0.008377204 -0.03399755 -0.065517195 -0.026952492 0.011679879 0.017061107 -0.0024445558 -0.033350073 -0.010467327 -0.0081054205 -0.006042147 0.024654083 -0.011968196 -0.0019213867 0.0074391407 0.0059469044 0.008843929 -0.010467361 -0.0058889366 0.0026892098 0.008991529 -0.009744733 0.001016269 0.03556349 -0.010379117 -0.0028824364 0.011444325 0.005931742 0.00080966833 0.0042016255 0.009634784 -0.014468246 -0.0008905931 -0.021220632 0.0019624685 0.016170727 -0.014584022 0.034905884 -0.008850909 -0.0007832556 -0.0120099485 -0.015136758 0.015334757 0.011554942 0.02072826 -0.036125686 0.04548594 -0.01357858 0.017415363 0.00328431 0.04985045 0.0179371 0.022409607 0.024701077 -0.0074892314 -0.016861115 -0.0041430136 0.0072910544 0.01189957 0.0018750192 -0.004258737 0.007833021 0.0058912267 0.011357867 -0.011931615 0.016739357 -0.020209024 0.012451012 0.00519703 -0.00222358 0.0074277543 0.008891359 0.0066576037 0.015376708 -0.0030141298 0.015840244 0.018991096 -0.016837405 0.0061190715 0.012570308 0.014417231 -0.022682091 -0.0065384293 0.029598666 -0.034709614 0.031040963 0.019589098 -0.009692096 0.010162915 -0.0046165907 0.014071336 -0.021056887 -0.014661654 -0.0018297732 -0.015103828 0.053350825 -0.0050690356 -0.0008252272 -0.009118632 0.012162476 0.0046272576 -0.005414551 -0.010636708 0.014256363 -0.04292918 -0.0046737404 0.0035440987 0.0652221 0.014917471 0.045721773 0.01242289 0.01603846 -0.013033041 -0.0047517456 0.015983421 -0.014815228 0.0012693313 -0.042191908 0.005709178 -0.014162709 -0.010828351 -0.020680092 -0.0146690365 -0.007204731 -0.0025399865 -0.0059253233 -0.010554818 -0.014343891 0.012571199 0.020591255 -0.00041282183 -0.0017558577 0.0044971877 0.0068897377 0.026990104 -0.007603107 -0.011964152 0.010673119 0.0013333539 -0.006487441 -0.0059472886 -0.012912294 0.009726013 -0.0063868565 0.008160896 -0.0011606475 0.004263472 -0.0012520658 0.0060161133 0.0078036753 0.025113689 0.0041334466 0.014704278 0.002324492 0.009522112
Lạc nội mạc tử cung	-0.0121703185 -0.02737461 -0.030409504 -0.009958216 0.006584391 -0.0082064215 0.0010092976 0.008463474 -0.001691032 0.030250823 0.0062161675 -0.01448608 0.007861185 0.013441998 -0.017237963 0.0067036794 -0.009750105 0.01538929 -0.014266886 -0.012467816 0.016644673 0.0016492484 -0.00442075 0.011153893 -0.0018661675 -0.008651915 0.0015373257 -0.0023149373 0.003442575 -0.016208705 0.026373256 -0.006313299 -0.01007763 -0.022889249 0.020790664 -0.013654173 -0.019371225 0.030359106 0.029964194 0.01542937 -0.0040530493 -0.0011333721 0.016314352 -0.0076703536 0.022614133 0.005814623 -0.009038834 0.0037593062 0.0006910977 -0.026361192 -0.012227302 -0.007346028 0.0007288293 -0.010556172 -0.018421745 -0.04857211 -0.025492731 -0.0046221884 -0.00394846 -0.0031224957 -0.013152871 0.00059733994 -0.004479719 -0.023984594 -1.9231264e-05 -0.007963586 0.004780015 -0.00390503 0.01848308 0.002600653 0.0013728151 0.014501176 0.017665692 -0.009947566 -0.005874335 0.00759552 -0.012452503 -0.0011974827 -0.0005565794 -0.0031461627 -0.022850791 0.010729555 0.010974974 0.00031840274 -0.009431666 0.033811815 -0.014414925 0.014993892 0.0049694665 0.035286568 0.0017004182 0.0039624185 -0.012814753 -0.008991756 -0.011721922 -0.014664177 -0.009285487 -0.013316383 0.004725739 -0.0056569725 -0.026838092 0.0047187377 -0.0057849414 -0.0023622601 -0.008204438 -0.04444702 -0.020160953 0.0047385823 0.003087333 -0.014653136 -0.0038239474 -0.015126847 0.007467101 -0.010493776 -0.022753974 -0.0026101114 -0.002062275 -0.025944965 0.005382246 -0.0038782472 0.020692304 -0.0119313365 0.021592736 -0.008921241 0.011593167 -0.0048822085 0.0064591933 -0.016878016 -0.006577663 0.0294391 -0.0051797456 -0.009678927 0.005280251 0.016988704 7.9725156e-05 -0.013690957 -0.01448866 0.034346364 -0.0053612585 0.013736374 0.007244288 -0.0046245144 0.0047627566 0.0039375266 -0.015299601 -0.0053171664 -0.0128451465 -0.041537143 -0.021217614 -0.003332438 0.011098397 -0.03016524 -0.035937306 -0.015513146 0.004809334 0.00570409 0.018254573 0.01042283 -0.010358743 0.02265074 -0.006299614 -0.013294923 0.013762056 0.015304071 0.0012404255 0.017120568 0.0034305654 -0.01342959 0.0113533735 0.016792549 0.015974784 0.0068765036 0.0036629806 -0.02234214 0.0052385223 0.011120044 -0.0086131375 0.017445318 0.0065249805 0.003215206 -0.0016135027 0.0125721535 0.011302519 0.014444151 0.018215584 0.027832069 0.00028979668 0.010089135 -0.0111146765 -0.022491403 -0.012544948 0.0033515412 0.0027837113 0.0042535174 -0.008804197 -0.01166063 0.020732488 0.012910161 0.00843977 0.019884573 -0.013972422 -0.023738602 -0.016712287 -0.008579159 -0.0070591904 -0.01732924 0.02248907 0.01259041 -0.017958742 -0.029149577 0.05768563 -2.8364798e-06 0.031066744 -0.0058353986 -0.031867757 -0.026437059 -0.011978449 -0.009997479 0.00240969 -0.001795692 -0.00017934796 0.01546251 0.0024658914 0.017000755 0.0005544047 -0.019879505 0.0016567677 -0.016350392 -0.0054057143 -0.044785306 0.0026428718 0.010442157 -0.0031105145 0.007817816 0.043767765 0.011245156 -0.008644007 -0.005571895 0.0003483632 -0.021255974 0.021646783 0.020180041 0.0007117864 -0.0118071055 -0.0009893861 0.00620624 0.006366643 0.0013401692 0.008553926 0.0006711553 -0.015983924 0.0010928715 0.03507325 0.011457444 0.054067317 -0.03633606 0.016847184 0.014808967 0.0013203949 0.0011658899 -0.022687728 -0.0026647956 -0.018668395 0.019722646 -0.0069300486 0.027254704 0.012741626 -0.0015446421 0.0050151963 0.028430954 0.0014550221 -0.0057560266 -0.011448366 0.009080399 0.0117901005 8.803738e-06 -0.011505429 -0.0037883634 -0.00766835 0.010314324 -0.015189825 -0.024492314 0.016512362 -0.0007864335 0.009399426 -0.006290149 -0.04681235 0.0009895879 -0.006498746 -0.012077882 -0.0061146687 -0.004827037 0.0066369227 -0.016637836 0.0043751476 -0.027467087 -0.0005627175 -0.002128882 -0.0005370247 0.0036483714
bệnh trào ngược axit dạ dày	0.0041454844 0.009729052 0.052952167 -0.017681979 -0.005602754 -0.015056818 -0.005984313 0.002942492 0.010109931 0.021613052 0.012551777 -0.00055948854 0.009702021 0.027881503 -0.013303775 0.0051534786 0.0067511206 -0.019368567 -0.016375905 0.0014026421 0.005238047 -0.008490658 -0.01565507 -0.0066065323 0.008358646 -0.0056317304 0.007988558 -0.0058387313 -0.00571307 -0.005565835 0.005036809 -0.00452332 -0.010151308 -0.01562755 0.016938029 -0.003485669 0.0015196496 0.027866092 0.011243851 0.0042433804 0.012347169 -0.0076479204 0.0077700824 0.002267891 -0.008242012 -0.0042320993 -0.00010409266 -0.0041417577 -0.009317758 0.0010924424 -0.006860788 0.008645606 -0.006808081 0.0016707822 -0.011887672 -0.015575123 -0.0088001825 -0.008359019 -0.0023351344 -0.0037781114 0.0041974764 -0.0051871254 0.012691793 -0.03530714 0.004153638 0.0028091092 -0.0005612533 -0.0014640951 0.03212515 0.0028469104 0.00019381504 0.005611673 0.003319887 -0.01576263 0.004823588 0.008647905 -0.014952388 -0.013246962 2.3673772e-05 0.0035705108 -0.0031419601 0.017564649 -0.01267624 0.005600233 0.002609489 -0.00080403185 -0.01037215 -0.0040454306 -0.009141258 0.020699859 0.0110148955 -0.0065656076 -0.0022965616 0.0031628269 -0.014233462 0.017032064 -0.01100124 0.008603499 0.014689208 -0.0023993347 -0.032346725 0.001262741 0.0011337821 -0.010641659 -0.011132546 0.01530987 -0.012721067 -0.004551391 -0.009554026 -0.006063604 -0.016930211 0.0047998456 0.002690227 -0.00570349 -0.00414162 -0.008396897 0.0023063251 -0.0031213225 0.002149015 -0.034347206 0.01220964 -0.0025269093 0.019338794 0.007119966 0.0019295369 -0.010429357 0.002276579 -0.005335759 -0.0045131524 0.02117047 -0.0034901788 -0.021343475 0.001508668 0.003466005 0.002948895 -0.014809652 -0.0037931488 0.045525365 0.003872197 0.008806673 0.012329637 -0.00013041511 0.0058871214 -0.008383649 -0.016635165 0.010024634 -0.017670952 -0.014824104 -0.001897328 0.010554996 0.001543713 -0.008885239 -0.028273301 -0.0051188297 0.0046035005 -0.005391738 0.0061483025 0.020314608 0.0018314811 0.0105764065 -0.0017180789 0.027530514 0.010649147 0.0022136942 -0.002861392 0.0011541509 -0.0014319957 -0.00026171448 0.012686217 0.0074102865 0.016784508 0.007896361 -0.009262835 -0.004003434 0.004693293 0.0025015504 0.0033746546 0.020049691 -0.008583771 0.0134536 0.0039406065 0.016660776 -0.015403658 -0.00934887 0.0008870307 0.020108651 -0.0059926184 0.004871983 0.00046499877 -0.006992656 -0.023870207 0.00095229596 -0.0053094733 0.009949387 0.012176647 -0.0073634405 -0.0060539697 0.0058822525 0.014646549 0.011326524 -0.014178472 -0.0049680606 -0.003429379 -0.000500327 0.0049615707 0.0028523814 -0.0040184967 0.013518503 -0.019892367 -0.02112238 0.04592039 -0.012327866 0.023248637 0.0079660965 -0.0076371916 -0.017244179 -0.005674368 0.00032799935 -0.0007017952 0.0008375369 -0.0025362235 0.024373487 -0.010115057 -0.00067120953 0.0011268811 -0.00021323442 -0.0034838596 0.006857751 0.0013498309 -0.029577624 0.0064411266 0.0079268105 0.0044756415 0.0048919744 0.020376863 0.01881737 -0.023496654 -0.0064211204 0.0053504324 -0.0036010032 0.0046636574 -0.004005401 -0.0100215245 -0.0035914825 0.0033848858 -0.0087357145 -0.0054165297 0.004738761 0.00038170384 -0.014373144 0.0083099045 -0.0087295445 0.036110856 0.007034623 -0.005594374 0.007310106 0.018155318 -0.001450608 0.00058919186 -0.0045839064 0.003482493 -0.01858453 -0.031185437 0.0042167557 -0.0015488346 0.020864096 0.00021600458 0.013026581 0.00016484439 -0.0015533369 -0.0017682968 -0.018279567 -0.009146801 0.012981266 0.0026698518 -0.005625946 -0.020094685 0.005195848 0.0035262962 -0.0054722177 -0.00954306 -0.013222949 0.013073062 0.0008300742 -0.005136941 -0.019602325 -0.019724907 0.016445804 -0.0054845037 0.0042239204 0.00083118945 0.006832664 -0.010171585 -0.01542886 -0.0016284075 -0.004580506 -0.007876369 -0.027827956 0.009882968 0.00967547
Bệnh truyền nhiễm	-0.0015911419 -0.0015542221 0.04653975 -0.012651698 -0.0006125957 -0.015553908 0.0047006095 0.016692499 0.0024123625 0.024013495 0.021697227 -0.011457882 -0.004500738 0.016416222 -0.011914537 -0.03043617 0.011987312 0.009886594 -0.0046522175 0.023346834 0.0003432975 0.01456544 -0.00018949185 0.01744185 0.008041179 -0.008562312 0.02477752 -0.0020165455 0.022219388 -0.0057804664 0.003586332 -0.008535071 -0.022587057 -0.004780445 0.0119294515 -0.0069740843 5.1567953e-05 0.020035347 -0.012865302 -0.014827159 -0.0052400483 -0.006320423 0.018137101 -0.014125458 -0.008813278 -0.009532463 -0.007702169 0.0030697053 0.005723333 -0.00088108494 0.0084627215 0.0054537025 -0.018853305 -0.01359404 -0.008729651 -0.018500041 -0.0043041646 0.0029060678 -0.0005672582 0.0002608627 0.004704699 0.00024738858 0.0042508217 -0.05619728 0.018200222 0.0041322676 -0.008702768 0.002597493 0.05468983 -0.012443924 -0.00787266 -0.004216474 0.02815796 -0.0025533389 -0.013787392 0.02987789 -0.0055425363 -0.008325832 -0.0099922605 -0.0044063716 -0.014373382 0.009197781 -0.029495519 0.016226178 -0.013146758 0.02059111 -0.0027562357 0.0054074666 0.02357622 0.0022688569 -0.0019004232 -0.005308465 -0.0062939106 0.012166526 0.00047307264 0.023574917 -0.008840374 0.00025871894 0.0045663347 -0.012915922 -0.0137929935 -0.007616244 -0.015451854 -0.010039834 -0.0019410357 -0.027089467 0.01107736 -0.023031592 -0.023052627 -0.006734547 -0.019847624 -0.0020521262 0.0021443807 0.013932314 -0.012029657 -0.010476912 0.0078123957 -0.0030176206 0.011525164 0.019255696 -0.003279086 -0.008440829 0.009575312 -0.00018458565 -0.007173338 0.0037027434 0.004364514 -0.0058467835 0.0033311038 0.019398559 -0.0049040634 -0.016908307 -0.015651409 -0.001636396 0.011014403 -0.012609987 -0.0019005259 0.026621679 0.0035219232 0.009130963 0.027042247 -0.0073537994 0.00037919878 -0.013170243 -0.039806765 -0.0001764839 -0.008089384 -0.040454056 -0.016522288 -0.00072049734 -0.0036779484 0.00094503484 -0.005549276 0.004137434 -0.010159388 -0.011353186 0.01314898 0.007535228 -0.019304553 0.0052870023 -0.012601066 0.019928986 0.005371021 -0.0012645927 -0.0071234317 -0.009109915 -0.0074345237 -0.0030439089 0.01755437 -0.0058517405 -0.0069445316 0.034006298 -0.006896018 -0.0004284029 -0.014463624 -0.006117409 0.004677139 0.0064779096 0.0033954878 0.0049667717 0.012663542 0.020396741 0.0039740605 0.004765053 0.008761043 -0.0039788545 -0.028829603 0.008870154 -0.008032248 -0.0062527987 -0.025878128 0.0057177492 -0.0023033123 -0.001913313 -0.003163972 0.011791861 -0.005080383 0.002313364 -0.016538687 0.008635674 -0.029709594 0.010529459 -0.012043288 -0.00875019 -0.010879519 -0.0008106614 0.0048144436 0.009501321 0.0042568212 0.008439812 0.034092233 -0.0042110635 0.019334344 -0.007297064 0.01748061 -0.02152762 0.0022948731 0.006818912 -0.0010684391 -0.0049510384 0.0060342522 0.015091169 -0.025886735 0.007437163 0.017363202 -0.0066439877 0.0072299433 -0.0025988068 0.012612704 -0.035398502 0.002153565 -0.0018385877 0.0020760084 0.000271675 0.013798873 0.007902565 -0.018983431 0.017539889 0.0045313197 -0.008856884 0.023173034 0.0039072237 -0.0060668597 0.010652309 0.009013423 -0.012676109 0.0020514026 -0.0038921947 -0.007609031 -0.006121805 -0.004619022 0.011768543 0.015352615 0.024725083 0.014651072 -0.0042080013 0.013630873 0.025737522 -0.012920469 -7.840743e-05 -0.02720397 0.0013099265 -0.028390681 0.001741351 -0.008634436 0.0181971 -0.00044697698 0.0051412308 -0.008450616 -0.0054881135 -0.013391773 0.0042081755 -0.023909781 0.0012648883 0.0032291955 -0.011095226 -0.012297018 0.07382728 -0.015377646 0.012355233 -0.019406918 -0.011699634 0.02218928 -0.0035158938 0.006705227 -0.00773673 -0.019140303 -0.0014349133 -0.008082042 -0.00088493375 -0.0058003725 -0.017661456 -0.002109717 -0.0013451694 0.008651802 -0.00086791464 0.017243152 -0.012225345 0.01186254 0.0022457363
U tủy tuyến thượng thận	0.009375569 -0.0012981414 -0.013524657 0.0013390536 -0.0011709837 -0.008967478 -0.0017800562 -0.0007600348 -0.0035363957 0.035549186 -0.006925144 -0.009873014 -0.014239116 0.0139405625 -0.01781527 -0.000628465 -0.0045623938 0.012243383 -0.010010398 0.004796383 -0.012972193 -0.0046683424 0.0019986387 0.0068941116 0.00031063458 0.0026349877 0.010467227 0.0100513995 0.0047319545 -0.019418018 0.002376596 -0.0061069536 -0.022298908 0.001728761 0.01426401 0.009124176 0.002757554 0.0060671624 0.009493063 -0.0058566257 0.016014442 -0.015121205 0.032520585 0.00972068 0.0021346088 -0.0036157614 -0.009093889 -0.006125033 0.0034511231 -0.0003155002 -0.002005548 0.006535523 0.003894382 -0.01596375 -0.011600472 -0.003917577 -0.023175802 2.7775764e-05 -0.0017048479 -0.008312695 0.00816412 -0.0095991595 -0.001941715 -0.008888399 -0.008975275 -0.0068143457 0.0042489753 -0.008093596 0.0069109593 -0.002447294 -0.0005890695 0.006372392 0.015206067 -0.011335332 0.009948613 -0.016843244 0.010877107 -0.0054574297 -0.00313315 0.0024058304 -0.0067726993 0.005129783 -0.0035106174 0.0042069117 -0.014368869 0.006750236 -0.0071247 0.011611331 -0.019154407 0.028873071 0.013582121 0.004579838 -0.0029584046 0.0052434034 -0.01049667 0.0011457733 0.0002873335 0.0067822933 0.006064015 -0.00015900533 0.0026176593 -0.003568523 0.0020055745 0.0031670432 -0.015689041 -0.024410382 -0.0010972949 -0.0019457138 0.0030847085 0.0012846743 -0.009689301 -0.0018255278 0.005749541 -0.011604277 -0.013896574 0.00014879138 0.00024827677 0.005989118 -0.0008683865 0.0015277409 0.018140547 0.0073756087 0.011143618 -0.00063392805 0.007342749 -0.002442298 0.0013989365 -0.0034871926 0.0026850346 0.0016255693 -0.005241082 0.0075719533 0.0064100255 0.004076828 -0.0033465805 -0.0031312997 -0.020997163 0.020324018 -0.011053743 0.015944041 0.0045527364 -0.0011763282 0.01657255 0.0070040147 -0.00516237 0.0051905396 -0.001822426 -0.017134493 -0.0011284907 0.00077594497 0.0041099777 -0.008697735 -0.010695679 -0.0048449314 0.011526187 0.003251073 0.004327149 0.00571184 0.0034461508 0.0007697971 -0.00034213887 0.003857046 0.021571765 -0.011416304 -0.009006971 0.014737348 -0.004992343 -0.00871864 0.010757757 -0.005083967 0.0061964896 -0.0049862973 -0.0010314824 -0.002633505 0.0032492096 0.0026106026 6.4787586e-05 0.007976046 -0.0007702793 0.0055064834 -0.004593846 0.019231085 0.012178901 0.0014344989 0.0021972572 0.019918164 -0.0033463766 -0.0047373106 -0.0023167483 -0.0037340778 -0.010288633 -0.0043149604 -0.0028580732 0.0034659172 -0.0009554935 0.0017986255 -0.0044834805 -0.005756223 -0.010209082 0.0075647356 0.0030975516 -0.0040463633 -0.008409039 -0.022048585 0.010769579 0.0053141657 -0.0018825794 0.0036273804 -0.006618807 -0.019955458 0.025627682 -0.0063754073 0.015201293 0.00093405944 -0.009582619 -0.002356552 0.0065895403 2.4154782e-05 -0.011338146 0.0036288127 0.006665261 -0.003615855 -0.011154165 0.0023453075 0.00084170763 -0.013124829 -0.00028236475 0.0062885256 0.0019326543 -0.009105207 -0.0070410706 0.0017391982 -0.0012006279 -0.013845943 0.011312669 0.0029792716 -0.008420954 -0.0050618816 0.004607767 -0.01598876 0.0022490614 -0.0012331436 0.002344178 0.008818843 -0.0045022205 -0.009679841 0.0089120185 0.006967922 -0.0022372568 -0.006167757 0.005045409 0.0014045178 0.015328624 0.0036650044 0.053621802 0.004014344 0.0002529552 -0.0048758877 0.0056019574 -0.0044958415 -0.01666899 -0.015169178 -0.010844541 0.003437778 -0.005096958 0.0058944556 0.0022392035 0.0028986498 -0.00036584 0.0029198814 0.0084852055 -0.013926096 -0.008840458 -9.628775e-05 -0.0075322823 -0.011101542 -0.008909227 -0.008285804 0.0075523485 0.0039850567 0.008620945 -0.0015695833 0.022435695 0.009270952 0.020058002 -0.0013304586 -0.004798933 -0.0049458244 -0.008586154 0.004931136 0.0029690003 0.008538275 -0.0024583456 0.00874182 0.013059802 0.00065232435 0.0010356667 0.0030218342 -0.0019846775 -0.000116958814
quan hệ họ hàng	-0.0120163895 -0.020497473 0.05794935 0.00708387 0.0024711709 -0.007979846 -0.0035080106 -0.006708629 0.017317852 0.024052676 0.015453304 -0.014176239 0.01711469 -0.010422068 0.001979938 0.022298874 0.002409031 0.0039533237 -0.014980676 0.013864558 0.015251981 -0.0060886936 0.0016003712 0.0036114024 0.001086474 1.5150756e-05 0.019176062 0.0099218 0.005352937 -0.010004078 -0.0014210687 0.00081657217 -0.00067288487 -0.027975865 0.020848515 -0.00511984 -0.020583224 0.018952023 0.02172185 0.008660516 -0.014411015 -0.00034763492 0.040578984 -0.009341469 -0.0015541688 -0.0050438987 0.008943862 -0.011934789 0.0076985084 -0.01128094 -0.002835962 -0.020764112 -0.007098466 -0.0013375127 0.0016686956 -0.057565127 -0.025743691 0.0071985563 -0.020879278 0.006010962 -0.008552213 -0.004851481 0.031171033 -0.04741166 -0.005773915 -0.008324078 -0.006951663 -0.017113293 0.08308688 0.0043684393 0.0142593775 -0.0024706025 0.0072799576 0.019827833 -0.015607983 0.044782408 -0.0034103473 -0.016508944 0.006133797 -0.0047376314 -0.0072713313 0.0075075547 -0.008003998 0.0050611775 -0.030314602 0.0072563784 -0.0013102866 0.0074010645 0.010210304 0.0068858108 0.0016520582 0.0014874561 -0.013418236 0.0028676912 -0.0028502443 -0.0056942403 0.0067439284 -0.0009724789 0.001951193 0.005933022 -0.051413365 0.003827466 -0.014417702 -0.03564612 -0.003834644 -0.022183744 -0.01879136 -0.006186265 0.008177869 -0.0017331266 -0.041596685 -0.010067809 -0.00992617 0.00389779 -0.017312707 0.0074933935 0.011756327 0.0031843942 0.0074399104 -0.0672834 0.045263767 0.024488041 0.0056021144 0.006910997 0.030384593 -0.00094460294 0.006875282 -0.0047805435 0.011015136 0.011776244 5.7966376e-05 -0.034927424 0.0005060801 0.009688913 -0.0025587326 -0.012897967 -0.0009131598 0.0489583 0.007829093 0.029511133 -0.011684883 -0.0032999578 0.013409027 0.0046365373 -0.0229305 -0.004470654 0.0019319507 -0.03679675 -0.0007121769 0.0014947102 -0.00015604381 -0.004959465 -0.02713718 -0.0037208607 -0.0029590325 0.0065482375 0.026309313 -0.009850607 -0.013396636 -0.0014122515 0.010272696 0.0070158774 0.0036705877 -0.017791234 -0.0076862825 0.018917821 -0.011372076 0.0014152274 0.014607786 0.0018054898 -0.0107520865 -0.0012913232 0.00998266 0.0063668266 -0.00036623672 -0.008257445 0.0043836157 0.0148420585 -0.0090032825 -0.0011765467 0.01110981 0.0003132379 0.0021217333 0.009718943 0.008998038 -0.00080309005 -0.00809092 0.0012370824 -0.0095406305 0.0022096718 -0.04607627 0.002771067 -0.018061502 0.013245852 0.0053366846 0.021967195 -0.013494759 0.0030982855 0.030221472 0.0072206426 -0.005024672 0.00793739 0.0059479875 -0.0023085228 0.007302046 0.008216142 0.00054282293 0.016400712 -0.0062934975 -0.008110238 0.03380956 -0.004454622 0.011392038 0.009709585 0.014288992 -0.020798372 0.0055430094 -0.005000646 0.0057174554 0.0026544621 -0.0037205403 0.008032827 -0.013745723 0.013194635 -0.0036088605 -0.010003552 0.0013547218 0.003992441 0.018714603 -0.06451505 0.017753307 0.005242117 -0.0038660679 0.014577281 -0.00031589344 0.0074383924 -0.0021998757 -0.0036254514 0.013037285 -0.0032514231 0.016393924 -0.0010181207 0.0030357104 0.0027700628 0.010411991 -0.009658436 -0.020752084 0.004651434 0.016728878 -0.01993583 -0.00850124 -0.005906332 0.04478816 0.011248187 0.04010409 0.0031064132 0.012351279 0.015791677 -0.01352228 0.00305709 -0.018877106 0.0082971705 -0.048717074 0.00983217 -0.008356 0.0018224419 0.018527824 -0.0037680177 0.00064355996 0.01326988 -0.008973042 -0.004189356 -0.023585191 0.02932781 0.007987537 -0.010748964 -0.005691753 -0.001942779 -0.013415496 0.00034586655 -0.009459527 -0.012581466 0.014108092 -0.0011729151 -0.015990943 -0.012301091 -0.018949758 -0.0079757925 -0.009221491 -0.0037008193 -0.0058159595 -0.02224352 0.021233039 -0.0034905656 0.009026478 0.0065644183 0.014618357 -0.012954639 -0.0070040068 -0.011817485
khoa học trái đất	-0.015507779 1.4334855e-05 0.021329165 -0.004901922 0.02272878 -0.020422924 0.007354117 0.02864073 0.0082850745 0.015937956 -0.004970816 -0.024600053 0.0014198452 0.006335883 -0.027228402 -0.015252223 -0.00031202598 -0.0020410968 0.0075128623 -0.01756028 -0.00361021 -0.004386439 -0.011259394 0.004639993 -0.025700571 0.023070328 0.025089797 0.015584773 0.01128668 -0.009110776 0.00093228446 -0.012196956 -0.009612567 -0.009986234 0.018517304 -0.0043421392 0.017394936 0.047860816 0.0056258542 0.0129718715 0.0042574354 -0.017114256 0.006893558 -0.0043523004 0.010428132 0.003935136 -0.0095620295 -0.00086740876 0.008266501 -0.0068612555 -0.014833831 -0.011048351 -0.0112075405 -0.0074959844 -0.021773946 -0.015440451 -0.007845954 0.015782842 -0.018289853 0.00022151644 0.0006397379 0.017073488 0.02151505 0.00953057 -0.017033875 -0.012077604 -0.006274297 0.01468137 -0.011993725 0.001751058 0.020932112 0.019067919 0.007405481 0.0042999666 0.009697438 -0.022246258 -0.008375285 0.0058961133 0.003954855 -0.003487515 0.0023999033 -0.0035881058 -0.025840871 -0.022588046 0.00023342817 -0.0018613592 -0.016776461 0.005112203 0.006702374 0.049051326 0.02744311 0.028774966 0.016788924 0.0028988363 0.016398858 0.00045322502 0.018858513 0.01503319 -0.013988548 -0.00090620696 -0.012312431 -0.009796304 0.0109079 -0.01286419 -0.011008932 -0.01967001 -0.012621601 0.018152844 -0.0007138481 -0.014696138 -0.03182582 -0.015005107 0.008018031 0.016039094 -0.026177397 -0.01241889 -0.0033801864 0.006175862 -0.018773496 -0.038504597 0.014044691 -0.0057841917 0.022135075 -0.0073611485 -0.008343105 0.02057795 -0.0007440016 -0.0080825705 -0.0059140855 -0.01905339 0.0007336569 0.0067148823 0.015906991 -0.0019215492 0.00891308 -0.018396612 -0.011231656 0.052966885 -0.021206398 0.002838009 0.019210076 0.0044835852 0.011364703 0.009384201 -0.00037284146 -0.0108087715 0.0037317048 0.02896006 -0.0032082892 0.011262419 0.0019735426 0.0075687985 -0.009667128 0.010530984 0.015351223 -0.0021417274 0.011526627 -0.007252729 -0.013458008 0.026952017 -0.026224634 0.01165088 0.011921235 -0.010879263 0.01623807 0.0014074447 0.007745982 0.0018394602 0.016335353 0.010690659 -0.00056848105 0.0030066338 -0.019603381 -0.018730363 -0.021428967 0.00053771335 -0.017401302 -0.013075003 0.010591582 0.008249715 -0.0069721984 0.008315131 0.0016777202 -0.026501559 0.013896535 0.0077328593 -0.0029581536 0.009258905 -0.007133771 0.0042439103 -0.015324631 -0.0008469155 -0.0031557742 -0.015173404 0.008659686 -0.0063284994 0.016354712 0.011959378 0.06113951 0.018698376 -0.013660659 0.0016641499 -0.0043625534 -0.02349575 0.0033721563 -0.00862199 0.008289174 0.014126265 -0.0060020727 -0.023724174 0.043955956 -0.02346137 -0.0030552116 -0.0068224827 -0.017340988 -0.0058245384 -0.0009656521 0.012507328 0.0076884446 -0.020144928 0.0017596411 0.0024748996 -0.036544938 0.006732641 -0.011654396 0.0056392676 0.008608187 -0.00022709047 -0.0078877425 -0.05039657 0.000341512 0.0044113942 -0.009405865 -0.0054293927 -0.0095565105 0.009679498 0.0064956998 -0.0061921435 0.012445147 0.0015302415 0.012037949 0.01788279 -0.0073216856 -0.0069500185 -0.015370011 -0.0142525025 0.008853189 -0.031529255 0.006321504 -0.008277128 0.0070487377 -0.025890175 0.059995465 -0.010126462 -0.0033280542 -0.021885192 -0.003777454 -0.025481315 -0.019871777 -0.004236686 -0.0034242077 -0.0031181988 0.014149513 -0.0043300157 -0.012357454 0.0057602013 0.0070829648 0.007760148 -0.0031243812 0.007066765 0.009864223 -0.010840255 0.00855791 0.0032898197 0.013939685 -0.0043904246 -0.00031274804 0.0027268906 -0.009755862 -0.0073565845 -0.014693019 -0.008041565 0.008540168 -0.005552605 0.01644395 -0.0013839911 -0.030376589 -0.0040290044 -0.02160619 -0.010134818 -0.016238123 -0.01985544 0.021773867 -4.8136837e-05 -0.0010698746 -0.005891204 0.015557369 -0.045875542 -0.008174502 -0.010466644
Dây thần kinh cảm giác	-0.012678934 0.010541834 -0.0062988745 -0.0041170246 -0.007730714 -0.0165399 0.0023092416 -0.014240136 -0.00273572 0.0109258685 -0.0018894842 -0.013554673 0.017328717 -0.011708282 0.009460758 0.011135066 0.0044460716 0.0015280442 -0.023033064 0.00184731 -0.012578237 -0.014416176 0.0037956075 -0.0056347065 -0.010508565 0.0318298 0.014282936 -0.018342543 0.005007017 0.011742299 0.0029800383 0.004904417 2.4065748e-05 -0.017231166 0.009220289 -6.58147e-06 0.00927973 0.015442295 0.011591406 0.018173624 0.011670169 0.017132675 0.03391239 -0.0017738566 0.0017481006 0.0035855486 -0.011358515 0.002233826 -0.004441525 -0.0016868301 0.011267671 -0.026614452 -0.0016722782 0.005575064 -0.021442246 -0.04685669 -0.018474407 -0.011415935 -0.00032173432 -0.007804143 -0.0009663906 0.014383631 0.0013518408 -0.04482066 -0.013659495 -0.010339356 0.0039617 -0.008005731 0.04390278 0.004300069 0.016048789 0.007775394 0.008098071 0.019962441 -0.011219343 0.05379433 -0.021662485 -0.024821483 -0.00299265 0.006003806 -0.017771158 0.022195369 -0.0011672762 -0.0063093156 -0.017908508 -0.013601309 -0.008721575 0.0037302456 -0.0038878727 -0.019884223 0.016494803 -0.030808222 -0.0008925179 0.009556999 0.0062239147 0.0061590974 -0.007375078 -0.0029077192 0.008856891 -0.021254733 -0.017608812 -0.0108409915 -0.0040950375 0.0014909244 -0.016533533 -0.020972785 -0.019047696 0.009670409 0.008571064 -0.014850622 6.022826e-05 -0.0036350098 0.014621799 0.0121877175 -0.0033739253 0.0014826499 0.012885514 -0.0072733574 0.00796975 0.007651426 0.033799574 0.00882346 0.009832929 0.0034198961 0.03187446 -0.0053576184 -0.006094265 -0.016368387 0.011689907 -0.0057203933 0.0088068135 -0.007479526 -0.025091672 0.0060606115 0.0059336154 0.013298201 -0.0036580756 0.010771276 4.3269218e-05 0.02121635 -0.010334652 -0.0062885853 0.0047455793 -0.0049303905 -0.0074733794 -0.005983864 -0.008758142 -0.03692809 0.016268913 0.015183603 -0.001863533 0.008490518 -0.035614125 0.0029855748 -0.007852318 0.010571119 -0.006226943 0.008150664 -0.008335981 0.0011810885 0.024981366 -0.0019855455 0.024291577 0.010774114 -0.0042509018 0.0072229295 -0.0008153762 -0.010926867 0.012160867 -0.0046015405 -0.007938875 -0.00031292363 0.001727131 0.018468557 -0.011606694 -0.022767227 0.00835058 -0.012287989 0.0041195224 -0.005547931 0.0009074606 -0.002863425 -0.0002495557 -0.0027064886 0.008408603 0.0031530962 0.002304814 0.0011043204 -0.01638231 0.00028109615 -0.016362745 0.019781787 -0.007693208 0.01517805 0.00722242 0.0102632055 -0.018718172 -0.00061626465 0.017863978 0.016007468 -0.0006101931 -0.012132974 -0.013944725 0.019269671 -0.010757921 -0.0051995665 -0.012001075 -0.0137603115 -0.00857022 -0.026420027 -0.00729682 0.002749186 -0.012330547 0.015768891 0.012963791 -0.024827678 -0.00038986607 0.0051856264 0.016268615 -0.002036545 -0.0017928084 0.00037170312 -0.010181981 0.009169543 -0.005227965 -0.005915654 -0.017703395 0.014059447 0.010023495 -0.031305872 0.0036170618 0.0013649359 -0.00675208 0.006797725 0.0060680592 0.010997614 -0.01258378 -0.010960774 0.011002743 -0.013203597 0.0040318705 -0.0018546197 0.0021076407 -0.0074190786 -0.0027589092 -0.0042275586 -0.0029189219 -0.002271429 0.0006552298 -0.018463409 -0.01029767 -0.0065776533 0.03439551 -0.008808066 0.009620854 -0.0006039465 -0.0013369713 0.035054363 0.013518485 0.004963881 -0.028981248 -0.0116392905 -0.008061377 0.0063621774 0.010870391 -0.010950693 0.008237022 0.00060981186 -0.0055182176 0.017037023 -0.016439123 -0.005150172 -0.006472011 0.001022898 -0.0044026226 -0.00014358238 0.009183101 0.021248814 0.017470924 0.01373784 -0.0063267373 0.0006874878 0.012132004 -0.00050148705 0.0015725887 -0.017580638 -0.03183412 -0.013664226 -0.005719073 0.0039385245 0.008691156 -0.0013693601 0.018472929 0.007969837 0.024677418 0.0009551149 0.022491809 -0.0020512135 0.037002716 -0.008986803
lập lại hoà bình	0.0058434634 0.0041408488 0.050603427 0.005264973 -0.0011325867 -0.017879253 -0.011883781 0.0070037628 -0.0003668485 0.018711757 7.258741e-05 -0.028053327 0.025020404 0.004006752 0.013694017 0.011983401 2.5834623e-05 0.008404577 -0.0059349057 0.00051222736 0.0027485904 -1.1968826e-05 0.014289035 0.007151796 0.007696979 -0.03778688 -0.004362934 -0.01156687 0.014379666 0.0053377682 0.005622719 -0.00062590546 -0.0076632085 -0.0035077643 0.017685456 3.3734057e-05 -0.013364149 0.006837644 0.0056435717 -0.0029730313 -0.0033500441 -0.008786676 0.02502011 0.0067574666 -0.00049090624 0.0128756985 0.006911412 -0.013397039 0.011396339 -0.0046378076 -0.019470481 0.00013590099 0.004893672 0.018063067 -0.013711221 -0.0067060846 -0.0075220577 -0.015473246 -0.013324892 0.0066932887 -0.007193095 -0.0064741 -0.012101546 0.014622788 -0.0015683121 -0.0042371815 0.012695503 0.0028378416 0.031418152 0.0021414452 0.006224337 -0.00318904 -0.0075237593 0.00080362335 -0.006024438 0.00020977855 -0.030977601 -0.028113525 0.012167721 0.009899938 -0.016621834 0.013663316 -0.009528299 0.0027532056 -0.010348512 0.019824745 -0.0250593 -0.012886369 -0.008336861 -0.0123993475 0.009430585 0.010492141 -0.015984753 -0.009665876 -0.0022919816 0.022042027 0.0036558819 0.0009832866 0.010601128 0.011172882 0.008620342 -0.0023279774 -0.0035855323 -0.019283518 -0.012995892 -0.002196774 -0.029320592 -0.006996836 0.0055616363 0.008440445 -0.028072149 0.015978256 -0.0016504249 -0.009937468 -0.0115508465 0.009874112 -0.0021346489 0.0073134624 -0.010523607 -0.056649946 0.009745368 0.014416688 0.023958053 -0.0031629603 0.006986533 0.003668669 0.0015781343 -0.0075556734 0.010252758 0.006589328 0.021080937 -0.013587108 0.00045198787 0.002263662 0.017399494 -0.0069012684 0.013178383 0.06345606 0.00024671567 0.021259975 -0.013630679 -0.01088119 -0.015457572 -0.0058673047 -0.014690086 -0.017292349 -0.0064069415 -0.007823163 -0.010359667 -0.01462836 -0.009673356 -0.01069347 -0.016568443 0.013257354 0.005999441 0.013704455 0.014558591 -0.002954397 0.0034221665 -0.0050678244 -0.004656759 -0.012140677 0.013021399 -0.003316974 -0.0051936163 0.0191095 -0.0036096547 0.019514387 0.015400206 -0.0052793263 0.013001298 0.013287553 0.009542077 -0.006057638 -0.0051312638 -0.002601457 0.012256918 0.05100667 0.0044092103 -0.00937583 -0.008129868 -0.011255884 0.014815018 -0.01280179 -0.009559886 -0.00040842858 0.01977911 0.0007636567 0.00046794355 -0.00041159376 -0.0347031 -0.0028036966 -0.002694999 0.009006955 0.007425386 -0.012830553 -0.002465428 -0.0027551544 -0.007034492 0.00070634217 -0.003025734 -0.00096729613 -0.005015409 0.0031634995 -0.0056848708 -0.016073471 0.006319338 -0.0031409252 0.010329738 -0.022904217 0.03539196 -0.012605643 0.0022285804 0.013415658 0.016279968 0.0010443559 0.028177842 0.0021955806 -0.010374157 -0.007096269 0.0017658913 0.0039712107 -0.017582009 0.008820834 -0.0072616944 -0.0078963395 -0.009523452 0.001324639 0.0032835684 -0.03954827 0.0034673505 -0.0071269176 -0.0028373147 -0.0040431214 0.011659043 -0.005914242 -0.0042814324 -0.0059008547 0.0037677544 -0.018899912 0.02194579 -0.0017906638 0.0035834631 -0.00395544 0.005882489 0.0028418612 -0.0020360681 -0.02212911 -0.005829863 -0.02134481 -0.0021551775 -0.006335106 -0.0017767043 0.011682232 0.024367532 0.0026132304 -0.003907208 0.01918195 0.0023915241 0.0033037642 -0.014612264 0.0011646684 0.0062357932 -0.020750111 0.030075373 -0.00022458711 -0.012288729 -0.013919028 0.011106572 -0.0015435033 -0.0008616756 -0.0045517343 -0.004978022 0.017545117 0.0069765775 0.007384975 0.0034490807 0.008457937 -0.011693142 0.0015572453 -0.019510556 -0.003446068 0.01882881 -0.006162077 0.0072939894 -0.0060541476 0.0006383077 -0.006647092 0.0051276763 -0.016700657 0.0032745725 -0.012308554 -0.006299255 -0.0009967422 -0.007559341 0.004730304 -0.0012154233 -0.01873106 -0.008242585 0.0004143289
dầu thơm hoắc hương	-0.00033978175 0.0057419403 0.004128784 0.00835536 0.012777453 0.0073132655 0.011743373 -0.0014700696 0.04252824 0.022679834 0.023806948 -0.0022517797 -0.007789711 0.003253548 0.0011032522 0.0066169794 0.013161713 -0.02077727 -0.01590396 0.012118224 -0.0048916773 -0.013338137 -0.001181832 -0.017135993 -0.01012658 -0.00963776 0.013138982 0.008590748 0.027049413 -0.009951614 0.023318298 -0.0024828166 0.013124517 -0.0014953394 0.030562654 -0.003423648 -0.019011235 0.021367747 0.028043298 0.008903701 -0.005639768 -0.008134834 0.028353814 0.0016453636 0.011805365 0.013919662 0.0022908503 -0.041995462 0.00328186 -0.006416393 0.009115769 0.009589623 -0.0011720231 0.0051161377 -0.004567744 -0.026910663 -0.022347236 0.004422772 -0.015915051 0.0048971553 -0.024583047 0.0021319638 0.021980975 -0.025791002 0.0015428674 -0.012087006 -0.0044585555 0.011051866 0.0407846 0.007884368 0.028136177 -0.009767007 0.02845579 0.009112628 -0.007672458 -0.012313936 -0.0030278412 -0.023609567 -0.014657386 -0.016967377 -0.0047781477 -0.014330141 -0.016532058 -0.016862469 -0.0011251937 0.025899386 -0.03483507 0.010090798 0.0010622788 -0.007727416 0.0014676427 0.0025739034 0.0068220827 0.0290878 -0.0062295445 -0.0026098795 -0.0008568286 0.020442331 0.005948626 -0.010582218 -0.0029897615 0.0013143606 0.0076669743 -0.010826819 -0.012605436 -0.041168064 -0.011856249 -0.0014889434 -0.004841818 0.011081119 0.01009139 -0.0041875876 -0.009247255 -0.0050053936 -0.029006286 -0.0024735136 -0.00964433 -0.011202278 -0.013440129 -0.058740947 0.03870237 -0.008125041 0.02758028 0.0029493673 0.020912271 0.02714173 0.0050437343 -0.027739149 0.010450619 -0.0005145535 0.00037658872 -0.019208381 0.007818257 0.019021057 0.017942742 -0.037685305 -0.015179105 0.040964313 0.010995648 -0.0020778542 -0.010643297 -0.009240261 -0.0033552214 -0.0087530445 -0.017068647 0.0089047775 -0.024829583 -0.024178203 0.0020390763 0.016178275 0.0012473863 0.002354542 -0.040992882 -0.019852635 -0.016739571 0.0051933983 0.036519565 0.0045428863 -0.028855212 -0.0011004311 0.0051130825 0.011960042 0.013242413 0.00041971903 -0.0025514385 0.016111203 -0.006087588 -0.012616061 0.031012464 -0.013387841 -0.00613547 0.022078782 -0.013712323 -0.023323428 -0.017174661 0.019046502 0.01663504 -0.0031401385 0.013703776 0.00699782 0.024473958 0.023363898 0.0072924336 -0.004821912 -0.0035913442 -0.0084363 -0.015064303 0.0022991463 -0.015013388 -0.009330378 -0.024827778 0.03162395 -0.018258562 -0.0009508365 0.006776763 0.034309 0.0163439 0.005847561 0.008518335 0.0026019826 -0.020805795 0.004432579 0.008186195 0.0016443024 0.013974822 0.0055124615 -0.0020975112 0.022091849 -0.033198826 -0.0014735432 0.05325069 -0.007873158 0.0384314 0.010760157 -0.008406945 -0.0014096715 0.020957809 -0.013618815 0.009243578 0.0054118657 0.00025382332 0.013515561 0.0031598855 0.03456251 -0.012359914 0.0028176678 -0.0029325148 -0.020464584 0.029378934 -0.048805363 0.0017669926 -0.014498507 0.014765403 0.00078260934 0.020869607 0.0025546956 -0.022474607 0.0059776073 0.02923283 0.0014441127 0.035856772 0.0045268834 0.012721543 -0.011478077 0.0077101807 -0.007874065 -0.0047957264 -0.005158818 0.004195729 -0.01908114 -0.012214228 0.002056959 0.034323283 0.014309261 0.03361758 -0.018317202 -0.0012336865 -0.0057763276 -0.005052688 0.0162078 -0.026504941 -0.02694882 -0.011672148 -0.00579247 0.0025616826 0.0167664 0.0032372845 -0.002218039 0.01266073 0.018051216 0.0045884796 -0.011549952 -0.038780753 0.024355954 0.023845283 -0.0107558295 -0.025219401 -0.009432793 -0.009694276 0.013734217 -0.023413343 -0.013532686 0.030368514 -0.004261457 0.013545615 -0.0042716805 -0.022728855 0.0021774233 0.0073409923 0.0041948934 0.007841568 -0.025742704 0.011144654 -0.0060777087 0.01456425 -0.0016438238 0.0038522587 0.007485607 -0.018552307 0.009105288
chế độ hôn nhân một vợ một chồng	-0.0017877296 -0.014284774 0.03305285 0.0066024046 -0.0039212084 -0.0039138757 0.0034265257 0.010291479 0.0034119363 0.03509564 -0.0035401839 -0.023929007 0.0098341685 -0.00929089 -0.0059313676 0.019161113 -0.0048321355 0.0034278044 -0.015070009 -0.0055595622 -0.0018896769 -0.0052762995 -0.0048706676 0.008079538 -0.0029412801 -0.003754496 -0.0060810177 0.0119924415 0.016868435 -0.0029671306 0.0075501106 -2.7116388e-05 -0.004177959 -0.031309724 0.011197398 0.0040718704 -0.0115335975 0.011403983 0.02058708 0.0052738255 0.014705782 -0.0007697487 0.018908763 0.0030021216 0.0069557335 0.015989311 0.004690693 -0.008172623 -0.000923459 -0.010111442 -0.0021458783 -0.007049731 -0.0032454096 0.0052799177 -0.009635762 -0.030539267 -0.021331841 0.0033048983 -0.014361729 -0.00971414 -0.004928304 0.01596091 -0.00049404864 -0.036177974 -0.00977224 -0.008468169 -0.007235046 0.010881715 0.018976895 0.003303658 0.014874697 -0.012467472 -0.0023360045 -0.0013766038 0.0053367782 0.012208651 -0.0054843784 0.00040870457 -0.0032917147 0.0009169367 -0.02402548 0.001706405 -0.019064499 -0.008374733 -0.020125234 0.014937623 -0.0062996927 -0.004102757 0.015996099 0.021641398 -0.0064936574 -0.006216072 -0.0008248666 0.0013335145 -0.00039007733 0.012417255 0.012857373 0.002226141 0.012747121 0.00016439457 -0.021186432 0.007248455 -0.015280594 -0.009955628 -0.016506352 -0.03862022 -0.015910396 0.0017282567 0.008051904 -0.002342707 -0.021936854 0.00814769 0.0040888498 0.004185614 -0.003547377 0.002611708 0.010587733 0.007176305 0.0060438933 -0.03334341 0.016309017 0.023668831 0.02519982 0.00093099265 0.026997864 0.0021594607 -0.00050334755 -0.018479459 0.008110284 0.008359209 0.0023270433 -0.015846927 0.009195689 0.009536273 0.006833334 -0.0012493229 0.0044841436 0.051359415 0.0025230427 0.0081541855 0.011483699 -0.003497072 -0.010576317 -0.002790607 -0.037332498 -0.0051045897 0.005848367 -0.0234109 -0.0024717897 0.01133646 0.011830767 -0.009815157 -0.017147845 -0.0038722244 0.017288195 0.0097560575 0.013863959 0.002504217 -0.0063847466 0.0027688076 0.009175465 -0.0070459857 -0.008590674 -0.0050621717 -0.0062206886 0.0026861685 -0.00043880765 0.00667655 0.024232708 0.00477056 0.008452302 0.004696975 0.0062518516 -0.003621486 0.01034123 0.004403177 -0.0019809776 0.032128595 0.006579272 0.010342971 0.009855544 0.013074591 0.0045544156 0.010616686 0.010929854 -0.008081856 -0.012151733 -0.0030948366 0.004811425 -0.0040408466 -0.023124726 0.0016726163 -0.011347344 0.008933987 0.0047712396 -0.018338026 0.0032542266 -0.005489992 0.0093726935 0.0119061405 -0.0001597376 -0.014472698 -0.0020271724 -0.00089419784 0.00091521046 -0.02211441 -0.009120545 -0.00028335478 0.009099279 -0.017189147 0.06112498 -0.009571032 0.023117721 0.014247161 0.005057447 0.00027583793 0.012522469 0.0033983407 -0.013317427 -9.3309165e-05 -0.0022846307 0.011194776 -0.011607642 0.0072784293 0.013216828 -0.007324631 0.0054363366 -0.006018736 0.029388923 -0.01762657 0.0118327625 -0.0048742336 0.0033993213 0.009144511 -0.0046271156 0.006883604 -0.0055888533 0.0030143117 0.016117621 -0.0023902 0.01784886 -0.010685275 -0.020010395 0.002312724 0.011615303 0.0010711399 -0.0073743323 -0.021061437 -0.0056476486 0.0010859449 0.001773819 0.000936763 0.05697251 0.010484053 0.030414725 0.00017867995 -0.0013686278 -0.00011887484 -0.0066684335 0.0070330244 -0.029953292 -0.0010392733 -0.02577672 0.00019937655 0.002472836 0.0014799827 0.008371622 -0.0026633753 -0.0022627658 0.011962791 -0.0070820292 -0.015171821 -0.004803047 0.007446952 0.002766619 -0.01347546 -0.014624904 0.016897846 -0.0064240918 0.0016714837 -0.0050968854 -0.0051163626 0.012254731 -0.002216635 -0.005955749 0.006446419 -0.014343395 -0.021659633 0.0058658957 0.00012446132 -0.010374118 -0.0075771348 -0.0019396589 0.0063421354 0.019128885 -0.002832084 0.009116428 -0.023832913 -0.007548062 -0.0109388
động vật chân guốc chẵn	-0.0015869659 -0.0033648447 0.05210873 -0.015296483 -0.0055026817 -0.0046514897 0.0174839 0.0005077854 0.002823956 0.02304554 -0.0039279344 -0.024973089 -0.0038408297 -0.0073579876 -0.0027996306 0.015965184 0.001802084 0.012496548 -0.019404087 -0.0044573355 0.00088956737 0.0019162649 0.018810675 -0.004486004 -0.0067940555 0.0010452622 0.011394371 0.006035251 0.0152891595 -0.009139603 -0.002604766 0.0033204122 0.005818338 -0.02016155 0.030591425 -0.017381215 -0.029682847 0.031194346 0.0072271824 -0.0048542405 -0.0026644128 0.00023132791 0.029509416 -3.3628905e-05 0.010164097 -0.0015754333 -0.0008257851 -0.023806134 0.017172547 0.00047027977 -0.009998718 0.010881099 -0.008426987 -0.0027487043 -0.018937312 -0.03755318 -0.025669042 0.012586599 0.0004910018 0.006901057 0.006433071 0.004269738 0.0009075889 0.010749914 0.0050654905 -0.02058606 -0.0045682313 0.00028070915 0.043713562 0.009905877 0.0012896375 -0.0061331703 0.005531515 -0.0068589705 -0.00848448 -0.001347362 0.0055177803 -0.016631177 -0.00645769 -0.004197537 -0.018668065 0.0015783131 -0.011317781 0.0152306305 -0.003020445 0.011326216 -0.031353146 0.0044858227 -0.009301481 0.03529461 -0.008879784 -0.005714961 -0.012506785 0.0077388966 0.0022019383 0.013819185 -0.018608812 0.015204827 0.0059502465 0.0018737263 -0.011725853 -0.0055548362 -0.010316055 -0.020949673 -0.0035818992 -0.041637335 -0.017243529 -0.003978805 0.003290251 -0.005953583 -0.025703793 -0.01274801 0.0075656828 -0.010096167 -0.011557499 0.0057338797 0.0018156411 0.0074477615 0.007180809 -0.01775954 0.024117606 0.004112255 0.0155575415 0.003972656 0.023309605 -0.0013062232 3.992478e-05 -0.0034297989 0.0010972122 0.011169774 0.0023485522 -0.012405373 0.013745126 -0.0021424794 0.0012247134 -0.0022017967 -0.011987388 0.037705876 -0.024907952 0.00696153 0.0130774835 -0.0060353223 0.0025835065 -0.003022803 -0.005528285 -0.01601346 -0.011248231 -0.0070869937 -0.011788026 -0.005084768 -0.008455365 -0.021679979 -0.012687621 -0.008677517 -0.0039018975 0.013436326 0.009895482 -0.008946896 -0.011975964 0.0032880646 0.009160431 0.008067791 0.015048674 -0.0019187501 -0.0034758055 0.011294736 -0.009525632 0.004800048 0.019077687 0.002101388 -0.003200233 0.0062831384 -0.0051593757 -0.004630097 0.010706588 0.0049441345 0.010935818 0.0033944312 -0.0069854828 -0.0005556572 0.013034471 0.0069475644 0.020889174 -0.0048603853 0.0017048812 0.008806338 -0.009131328 0.003739258 0.007653197 -0.0017904127 -0.014620878 -0.00610789 -0.004463803 0.013847147 -0.013701873 0.018766418 0.01805325 0.0017124127 0.012620658 0.0046110097 -0.012808062 0.0052249506 -0.0064615337 0.003763829 0.009841097 -0.0033950221 -0.006582008 0.005125982 -0.013254153 -0.010772919 0.047049128 0.005727622 0.010454251 0.0087959645 -0.005849396 -0.03214895 -0.0047733774 0.01673318 -0.036835056 -0.008157499 -0.0039131963 0.017749975 -0.00093674235 0.027470896 -0.008940466 0.0045946725 0.022533145 -0.018564139 0.021526238 -0.019020021 0.0004173904 0.0032384077 0.0051178024 0.008016905 0.019266732 0.04233884 -0.00565162 0.005988502 0.005512464 -0.013230736 0.025278334 0.0032199202 0.0058981054 -0.020279197 -5.2404455e-05 0.013165807 0.012667518 -0.00016934797 -0.0034307127 -0.0023457655 0.0046048877 -0.01712965 0.031092938 -0.0075084893 0.02688105 -0.009009783 0.0065699974 -0.036497932 0.0013863912 0.0009383976 -0.020689087 -0.002942399 -0.02533581 -0.0011435734 -0.0030292044 0.003860878 -0.012131827 0.0037984585 -0.008720197 0.016375309 -0.0015073937 -0.01203139 -0.014199014 -0.004370465 0.008062095 0.015599982 -0.0032610495 0.0065611787 -0.0028238825 -0.0066901674 -0.007424265 -0.012117329 0.024714276 -0.004103438 0.010406959 -0.009539752 -0.033286918 -0.020066703 -0.013136479 0.011306114 -0.0146963 -0.027363928 -0.010777908 -0.00032190376 -0.0019942115 -0.0063133547 0.004367307 -0.023103904 -0.00024438897 -0.005066751
cơ cấu kinh tế	0.0006584053 -0.0213124 0.058661606 0.0073310193 -0.00618273 -0.011212908 0.038947783 -0.0050326777 0.022508746 0.035764057 -0.005547414 -0.020245152 0.0077487323 0.013368498 0.0032026386 0.029012715 -0.0064907763 -0.0122306645 -0.030131495 -0.0022447964 0.004886189 -0.011343035 0.0018110009 -0.0019981526 -0.004967093 -0.005033303 -0.004330383 -0.002710117 0.016964108 0.0016365595 0.0032026328 -0.02230568 0.0090008015 -0.028688723 0.02386262 -0.01769721 0.03487652 0.042721573 0.014771864 0.013394594 5.2952208e-05 -0.01935781 0.034485113 0.005134281 0.0037010666 0.022809803 -0.008464363 -0.024988227 -0.0049351207 -0.014197818 -0.020769387 -0.01738427 -0.010652413 -0.0041643553 -0.024336493 -0.016514674 -0.020508787 -0.014389311 -0.02266936 0.010354369 -0.0046210666 0.002576625 0.0009087149 -0.050813068 -0.009354769 -0.029589491 0.016164953 -0.005573854 0.055959318 0.025473133 0.019847281 -0.022433205 0.0074087945 -0.009685419 -0.010485302 0.012093362 -0.00746729 -0.026690537 0.012477214 -0.008367955 -0.00051916885 -0.003949143 -0.025828788 -0.007120836 -0.027078427 0.014672366 -0.027037889 -0.0006976246 0.010514026 0.047181893 -0.010903262 0.011293315 -0.010047108 0.010200247 -0.005397174 -0.01631539 -0.011718345 -0.00088876084 -0.005472358 -0.005711153 -0.024237795 0.023492953 -0.01699136 -0.033660326 -0.04130381 -5.2922715e-05 0.005338777 0.015331973 -0.01634123 0.024534302 -0.057623204 -0.004390819 0.0053201304 -0.008052205 -0.022319032 -0.0046425797 0.020193974 -0.015151697 -0.024499252 -0.040679637 0.029927319 0.00037266803 0.016627284 0.023416206 0.011535062 0.0074585318 0.029163733 -0.01612761 -0.0034917195 0.003487246 -0.0061676293 -0.007365433 -0.0031105352 0.007519807 0.007934206 -0.0041761734 -0.01475662 0.04730423 -0.018393334 -0.023663254 0.018225381 -0.0053329705 0.013025082 0.0027398781 -0.031235501 0.01976284 -0.01580668 0.0013280996 -0.008702081 0.01518128 0.013121746 -0.019749051 -0.04466541 -0.00745306 -0.012856242 -0.004348254 -0.0048485156 0.004433322 -0.004037469 -0.003105349 -0.0069519593 -0.006366787 0.013536933 -0.0018786398 -0.0064881654 0.020179652 0.0070996475 -0.014958009 0.011500292 -0.016959183 -0.010927241 0.028027663 0.008984883 0.007215983 0.0046585617 -0.008589577 -0.004137908 0.03939804 -0.012441702 -0.004039991 0.016795663 0.026049228 0.012883178 -0.019605039 -0.0031920236 0.009352716 -0.022937989 0.0043119197 0.03303091 0.00031863913 -0.03015243 0.012254499 -0.016129203 0.015721472 0.0009833187 -0.00044333749 0.015598521 -0.006968792 0.011728942 0.0028168529 -0.009542336 -0.020339053 0.007969502 -0.008483633 0.022615666 0.007670092 0.014544878 0.012373305 0.0218558 0.0053512827 0.04864512 1.189881e-06 0.030312523 -0.0014672893 -0.010280026 -0.00823926 0.014728222 0.0020357294 -0.004932732 -0.012294243 -0.0019142689 0.013793633 -0.02715674 0.017261025 0.004608475 -0.011043429 -0.0072970334 -0.007220074 0.0049655777 -0.063478544 0.008293994 0.0096228635 -0.01468443 0.010744435 0.0034770386 0.020527638 -0.021746106 -0.007933437 0.016053358 -0.011668522 0.06909358 0.002045766 -0.007841598 0.008295278 0.006778156 -0.017608153 0.0049476125 -0.015292939 0.01284993 -0.01936949 0.005628068 -0.002135562 0.057644237 0.008067304 0.030405948 -0.0024495088 0.008928332 0.01836973 -0.019132152 -0.0008269359 0.0037783831 -0.010870102 -0.017594563 0.0009688856 -0.017539231 -0.015226911 -0.002227503 -0.011176523 -0.015149388 0.019132739 0.0035854876 -0.02903759 -0.04022655 0.0047803945 0.0042868126 -0.01664455 -0.016959334 0.015107475 -0.018866818 -0.0065523214 0.00902759 0.014911525 0.04104962 0.0024349485 0.037971884 -0.02071392 -0.014692351 0.011222568 0.018254535 0.009236435 0.002558408 -0.008876953 -0.0049267644 0.007154333 0.0058122743 -0.022061503 -0.020488521 -0.011333724 -0.002159436 -0.025711251
tiêu chảy nhiễm trùng	0.014354992 -0.01126587 0.04629915 0.001623973 0.002844725 -0.021303061 0.008680165 0.010270713 -0.0030942764 0.022794008 -0.007366887 -0.012333966 0.0060339505 0.019971246 -0.024067482 0.0061471555 0.0031328993 -0.003819548 -0.029314922 0.017969549 0.016680108 0.00181767 -0.002819569 0.0014654209 -0.00210993 -0.0012588085 0.01856457 -0.0034664737 0.014382186 -0.0035392689 0.014888583 -0.005559958 -0.011254484 -0.013924548 0.03749207 0.006844107 0.00027268496 0.019653186 0.032836035 -0.007341731 0.0026442742 -0.005209383 0.02581977 9.826669e-05 0.0021853552 0.010852975 -0.022040565 -0.016616562 0.011396725 -0.024485687 0.00262619 0.0042313663 -0.01832647 0.0014795744 -0.019148149 -0.007850635 -0.037140314 -0.00832453 -0.00081677566 0.006783467 0.0013996953 -0.007187456 0.021453595 -0.010309009 -0.0022140648 -0.014511347 -0.01378465 -0.011607035 0.05268683 0.0071306927 -0.0047057685 0.012245705 0.021033123 -0.018100489 -0.0062515214 0.010774164 -0.009697558 -0.02005515 0.0025494224 -0.004669272 -0.015781924 0.02090434 -0.033156414 0.013235849 -0.009664687 -0.0008557376 -0.02351951 -0.006747311 0.011754545 -0.023119261 0.010144688 0.0012843097 -0.00018998726 0.011593926 -0.00528571 0.012225844 -0.0062868223 0.004831634 -0.0041740355 0.0023299884 -0.03821616 -0.001435577 0.01281887 -0.005097851 -0.006413913 -0.008513168 -0.019888228 0.009530067 -0.020380184 0.008423837 -0.022581862 -0.011844442 -0.00014762972 -0.009083227 -0.021549307 -0.0017617333 0.006713529 -0.013450323 0.0035413795 -0.0039210287 0.024833446 0.0013493145 0.018282847 -0.001663228 0.01420715 0.008920923 0.012681576 -0.008290854 -0.0038321505 0.012662774 0.010845699 -0.0077270754 0.008120325 0.0033246744 0.000756624 -0.029718101 -0.008315831 0.024331007 -0.00076397666 0.008835249 0.012200989 -0.0038099792 0.014776778 0.007356922 -0.017269332 0.01111736 -0.007774295 -0.04668386 -0.013671655 -0.00066024065 -0.000529078 -0.0128275305 -0.026834263 -0.01375161 -0.0029919848 0.0072038085 0.004551573 -0.01593552 0.0042945906 0.0030002452 -0.0017576315 0.023483 0.012984107 -0.010353747 -0.0047399537 -0.0023569688 -0.007505507 -0.014756634 0.014581784 -0.009656481 0.0015514011 0.0185022 0.0117257275 -0.004797781 -0.0008253816 -0.009870888 0.009317956 0.018219003 -0.002403021 0.0137963435 0.011620537 0.01685825 0.0057458873 -0.013007709 0.008955932 0.009336242 -0.006233234 0.008780169 -0.0016870005 0.004477398 -0.03233655 0.009043174 0.0004662844 0.010037433 0.00017462789 0.0018534529 0.010351459 0.00026839657 0.020690758 0.013721402 -0.016029518 0.0034387065 -0.00854237 -0.009888163 -0.00727655 -0.0074821035 -0.00037225374 0.0050127055 -0.016959442 -0.017775962 0.05074066 0.0064819423 -0.000590133 0.020810444 0.0024195376 -0.022485897 0.00525855 -0.0135184275 0.00345953 0.01121178 0.005039354 0.008040715 -0.013108723 0.0072777183 -0.003598105 -0.016834136 -0.0025849617 0.0026578652 0.0073145595 -0.028324837 0.0047643916 -0.00015655474 0.012741792 0.00674651 0.0027136437 0.012863358 -0.018930618 -0.0018540332 0.01367273 -0.014134581 0.012569971 -0.006549494 -0.008133392 -0.014106306 -0.019577257 -0.0082900245 -0.0016451321 -0.031027354 -0.014870467 -0.025886374 0.014918068 0.004379773 0.0041246368 0.02328622 0.006677437 0.006355655 -0.007595987 -0.005749461 -0.012097505 1.6404805e-05 -0.008215951 -0.011832087 -0.022436725 0.013053621 -0.0025423623 0.013807306 0.0072989403 -0.00817691 -0.012301591 0.002178077 -0.0031977273 -0.010263421 -0.017113771 0.013528272 0.010613702 -0.0066424217 -0.009548414 0.027068252 -0.0041302005 0.013204052 -0.0032862155 -0.012478804 0.028235357 -0.0061458014 0.013376962 -0.00932279 -0.025238138 -0.013267877 -0.0088109495 -0.0044730785 -0.018615779 0.0034116765 -0.009333618 0.0069021215 0.012106922 -0.008546474 -0.007062553 -0.014388116 0.005882326 0.00344888
làm vườn đô thị	-0.006583735 -0.0182004 0.012817424 -0.00442083 0.007804517 -0.0013875677 -0.01768135 0.0017132421 0.0017471439 0.02529506 0.0058601922 0.004287836 0.022398893 0.005970026 0.008932405 -0.0011997452 -0.01053251 -0.013236181 -0.009399175 -0.008462206 -0.01645609 -7.309593e-05 -0.014310801 -0.0004339304 0.0077664885 0.001019057 0.017314233 0.016928881 0.0035307596 0.023035875 0.01674997 0.00090874184 -0.011488593 -0.016690202 0.02501816 -0.009165777 -0.029026188 0.02918575 0.02115666 0.0014114031 -0.0038527956 0.0066596474 0.010395826 0.011303188 0.0023553027 0.00263237 0.0044785794 -0.017832156 0.011733737 -0.016176626 -1.7001508e-05 -0.0042184545 -0.012337641 0.004973436 -0.016460614 0.009265902 0.00014280241 -0.0007604596 -0.0020099904 0.0007811667 0.00093774963 0.002982188 0.013375748 -0.028301397 -0.0032957175 -0.0026083556 -0.003852629 -0.006373826 0.0130552435 0.0026244207 0.009477194 0.0069586765 0.023491584 0.040195584 -0.009466572 0.026279626 -0.0055479887 -0.004583751 -0.017228771 -0.0057884944 -0.0023875134 0.008567647 -0.03419426 -0.006147188 -0.011239083 0.010525406 -0.029818444 0.010814422 0.0063871434 0.031484812 -0.013703606 0.01007146 0.0073481444 0.013263396 -0.0016665175 -0.000605429 0.0017898008 -0.00493038 0.00030310752 -0.00013830484 -0.02538405 -0.00010343068 -0.011324714 -0.044524875 -0.0051549952 -0.023944007 -0.0038286264 -0.0012932465 -0.002885461 -0.017361585 -0.025119 0.013133196 -0.018224541 -4.0926614e-05 0.0034713636 0.0036323888 0.015937354 -0.007467327 0.0010877653 -0.051577352 0.016913041 0.005730417 0.014995082 0.0015488124 0.0035114144 0.023209102 0.014447829 0.0035658283 -0.004739454 0.015785694 -0.013365288 -0.015113713 0.0007988133 -0.009993093 -0.0011273785 -0.023957394 -0.021242572 0.03720975 -0.0099307895 0.0050206953 0.019487359 0.020352662 0.014504431 -0.002533577 -0.023373742 0.0052337106 -0.005486423 -0.00876691 -0.011537012 -0.008213752 0.010471274 0.011723889 -0.014437859 -0.0047030663 0.002327094 -0.013710602 0.02300817 -0.011915475 -0.0022736227 0.018608047 -0.017204825 0.00069590274 -0.004815578 0.011308915 -0.007800067 -9.880616e-06 -0.007290694 0.007991836 0.0127198445 -0.013768041 -0.0029992587 0.014418892 -0.006143438 -0.00762117 -0.0055425856 -0.0032433835 -0.005332028 0.04529045 -0.005338316 -0.0020404544 -0.0108591365 0.0133740865 0.023239415 0.0010701441 0.008979371 -0.004795989 -0.0045664255 0.022132851 0.0095187165 -0.004608167 -0.018899772 0.022932243 -0.00518278 -0.010729674 0.008098401 0.029283613 0.028363224 0.015309106 0.009865218 -0.001570352 -0.009659994 0.00927016 -0.014083946 -0.019928254 0.0019619712 -0.0033270803 0.009701052 0.01956622 0.016537134 -0.026916357 0.038585313 -0.0077153025 -0.0060163173 0.011864008 -0.013919037 -0.004134104 0.006847654 0.007664771 0.005421916 -0.0064690653 0.005660189 -0.008270912 -0.015456978 -0.017379234 -0.000357439 0.0049398374 0.00770443 -0.0030025588 0.0056801657 -0.0333837 0.010330821 0.033430986 0.0025656237 0.017065011 0.007065433 0.0071596433 0.005440451 0.013709623 -0.015602873 -0.001527122 0.029873256 0.0028731786 -0.022462167 -0.0070689945 0.0065291547 0.017213618 -0.010572969 -0.025124507 -0.0042913714 -0.009781348 0.0011037271 -0.0058339513 0.04398274 0.0052242596 0.04102107 -0.019970063 0.0029203566 -0.030048165 -0.0019213965 0.0017360122 -0.02343331 0.007411917 0.009272463 0.010703504 -0.0008402987 -0.017078068 0.0005015301 -0.0017808811 0.02195722 0.00070140685 -0.002333344 -0.020004053 0.006476867 0.00035840826 -0.0008487272 0.0088744005 -0.007018901 0.025271045 -0.009936213 -0.011057464 -0.029738601 -0.0008135125 -0.0032607655 -0.007435891 0.009387848 0.019175814 -0.012735655 -0.009631744 -0.010335965 -3.0330168e-05 0.005260985 -0.0033837126 0.015651498 0.0007472296 0.011544713 -0.0023089354 0.012900915 -0.014350515 -0.012290295 0.00529362
chỉ nha khoa	0.0051183216 -0.0071832603 0.04290478 0.0011700619 -0.0026597031 -0.0044236043 -0.018516269 0.014522741 0.007887794 0.010372651 -8.106344e-05 0.01732193 -0.0068749725 0.009546256 -0.027433833 -0.0010781109 0.0054623443 0.016310666 -0.024740182 -0.0017764599 0.026103247 -0.012901043 0.0020152342 0.0039422913 0.008035106 -0.012271626 0.018235832 -0.0059611215 0.015396975 0.0050116503 -0.012231574 -0.009252739 0.019848527 -0.027771935 0.026197333 -0.03078109 -0.015786042 0.020619389 0.02319724 -0.002608604 0.011314703 0.00047171247 0.022427117 0.011148532 -0.018351173 0.030063946 0.0169154 0.0049633444 -0.028879315 0.0063942135 0.015376608 -0.00421167 -0.012190522 0.008054549 -0.016984932 0.007899657 -0.031396475 0.007845738 -0.022294741 -0.011590758 0.009698587 0.009037719 0.018190201 -0.017096553 -0.014101839 -0.002294996 -0.02467857 -0.014645639 0.071782134 0.012561729 -0.003614476 -0.006355959 0.00826097 0.004373835 -0.0007375232 0.009377047 -0.016761301 -0.0022520795 0.0092023015 -0.013967713 -0.010886474 0.0032272495 0.009187752 0.0066381516 -0.021556616 -0.0018506929 -0.023303214 -0.00020853039 0.031556085 0.016139938 0.010070927 -0.0015517868 -0.03277983 0.023552483 -0.011683544 0.0031053734 -0.0067356797 -0.024472246 0.0101702325 -0.0020479895 -0.03107508 0.010672685 -0.008364993 -0.05395631 0.0061802436 -0.03907705 -0.048965115 0.0046931095 -0.008130596 -0.0066386596 -0.030336034 -0.0145064965 -0.0036640079 -0.013910818 -0.020025473 0.0108708665 -0.02301761 -0.018666953 0.009844417 -0.07530637 0.031205285 -0.02751493 0.009252821 0.0010661039 0.023201609 0.0072672553 0.0047548213 -0.010682531 0.0035250871 0.033257104 0.010762019 -0.0069302553 0.019438941 0.0040012784 0.026556516 -0.04504975 0.023225654 0.044730853 0.0076291114 -0.004264902 -0.0037169866 -0.009502092 0.00212332 -0.020043662 -0.020310555 0.014625734 -0.0074091502 0.016544437 -0.0072106295 -0.018882815 -0.008499709 -0.0067396746 -0.02533544 0.016088998 0.0012129865 0.0032894756 0.021509837 -0.006886184 -0.014862666 0.026806194 -0.008348708 0.011653279 0.0018463243 0.013538154 0.007858275 -0.011572177 0.01856908 -0.022879485 0.028679732 -0.0066486164 0.011092302 0.028926065 -0.02508233 -0.008403341 -0.011915304 0.016554851 0.0074088387 0.036341198 -0.005093823 0.008345957 0.007811597 0.011754838 0.010012507 -0.004927823 0.010429245 0.0085828705 -0.013210816 0.013735307 -0.00025360807 0.0045897258 -0.019585187 0.019138077 -0.011761999 0.010617636 -0.006295307 0.04312624 -0.009745346 0.009001513 0.0053783776 0.006914623 -0.005710344 0.007321994 -0.011926707 0.00590355 -0.01213219 -0.025141459 0.019162029 0.030444667 0.0019250566 -0.036712993 0.0036772895 0.012334844 0.012881833 -0.0038725883 0.003949276 -0.030112106 -0.0025072186 0.005606345 0.007537174 0.009153543 0.007679342 0.040288262 -0.041554153 0.022404376 -0.006407994 -0.0024764803 -0.013979176 -0.004642144 0.00034020765 -0.031790707 0.0057018613 0.0015628189 -0.009505084 0.017955601 0.007031741 0.026301414 0.008225663 0.010162014 0.0030476842 -0.0040001334 0.050643682 -0.005391789 -0.016472045 0.012102464 -0.014022782 -0.0137223005 -0.017368898 -0.0038529113 0.005190724 -0.027969709 0.013827339 -0.0044961716 0.023081034 0.0044759144 0.08594033 -0.012819201 0.0031846103 0.033247463 -0.016364943 0.03688455 -0.033484735 0.013319564 -0.08689205 0.016326241 -0.019505166 -0.0027069694 0.0037538647 0.00027931185 0.015604854 0.032845315 0.016206497 -0.029362416 -0.015123041 0.016873796 0.03557851 -0.0049866466 -0.004651162 -0.0010193378 0.0028812576 0.019704267 0.0031918134 -0.019119266 0.013816903 -0.0005313723 0.0056681074 -0.017657885 -0.010493836 -0.0051056994 -0.012656527 -0.007843683 -0.023360066 -0.013479856 -0.0073364587 -0.005448795 -0.01885027 0.009432206 0.0065906784 0.00072053185 -0.020591507 0.0065429285
tế bào biểu mô tuyến giáp	0.002688164 -0.011859641 0.01905662 -0.006378113 -0.017310461 -0.015276463 0.0076713017 0.0037067516 -0.004709752 0.027013198 -0.0018716037 -0.023435619 -0.006202713 0.028326338 -0.016242685 -0.00045562309 0.00040277507 -0.007127723 -0.02998815 0.0034621477 -0.014494002 -0.0015783195 -0.00026036802 0.008677145 0.00055157946 -0.0014633144 -0.0055632754 -0.0016206073 -0.013759016 -0.006083445 0.0074469163 -0.0051033236 -0.0078091454 -0.011875003 0.036136493 0.01263483 -0.016210174 0.01938953 0.025157638 0.004031102 -0.0013897859 -6.3519437e-06 0.020123126 0.0059035458 0.0047246725 -0.001966372 -0.013835493 -0.00020662654 -0.0020572226 -0.009724274 -0.008575387 0.019774167 -0.00034226736 -0.0024662397 -0.018444031 -0.019405022 -0.015595105 -0.00481642 -0.012206636 -0.0029617082 0.0062465784 0.003877484 0.0025816716 -0.008788609 -0.0093748765 -0.017878624 -0.002253746 -0.008963271 0.035568982 0.0006157643 0.00996554 0.012350947 0.024654483 0.008640707 0.007040338 0.0026526805 -0.00043898262 -0.01434796 0.010242276 0.0020947137 -0.013266113 0.009663249 -0.023777153 0.0022483019 -0.0149980085 0.022288945 -0.00551197 0.011897832 -0.010503697 0.020651776 0.00026029348 -0.0026710017 -0.020961463 0.0091391625 -0.0054965843 0.009512416 -0.016303962 0.001866228 0.010149973 -0.0077688927 -0.008464303 -0.0035836324 0.0012868713 -0.022123765 -0.012519509 -0.0309627 -0.011117213 0.007258975 -0.0040787477 -0.00029267112 0.0029011387 -0.0028641133 0.015791858 -0.00027808515 -0.02030341 0.0051047136 -0.0026842412 0.0004563377 0.007823124 -0.019783389 0.023962656 0.0075191786 0.02271254 0.004028633 -0.0107289525 0.011279503 -0.0009910889 -0.008233091 -0.0064461413 0.005108144 0.0009860419 -0.0136802485 0.012188315 0.003868702 0.004730728 0.0058261026 -0.0014963555 0.013289423 -0.019402629 0.020830905 0.012972484 -0.001136776 0.017845761 0.012145869 -0.01661176 0.009462972 -0.0069146543 -0.02018872 -0.0036682487 0.009330266 0.007497407 -0.0049717454 -0.044319764 -0.006858673 0.009532989 0.011611459 0.00088465924 0.0002906724 0.004109951 -0.005380284 0.004528977 0.004670887 0.018721605 -0.013824157 0.008384155 0.011245098 -0.012583382 -0.003949885 0.027071793 -0.0021096775 -0.0022356673 0.021006739 -0.0075627714 -0.006230838 0.00018990494 -0.0060929204 -0.0017883463 0.042470727 0.011727694 0.0027192743 0.00080045377 0.026483594 0.0064987754 -0.0037032806 0.008112504 0.008947962 -0.0027028858 0.014906821 -0.0081730485 0.0030120858 -0.010837332 0.009293917 -0.0043242476 -0.0052249003 -0.007838482 0.02063928 -0.002849684 -0.00062138913 0.015749095 0.013702475 -0.016270176 -0.0014912311 -0.012454777 -0.021649282 0.017421072 -0.017316163 0.015088456 0.014081103 -0.00078759587 -0.02615069 0.045057982 -0.009839552 0.01860035 0.0038794444 -0.007394574 -0.005603565 -0.011482271 0.0055350442 -0.0038169876 0.0011988606 -0.008378625 0.0061792484 -0.01626398 0.012987764 0.0066371528 -0.0031386043 -0.015228426 0.005380994 -0.00376104 -0.030437173 0.006948177 0.0032774815 0.00046401276 -0.0038484796 0.011911799 0.0016049843 -0.026855553 -0.01161531 0.008937355 -0.008669856 0.016199613 -0.0096365865 0.0016170627 -0.0043972936 0.0023442176 0.00035620644 0.0033187114 0.0012020741 0.0005434849 -0.0073319543 0.0040392345 -0.0140670445 0.06759365 0.028043449 0.041804306 0.013244274 0.00816141 -0.013011976 0.0047330596 0.0075400667 -0.008114717 -0.030187229 -0.005609744 -0.0011260471 -0.013374243 -0.001810409 0.015792612 -0.0033221855 0.00074596994 0.015242367 -0.02573086 -0.022272116 -0.014880777 0.020731803 0.0076090037 -0.011552189 -0.01287066 0.006742083 -0.005336131 0.0068750633 -0.00989303 -0.0058193803 0.01298329 -0.0010349511 0.010516338 -0.00037269035 -0.01649363 0.004158027 -0.0012089635 0.001782498 0.0036535335 -0.006530215 -0.009142608 0.013113117 0.022481857 0.008036035 0.006307392 -0.028551333 0.011246615 0.006819204
kim nam châm	-0.048619077 -0.02390241 0.020900397 0.020766228 -0.0018408488 -0.022679558 -0.013814598 0.02118357 0.039790146 0.0072344635 -0.00867505 -0.06876775 0.02750781 0.027158566 0.012916551 -0.009003921 0.03165077 0.018780215 0.0072026835 -0.011867735 0.014886046 -0.0033474413 0.01970707 -0.047285497 0.0007876891 0.045762684 0.017696412 0.0034312329 -0.01605156 -0.020556968 -0.0063022957 0.0113265915 -0.033943955 -0.0020721785 0.04576442 0.008537302 -0.032194998 0.031509552 0.010220897 -0.0010534768 0.0088601755 0.011200434 -0.015540852 -0.019337216 0.003684934 -0.009376442 0.021885438 -0.029233873 -0.04809897 0.012708514 -0.078772776 -0.020880012 0.022548234 0.0043212296 0.023192579 0.007014009 0.00402722 0.012582671 -0.0005980439 -0.016050018 0.016747853 -0.011137095 -0.0037406788 -0.0050057913 -0.004456313 -0.025915591 0.00848079 -0.008923157 0.033129923 0.030188924 0.029828716 0.020438712 0.053602085 -0.005615498 0.013720309 0.00073498883 -0.04054522 0.0032626411 0.005619666 0.009641209 0.0050042067 0.023264132 0.0028903743 0.00635165 0.04350612 0.003301748 -0.02755355 0.004497144 0.01036599 -0.020675184 0.02299463 0.010613324 0.021676976 0.010759326 -0.015431244 0.0055804076 0.04812586 -0.0015558668 -0.010793859 0.009759363 0.016876584 0.025170546 -0.0033935152 -0.033336177 -0.019027589 -0.024580728 -0.0019212798 -0.0051551717 -0.011892354 0.0034763613 -0.025985682 -0.004627931 0.02545284 0.0036556735 -0.027466686 0.025705706 0.023893107 -0.016340757 0.031834234 -0.03785017 0.019935086 -0.013487667 0.05400699 -0.051108535 0.00417747 -0.026806349 0.027868027 -0.013230342 -0.021386417 0.025972765 0.018287586 0.010697768 -0.028617358 0.0069100354 -0.03247929 0.040306453 -0.025043355 0.019934215 0.031318706 -0.05564269 0.006259333 -0.028086988 0.035214085 0.005894025 0.031560805 -0.017888369 -0.02756015 0.009326481 0.0012953929 0.06091928 0.013666844 0.010344216 -0.028234411 -0.035050593 0.0051955846 -0.03855527 0.012534669 0.0053961505 0.0050413185 0.020622993 -0.028467821 -0.018563079 0.03912854 -0.014417247 0.03631655 0.078682885 0.009548626 0.025286913 0.013898519 -0.0025381946 -0.011216616 0.039794553 -0.013888466 -0.020554043 0.0076419655 0.016028227 -0.032463845 -0.0067886114 -0.031672623 -0.02329889 0.011060545 0.07385693 -0.021063196 0.004492829 0.018880226 0.01972742 0.015090385 -0.019197863 0.0033333027 -0.0033319062 -0.01911228 -0.041197065 0.03132338 0.0027548366 0.014625246 -0.01337622 -0.010526669 0.03706534 0.031136803 -0.01202743 -0.016977243 0.02945494 -0.010769542 -0.00086371263 -0.017948937 -0.014671805 -0.0050473753 -0.009872968 -0.044767134 -0.017172158 0.019478815 0.003130085 0.019625152 0.031024722 -0.03460077 -0.023003792 0.019822536 -0.016625201 -0.016507087 -0.014219248 0.0016394685 -0.004188213 -0.016051238 0.03685457 -0.032437995 0.009303948 0.010574668 -0.0125271985 -0.04426904 -0.07716889 0.040261336 0.0018202896 -0.015905838 0.032524172 0.00019182563 0.034005202 0.005754165 -0.0017159726 -0.015796833 -0.05205481 0.026738644 0.045857646 -0.010479699 0.014949528 0.03390156 -0.042826846 0.029764062 -0.0010666485 -0.033627305 -0.043733526 -0.022433778 -0.027805168 0.013611631 -0.042257067 0.007167067 0.00383481 -0.045583364 -0.006108506 -0.050916433 0.024064653 0.014511499 0.0034982048 -0.018439276 -0.004418447 0.016375668 -1.5317717e-06 -0.0050458126 -0.05724133 -0.005349633 0.026741266 0.044808 -0.0028544501 -0.008874869 -0.0041938606 -0.004104193 -0.046773776 0.024490893 -0.0087807635 -0.018380674 0.0073904577 -0.027946282 -0.0019287054 0.015226131 -0.0110198455 0.018355222 0.008684451 0.008991806 0.00046854603 0.045328807 -0.019464226 0.019117473 0.020807743 0.039729223 0.0011224219 0.004713639 0.0013919891 -0.020805739 -0.0042091473 0.025755756 -0.0046641733
tăng đường huyết	0.0054491707 -0.003048604 0.032439806 -0.02249341 0.015775906 -0.016963126 0.026086593 0.013514981 0.0095723765 0.017968122 0.0031646437 -0.018859917 0.00047585595 0.005156614 -0.008233693 0.012108805 -0.004458438 -0.0051686717 -0.030086646 -0.0036536423 0.0112026455 0.0039550895 -0.013163731 0.00052521925 0.012741101 -0.014670455 0.0020108658 0.018678496 0.012838824 -0.0012183592 0.024465507 0.0088249035 0.009520963 -0.008993913 -0.0026718986 0.012288201 -0.012083262 0.024570787 0.02712052 -0.008496066 0.007085684 -0.00796399 0.026618496 0.004397649 0.019047031 -0.009519318 0.015368351 -0.029590938 -0.0057910574 -0.013622173 0.013754984 -0.0023584042 0.0041806 0.0017784174 -0.0096398 -0.051518824 -0.041014783 -0.012801053 -0.0073375446 0.018393217 0.017191475 0.0039994805 0.01321862 0.03569103 0.0019321714 -0.0076124067 0.01396134 -0.010005414 0.028703673 0.026651502 -0.010679101 -0.013606465 0.008191815 -0.0047471174 -0.0033445533 0.036967896 -0.014332475 -0.012277083 -0.008718514 -0.0050559756 -0.0104167 0.017160594 -0.010213572 0.007184831 -0.022036225 0.0058123795 -0.025642786 0.008347165 -0.0037128287 0.009343632 0.020700788 0.0092794895 -0.022077812 -0.0063138157 0.006154435 0.012531192 -0.00954952 0.010992991 0.009163268 -0.0018035109 -0.0008895791 0.00122039 0.023070335 -0.030553447 -0.0010170026 -0.027659768 -0.035846584 0.012397632 -0.0030698706 -0.009761685 -0.014454425 0.0035333033 0.0074331826 0.0010388183 -0.014769533 -0.006597755 0.015555632 0.008255397 -0.005855498 -0.029771212 0.020506438 -0.014543837 0.010097114 0.013318741 0.033615075 0.0067051416 0.0025001673 0.0050945813 0.0017340771 0.013121655 -0.010932902 -0.0030149205 -0.0075443694 -0.0016424598 0.015248477 -0.015986126 0.003164997 0.062241826 0.0082232645 0.017724896 -0.0035889521 0.0017539151 0.011618294 0.0045926855 -0.01709414 -0.0026922028 -0.026627254 -0.021261608 -0.026284728 0.01538957 -0.013293172 0.008886277 -0.015877167 0.004182096 0.004273996 0.0072070383 0.01932027 0.014340916 -0.003698951 0.0038710225 0.0028270467 0.023065576 0.031648003 -0.0017444225 -0.013527467 -0.0073542544 -0.025579657 -0.0023974834 0.030136133 0.0059484406 0.016624693 -0.0005338487 -0.013655121 0.0020661675 0.017627954 0.009715536 0.009502432 0.069647744 -0.011621286 0.014043346 0.00817809 0.008099289 0.036685437 -0.014115912 0.020703185 -0.014023996 -0.004443642 0.011966101 0.00021672163 -0.0011123967 -0.02063826 0.03060801 -0.008191002 0.023255037 -0.004070603 -0.010660325 0.019027859 0.0036718396 0.0085596675 0.008640433 -0.00224906 -0.02426801 -0.00926068 -0.00061890116 -0.008077082 -0.0050080568 -0.006660084 0.016727924 0.012733759 -0.032331012 0.026964845 0.0043233256 0.0004473504 0.016846148 0.013082178 -0.029646436 0.00019633876 -0.002609205 -0.0031872664 0.0017514697 0.010332818 0.0020093264 -0.006759301 0.0010556694 0.006916278 -0.0004903195 -0.002495076 -0.018526863 0.029172787 -0.034412574 0.011778631 -0.0006304762 -0.010874344 0.0055798716 0.015230355 -0.0051828437 -0.040858615 -0.010805159 0.016938712 -0.021055734 0.0136813875 0.0023226894 -0.020555317 -0.02591509 -0.006922153 0.002146989 -0.006319258 -0.028931316 0.013245466 -0.013235931 0.007511364 -0.0009776644 0.011440926 0.009790109 0.041882537 0.0017993512 -0.0014825471 -0.013698704 -0.009537997 0.015210965 -0.014693451 -0.007088112 -0.032321535 0.011286265 -0.016768854 -0.031292576 0.0013668564 -0.017332533 0.0032829738 0.020065205 -0.01847581 -0.014189833 -0.022824004 0.0047474587 0.022750292 -0.008718004 -0.021990642 -0.005348168 -0.026728692 -0.00021752503 -0.025512138 -0.0040353634 0.027204389 -0.010522379 -0.001773891 -0.013988474 -0.027629375 -0.0029042107 0.00805004 -0.0020094845 0.004276726 -0.004610316 -0.012191194 0.012840642 0.014641366 0.008666987 0.0068617137 -0.05158333 -0.0074788486 0.022237075
bắn tên lửa	0.0030465904 -0.039971065 0.022386 0.0218637 0.029526452 -0.005432724 0.025179867 0.009796925 -0.014266512 0.025523428 -0.00069429976 -0.0071845427 0.02036477 0.028950937 0.004763537 0.004680211 -0.015719453 -0.0014678352 -0.048268665 0.016183112 0.023541585 0.004047187 -0.017253585 0.01924569 -0.0039753 -0.013664488 0.03466273 0.020758042 0.041691124 -0.033943158 0.025615595 -0.0012480549 -0.011615521 -0.05096388 0.02363405 0.0031703352 -0.05702751 0.022351677 0.024620052 0.018249609 -0.0032805863 -0.012942005 0.06116054 0.0022113456 0.0026691062 -0.0040030014 -0.01833754 -0.012453917 -0.037878126 -0.0101636965 -0.008107594 0.0030955735 -0.015381295 -0.026705557 0.004856118 -0.06042862 -0.029523697 -0.00027925769 -0.033160005 -0.013104009 0.0014485823 -0.002854853 0.0171858 -0.034631636 0.002741323 -0.035091266 0.00858343 -0.029376708 0.028705968 -0.0117374165 0.03913777 0.0033426378 0.029777726 0.014213379 -0.010023514 0.02663315 0.002057018 -0.040501647 -0.027436625 0.0016823092 -0.050152592 0.026997577 -0.04218155 -0.019366767 -0.007318518 0.05303361 0.0018643183 0.0038386744 0.044535387 0.02871974 -0.0050140996 -0.021337304 -0.005648113 0.018134363 -0.032991186 -0.007275415 -0.024210272 -0.004939755 0.0133732725 0.0062737954 0.026359359 -0.008924871 -0.0018613363 -0.039283264 0.019360589 -0.046025243 -0.028962824 -0.006694494 0.001911785 0.003007635 -0.05002186 0.0011163088 -0.027435299 0.008101301 -0.010985937 -0.0065713646 0.0022881897 -0.02306374 -0.01809176 -0.01755896 0.008823195 -0.02355393 0.029985646 -0.010072949 -0.010751825 0.014755193 0.01872411 -0.023414718 -0.018209316 -0.006384833 -0.00352677 -0.037609346 -0.0034247336 0.0024165793 0.038128722 -0.0072319317 -0.013588096 0.060151193 -0.00035128143 0.025696136 0.01480159 -0.013913383 -0.003779201 0.025174646 -0.034966066 -0.013342716 -0.006193107 -0.040387224 0.0018730917 0.007978827 0.0032121944 0.008438765 -0.021634312 -0.0114570325 0.002369464 0.014015249 0.008888355 -0.043760244 -0.005726851 0.008542457 0.031278342 0.014222552 0.016940428 0.03193366 -0.031255364 0.036944102 0.025091209 -0.008256767 -0.008899273 -0.002391356 -0.0020660711 0.0034825446 -0.007004339 -0.018357188 0.015307003 0.016576968 -0.024266427 0.010534702 0.0034346608 -0.015685711 0.013291407 0.0033054755 0.047811087 -0.007904778 -0.005436097 -0.027064636 -0.013015007 0.002797054 0.032632273 0.0071955193 -0.06831036 0.044435278 0.0050970484 -0.004969836 0.03476133 0.054860335 0.017314155 -0.009027917 0.021164509 0.013519723 -0.0062025143 0.019953836 -0.0072039547 -0.027074143 -0.009027594 0.01761406 0.016992323 0.017519863 -0.018091701 -0.004133934 0.06565347 -0.024207924 0.013656575 -0.013297913 0.0061083706 0.0021372056 0.003126604 0.03469072 0.007839938 -0.020294033 -0.008333598 -0.0018528667 -0.0287972 0.046412434 0.0063070552 -0.018106068 0.012414593 -0.004225207 0.03175954 -0.065163404 -0.008412394 0.0025061918 -0.0011669864 0.01736417 0.012114315 0.03632168 0.008813364 0.041478667 0.0076072514 -0.019871611 0.04840675 0.0031087068 -0.03688558 -0.01678766 -0.0041745687 -0.015899355 -0.022792157 -0.00465009 0.0023257015 -0.01901855 0.047978595 0.0041163447 0.025808467 0.026821604 0.040263686 -0.01983807 -0.0071507106 -0.024071313 0.01626316 0.010803324 -0.01616163 -0.009784313 -0.042238243 -0.011604498 -0.026230427 -0.005395443 0.0038495536 -0.012711454 0.021491315 0.03728044 -0.0018155227 -0.047065336 -0.03243342 0.023646353 0.017701607 0.0050519807 -0.016564753 0.045442693 -0.0042186533 -0.016761625 0.00066647015 -0.014790322 0.018482782 0.009589102 -0.0038198654 0.0017177173 -0.028785054 -0.05261985 -0.0030760665 0.02108648 -0.015108362 0.0009242992 0.008412999 0.003254272 -0.00956059 -0.0042845677 0.013092801 0.018119205 -0.021472506 0.0046206336
hệ thống chăm sóc sức khỏe	-0.0049467455 -0.0011044209 0.017946167 0.01091011 0.0036249796 -0.015173496 -0.009071189 0.00018325601 0.00806949 -0.011865322 0.005889677 0.002909457 -0.0012136088 -0.0014387532 0.0078968 0.0052310484 0.0051359027 -0.005393941 -0.009680725 0.004597449 0.0032652847 0.004119536 -0.008552871 0.0012917583 0.01291107 -0.003248439 -0.0055855555 0.007970714 0.0130586885 0.0021126799 -0.001851749 -0.007867449 0.01713055 -0.020535834 0.0040132385 0.015062249 -0.008075684 -0.0030069463 0.0135172 -0.012052064 -0.0020525153 -0.005113341 0.029432295 0.011091448 -0.0010742958 0.0017371807 0.011186755 -0.001293533 -0.0016812584 0.0012805611 0.0067044795 -0.0010511901 -0.007581974 0.011775325 0.0011651883 -0.021987418 -0.0152534405 0.018049868 0.011594196 -0.0021407886 0.0022439116 -0.0039167204 -0.0014086991 -0.00033786532 -0.0026444437 0.0025939688 0.009930529 -0.004859054 0.03215326 0.0072702467 -0.013721884 0.01274491 0.0031483078 -0.009024026 0.0077267042 0.015627755 -0.008400618 -0.0004877051 -0.00478881 0.00548226 0.0047328677 0.0009021818 -0.004192101 -0.0035812147 -0.009332484 -0.013154087 0.008653817 0.005982093 0.0039636213 0.0101144565 -0.01580665 -0.004768802 -0.0035536217 0.00024340294 0.0065685343 0.004276661 0.002368916 0.00988339 -1.756552e-05 0.0022972003 -0.0066771996 -0.005762297 -0.0045528035 -0.0012580097 -0.0090418765 0.0140451975 -0.0016108416 0.0006967233 0.0010849879 -0.0031306276 0.0058853566 0.011873226 0.0035118992 0.007727126 0.0009529532 -0.005301108 0.014972709 0.008499634 0.004706022 -0.027386146 -0.007483413 -0.0032443844 -0.00025255073 0.0058487244 0.00055708544 0.006560181 -0.0063166325 0.011041558 0.006114373 0.004441503 0.008122682 -0.0027475997 0.0050050416 -0.0007627081 0.0020140402 -0.010855024 -0.003426751 0.020274037 0.0025985548 -0.017042203 -0.005306356 0.003078269 -0.017654805 -0.0073223473 -0.008678511 0.0044429647 0.001957005 -0.0244739 -0.012495391 0.014647606 0.006210321 -0.012502612 -0.017566426 0.0033315008 -0.017559765 0.004685022 0.007132925 -0.020408014 -0.005563826 0.004100972 0.0055848975 -0.005277509 0.0003650433 -0.013574131 -0.00081056386 0.015827278 0.0014984488 -0.003906641 0.0063451473 -0.00096732756 0.004921961 0.00023459997 -0.0048606447 0.0011004187 -0.0010594026 0.0012087759 -0.00023156292 0.0057945135 -0.0017121941 -0.0005265871 0.0029017765 0.00539216 0.0099416245 0.0070924885 -0.0039423225 -0.009098278 -0.005045861 0.0022786257 0.0035331238 -0.0027973459 -0.009438307 0.0037740988 -0.010254481 0.011723332 -0.005228685 0.009111778 -0.013942495 -0.015586212 0.006149717 0.005098566 0.0014249288 -0.00091511715 0.0030540342 0.0076653566 -0.015012066 0.0040777302 0.006360669 0.002927888 -0.014330491 -0.010121523 0.01628165 0.003311514 -0.008673202 0.0064984546 0.007826944 -0.0076139183 -0.0035665138 0.004399954 0.015636124 0.017360821 -0.0054672486 0.007849776 -0.0020220669 0.0020806612 -0.0052997977 0.004039741 -0.018353652 -0.006185217 0.011784199 -0.019365868 8.4421015e-05 0.014130791 -0.0024616574 0.013228516 -0.012434869 -0.0025818544 -0.011155286 0.0004219074 -0.0006111172 0.0029525661 0.016632384 0.002362067 -0.010146542 -0.0040172753 0.00893061 -0.0012156776 0.0030908703 -0.0021955154 -0.00920299 -0.008486351 -0.0008061435 -0.003532324 0.008922996 -0.00019283967 -0.007517375 0.005210636 -0.004025126 0.041155722 0.0011240233 -0.013228323 -0.012377876 -0.0002480799 -0.016536707 0.008857865 -0.0009279002 -0.010130647 0.004527031 0.0023389794 -0.009877912 0.0022065425 0.0010721597 -0.0017814167 -0.010585744 -0.006407112 0.008740001 -0.014628336 -0.0035049424 0.0002918792 0.0018913606 0.00299475 0.003719867 -0.0072307275 0.0026307649 -2.7604046e-05 0.001802396 -0.012055274 -0.0072992374 -0.017952688 -0.00013278681 -0.008583874 -0.010956784 0.00029472742 0.007756121 0.009315693 0.01854206 0.010816601 0.0019526455 -0.034372743 0.0005585949 -0.007896231
Nghiệm pháp dây thắt	0.0044101174 -0.009807991 0.025464127 0.013885661 0.0066616936 -0.0026225576 -0.0034157608 -0.004226902 0.014216621 0.02419544 0.01964971 -0.028746923 0.011285949 -0.0051761526 -0.011971606 0.011880341 -0.0010353103 -0.01018941 -0.017680684 -0.0022107544 0.017593553 0.00083589763 -0.00030412193 0.0039898106 -0.007899041 -0.0046746354 0.015972797 -0.013266331 0.0153230615 8.149279e-05 0.01594738 -0.016654689 0.0003828904 -0.010753503 0.006951252 -0.00024939555 -0.0061375243 0.002082431 0.01131437 0.002584233 0.0011742477 -0.007989332 0.030593839 -0.009632732 -0.011611048 -0.0014872825 -0.008159445 -0.022040555 0.0026020731 0.008374229 0.0050745313 -0.008364725 -0.014889593 0.0020962823 0.00031675232 0.0029077795 -0.011661146 -0.0075927395 0.00025052342 0.0071962974 0.0119513795 0.0064907707 0.005112923 -0.011305736 0.0012451216 0.00027289434 -0.0059298724 -0.020601967 0.014924895 0.024171043 -0.009069871 0.011730041 0.01693147 0.017711796 -0.018097907 -0.00096345774 -0.01398548 -0.01510088 -0.0025728887 0.0072036535 -0.012968367 -0.017911987 -0.031720143 -0.008674325 -0.036060527 -0.0034403687 -0.017696537 -0.0022504458 -0.00037971698 0.01913989 0.0111464225 -0.006733727 0.011604497 0.01515365 0.0038598264 -0.003856768 0.005804999 -0.0016968735 -0.016047634 -0.004697938 -0.037641477 0.0033025928 -0.0023680723 -0.0011694259 -0.01548623 -0.019660022 0.012765593 -0.0075039095 -0.018192956 -0.029439744 -0.007411166 -0.011105482 0.016344272 0.031914957 -0.0028730782 0.00658102 -0.004525127 -0.008231629 0.001991133 -0.025310831 0.016049862 -0.017626202 0.007197202 0.013124806 0.0031909915 -0.014173333 0.0037574593 -0.0032342311 -0.0023115096 0.007845605 -0.013014805 0.004273277 0.000377321 -0.007543022 -0.010539348 7.258604e-05 0.0038989228 0.03340321 -0.012244035 0.012358759 0.0022560086 0.0026493068 0.018839143 -0.006579937 -0.006249001 -0.0075099897 -0.0011944448 0.017617537 0.0038628834 0.011925101 -0.003906944 0.0016691596 -0.014055055 -0.01659429 -0.0023977682 -0.0015869269 0.014015894 0.002951661 -0.012836988 0.008409234 -0.012406398 0.021264957 -0.0037994732 -0.011853914 0.005589628 -0.00526585 0.00055609085 -0.018421618 0.0192601 0.0064289947 -0.0012348539 0.011015873 0.003756168 -0.0033448944 -0.0029167244 0.013335339 0.0024494883 4.24799e-05 -0.0090071615 -0.01351957 0.00028416867 -0.008156519 0.00038309974 0.010031051 0.0047036274 -0.0069220103 -0.014992292 -0.004185244 -0.007996444 0.0019098092 -0.011250339 -0.010919441 0.0012448867 0.00017400582 -0.00059826195 -0.0074402625 0.004613411 0.008593366 -0.00036258443 -0.004583448 -0.019820822 -0.0074551115 -0.010955352 0.013081263 -0.0023098178 0.016643308 0.0063159824 0.021073155 -0.015187088 -0.02055633 0.012013168 -0.00044377748 0.02945898 -0.0068420055 0.013854939 -0.033799455 -0.0044841385 0.011672889 -0.0012476771 -0.008846651 -0.005421731 -0.0016985248 -0.005612943 0.026830608 -0.010527083 0.003365519 -0.005066283 0.0028509204 0.00377777 -0.03875443 0.001343878 -0.004318889 -0.02288726 -0.014887467 0.008647718 0.009086054 -0.013729252 0.014757991 0.024409415 -0.005524716 0.04034788 0.002110627 -0.008447625 -0.0034542286 -0.018846177 -0.013318662 -0.0048204055 -0.009596871 0.014859723 0.0035203 -0.0099015795 0.005772211 0.00664055 -0.0017545851 0.032905653 -0.011811799 -0.005560659 0.03332069 -0.0011781371 0.004470919 -0.01766418 -0.012998794 -0.015984906 0.014207859 -0.0070720264 0.016119743 -0.0046717897 0.006377139 -0.011863885 0.015741197 -0.015986037 0.0022243643 -0.007030853 -0.00041316135 0.005708534 0.007406599 0.0072521693 0.020397447 -0.007599857 0.012576427 0.003369514 -0.0030958778 0.012084718 0.0036844255 0.00018744491 -0.0065672197 -0.019452337 -0.0012385398 0.008601116 -0.0046304786 0.010501578 0.00455271 -0.00823386 -0.015204575 0.018087436 -0.004015598 0.013487577 0.0015354255 0.0051044174 0.011341401
đa dạng hoá	-0.0075620175 -0.014720863 0.055851854 0.045948096 -0.013268456 -0.0076101706 0.014571426 -0.016113266 0.08890546 -0.01277519 0.0062824674 0.0019234046 -0.012181834 -0.017785218 -0.0010702685 0.035247102 -0.01487405 -0.028912658 -0.057011545 0.01126796 0.009021303 0.013568928 -0.004379674 0.00023514256 0.013294334 -0.03290176 0.022778131 0.0022799938 -0.027149463 0.003886588 -0.009377899 -0.017992193 0.00577531 -0.07182061 0.044256024 -0.039048657 -0.0035775683 0.008601664 -0.0011336028 0.0010371478 -0.010009225 -0.026148224 0.011694031 -0.011880516 0.00029846764 0.002967411 0.02435005 -0.014862696 0.038832627 0.003371977 -0.017364461 -0.0031513497 0.017845418 -0.020924043 -0.022464842 -0.039651655 -0.04736672 0.03598517 -0.019226037 -0.0017431162 0.0137624685 0.04754337 0.0041276654 -0.00012229569 0.009583907 0.011045433 0.0032334633 -0.036923964 0.034286063 0.02021 -0.026866322 0.005438354 -0.036198847 -0.0052917795 -0.034315698 -0.015417611 0.0066118175 -0.009952617 0.021350782 -0.03137458 -0.012616105 0.01634497 -0.039070792 -0.0027922995 -0.027760755 0.028456211 -0.007336419 0.0031004976 -0.016990438 -0.016732275 -0.003976694 0.048819296 -9.5405805e-05 0.0059693987 0.0014278315 0.008760378 -0.008863388 0.018139938 -0.008274126 0.011839388 0.0057852156 -0.019913845 -0.0056005274 -0.031995337 0.017698001 -0.047553368 0.011138546 0.03664804 -0.0044583622 0.011164002 -0.039470363 0.007880041 -0.008459786 -0.008684358 0.009135535 -0.010644895 0.019394517 0.013809534 0.01704392 -0.033291657 0.031966835 -0.010457006 -0.0051170224 -0.010023142 0.040610224 0.011336716 0.012389561 0.035953876 0.04432836 -0.00020559113 -0.011773758 -0.026333883 -0.018967923 0.0059367055 0.017414879 0.019021329 0.028575335 0.06513728 -0.0039087688 -0.015225564 -0.004250525 -0.018926565 -0.03404654 -0.012953554 0.034818966 -0.007507661 0.005942577 -0.00076268316 -0.03853979 0.015924694 -0.034059335 -0.024506683 -0.00617917 -0.013070238 0.0011776801 0.007962408 -0.021380017 -0.02436902 0.039508544 -0.005727389 -0.0097645065 -0.021198716 -0.021365581 -0.011704367 -0.010004508 0.059366465 -0.002251513 0.011854451 -0.025562396 0.0013374335 0.020471403 0.0012616401 0.025648702 0.013066666 -0.005955497 -0.0026665418 0.041628987 0.037105687 -0.017044907 0.044704355 -0.011854422 -0.001499176 0.036046732 -0.010782013 0.037801817 -0.026454812 -0.00046841838 -0.0055190646 -0.013235211 -0.00079846085 -0.015613243 0.008518095 -0.028818002 -0.012638156 -0.012602138 0.008546377 -0.0002737351 0.00040951426 0.031578537 0.015394403 0.003318403 0.012899622 0.022124087 0.022910997 0.030225595 -0.005173672 -0.0038988783 0.045955483 0.018343177 0.011610961 -0.0075096437 -0.02542999 0.027232964 -0.04211251 -0.025726229 0.0005702997 -0.008315625 0.011967577 0.011413166 -0.0060067014 -0.0034606203 0.03667571 0.002967496 -0.014493531 -0.0036262511 -0.006619333 -0.0722234 -0.0130143715 -0.01988944 -0.062400073 0.02779437 -0.0075066565 -0.002804365 0.011536178 -0.008842012 0.0042206813 0.023920462 0.0014069744 0.0052355574 -0.005411812 -0.0023950182 0.010861033 0.007997537 0.048238806 -0.031588417 -0.04070241 -0.012766835 0.018339535 0.0029464946 -0.029468054 0.021966137 -0.028905746 0.0063149333 -0.018122777 0.039008718 0.0279107 0.020110365 0.06066965 -0.001954558 -0.020085873 0.007921781 -0.008238232 0.015448347 0.010440452 0.013935765 0.0076021403 -0.035670586 -0.052569937 -0.015706657 -0.041475628 -0.0399222 0.047646068 -0.024794236 -0.01024091 -0.015443079 -0.04377703 0.025932709 -0.021528319 -0.05111078 0.014171076 -0.029994756 -0.007173282 0.061784405 0.016046625 0.0027623477 0.0029825666 -0.0031395718 -0.011293212 -0.025210455 0.0126129 -0.0047950624 -0.03698294 0.008123731 -0.030866798 0.014815813 -0.007403183 0.034227133 -0.049560823 -0.044191167 -0.0026165142
tế bào sinh dưỡng	-0.002641212 -0.034080468 0.04255453 -0.013128434 -0.0077341227 -0.012002588 0.020221505 0.0072146063 0.019379282 0.027174316 -0.00962965 -0.022236863 -0.00751173 0.028016647 -0.013113118 0.012161659 0.016130975 -0.010184963 -0.0162875 0.00020136585 -0.010329449 0.005454348 -0.015526522 0.011294591 -0.0057981997 -0.005304796 0.00043031425 -0.00071701856 -0.0004028788 0.0029712669 0.0039919144 -0.009603047 0.007348131 -0.012061966 0.015880793 0.009187684 0.0053049535 -0.0021614288 0.036916334 0.010832588 -0.007442422 -0.0031255693 0.0463938 0.004229934 0.026886584 -0.0055738897 -0.0041641304 -0.016746152 0.010359699 0.0019861895 -0.0030103088 0.011270552 -0.0070135393 0.014163003 -0.02407124 -0.047251794 -0.03150889 -0.005523805 -0.0057269097 0.0070914933 0.0010247084 0.004621606 0.03101922 -0.021557907 -0.0027751813 0.0011866956 -0.005376451 0.0017438234 0.056556035 0.013253128 -0.00033034658 0.0068194913 0.017000811 0.008182819 0.009620478 0.022645477 -0.03805771 -0.0007491205 0.004738746 -0.008208489 -0.02229078 0.003165419 -0.031962473 0.0012102847 -0.005512299 -0.0005410234 -0.021468617 0.018007338 -0.007061329 0.015738675 0.016545942 -0.030575786 -0.010152679 0.019629398 0.005341479 0.0072017 -0.0055009485 0.0030208079 0.0016329574 -0.010768529 -0.018316595 -0.003010734 0.0005386586 -0.023971137 -0.015640188 -0.028606309 -0.0096654575 0.0010293106 -0.011081095 -0.007197987 -0.009747889 0.021103574 0.0024025792 -0.008999306 -0.0022423207 0.0042478433 -0.00357364 0.008201941 0.0065065823 -0.03497902 0.017130345 -0.0051217214 0.03245276 -0.00072124624 0.007698032 0.0063378266 0.010513585 -0.004059539 -0.010530337 -0.005958612 -0.008495694 -0.022228546 0.011604144 0.013351112 0.0235902 -0.020205589 -0.013902129 0.024421327 -0.013957039 -0.0025026274 0.014904803 0.0015980152 0.023696028 0.010300011 -0.017428663 0.008804244 -0.012881929 -0.0207815 -0.021459805 0.005994795 0.0071214074 -0.010822284 -0.042536058 -0.016928582 0.0015276427 0.012370585 0.013643447 -0.009173751 0.011026328 -0.01656262 -0.004647434 0.014087877 0.016752934 -0.008101653 -0.014685982 0.008030788 -0.017841136 -0.00887221 0.039074864 -0.01112963 -0.014857843 0.012797708 0.0034515301 -0.0013068395 -0.007594842 -0.011066046 -0.0039013578 -0.010126984 -0.0072910436 0.0047967015 0.009474117 0.020201858 0.012292651 -0.016348429 0.0060811862 -0.016290996 0.004398461 0.008500093 -0.0020582317 -0.002536037 -0.039358363 0.030862372 -0.02793366 0.012426641 0.00032628377 0.04176595 -0.009245182 0.0054813377 0.010766913 0.01726439 -0.018294334 -0.002152057 -0.009854421 -0.0020259381 0.0064701275 -0.004629895 -0.008219878 0.023703264 -0.011728527 -0.035119824 0.04672282 -0.006449538 -0.030019313 0.003494359 0.012135505 -0.017571714 -0.0013055839 0.021867195 0.019061038 0.0005100297 -0.005990716 0.004144639 -0.021407818 0.019802935 0.015745658 0.00658393 -0.018933484 0.002444469 0.012828157 -0.05089973 0.01837152 0.0027709207 -0.002551742 0.0035963557 0.002910712 -0.0015138934 -0.013228782 0.007052722 0.014266293 -0.015900636 0.021384438 0.010365337 -0.015250591 -0.014093655 0.0070349113 -0.00023849607 -0.0003532057 -0.016975857 6.9671376e-05 -0.032398984 0.0105883945 -0.003655506 0.070693865 0.014879371 0.07692396 -0.0062163007 0.008220883 -0.016993288 -0.008953963 0.00042450143 -0.025342476 -0.015086414 -0.036137875 0.026692597 -0.005826889 0.017504176 0.006263206 -0.018052375 -0.0043433816 0.017587112 -0.013456375 -0.005200269 -0.022765798 0.0050292476 0.016560724 0.0058898544 0.016154887 0.028036384 -0.0023852186 0.019932987 -0.0036132024 -0.0012444898 0.013208051 0.012697178 0.00087825855 -0.0034621914 -0.03250588 -0.01901012 -0.010582129 -0.007412745 -0.008590798 -0.006244567 0.019502873 0.006610599 0.023713022 -0.00017260046 0.007352581 -0.029331358 0.019656423 -0.0011226938
Lạc nội mạc trong tử cung	-0.016688976 -0.018232282 -0.01728336 0.0054626386 0.007004561 -0.0013592441 0.0016143866 0.016193742 0.0010024736 0.02622296 0.013180023 -0.008673456 -0.0005927724 0.00030273685 -0.00026119564 0.012211872 -0.0033091397 0.00804649 -0.015371579 -0.0029425728 0.016642645 0.0032564227 -0.003880818 0.0127376355 0.005038683 -0.02189748 0.0019103045 -0.006308244 0.011007547 -0.016666753 0.022941276 -0.003086144 0.005135159 -0.011188769 0.021607848 -0.00965405 -0.006287995 0.021808883 0.025802938 0.016069524 -0.0046414267 0.0033563555 0.01411166 0.0005702323 0.0057662423 0.009441421 -0.006265566 -0.0039424775 0.0074315355 -0.011348611 -0.012172708 -0.0028970107 -0.006017127 -0.0078147845 -0.018409114 -0.033910055 -0.028388262 -0.0034118972 -0.0042668628 0.0018261645 -0.004803428 -8.649581e-05 0.006559792 -0.012314433 -0.0025730834 -0.0067376858 0.0051305285 -0.0025235247 0.020671668 0.01067762 -0.001072762 0.009096658 0.01202578 -0.015128077 -0.004210493 -0.00081870804 -0.020539707 -0.01091084 -0.008167168 -0.0025839475 -0.025739456 -0.0001094134 -0.0022690846 0.00077266956 -0.014468507 0.03242663 -0.014392824 0.010345148 0.0016407168 0.035141386 0.0030168612 0.0011396239 -0.011908942 -0.016187033 -0.009713195 -0.0061692684 -0.0016721372 -0.0081733335 0.009254366 0.011413169 -0.019913984 0.0067764814 -0.003863539 -0.0069196885 -0.004212383 -0.034435105 -0.016354632 0.004316871 0.008173941 -0.006332165 -0.006499191 -0.0028874744 0.004718974 -0.008743408 -0.013995399 -0.0012081416 0.009289596 -0.009920608 0.00349513 -0.004811864 0.012185253 -0.008279539 0.0130068995 0.0058724196 0.015680142 -0.007724788 0.007979091 -0.02009101 -0.004868407 0.022823712 -0.0021240632 0.0015344892 -0.0047006146 0.013208982 0.0003619628 -0.026161855 -0.02397051 0.03763872 -3.4334218e-05 0.010111411 0.012116148 0.0005134681 0.004554042 0.0014800151 -0.020396125 -0.007983833 -0.015221077 -0.025029648 -0.005564123 0.0037112583 0.0014529824 -0.02085501 -0.03302121 -0.006957528 0.0017362726 0.00027162168 0.016913353 0.0071257316 -0.013845887 0.022812983 0.0038046255 -0.010681554 0.012175915 0.0032876662 -0.0010896343 0.0070789224 0.004699043 -0.0040026987 0.0108473 0.01961777 -0.0034375396 0.009353307 0.012423065 -0.014900508 0.0028545533 0.0015481904 0.0033547657 0.00819596 -0.0035017051 0.004244296 -0.001131859 0.008466979 0.0030338557 0.00977447 0.018123927 0.016398285 -0.0033776993 0.0045713354 -0.010651718 -0.013805327 -0.020774435 0.0004243449 -0.005710002 0.0060846754 4.8596736e-05 -0.008265737 0.022548702 0.016378893 0.003489509 0.010369832 -0.01910233 -0.030585183 -0.013121482 -0.0113053555 -0.0006356132 -0.017412443 0.008077246 0.0155956885 -0.011100984 -0.022594905 0.047276843 0.0053576687 0.03682695 0.0070071006 -0.018600544 -0.020012215 -0.0010956067 -0.003438664 -0.007718242 -0.010171914 0.0035356116 0.023140358 -0.008253629 0.0064685843 0.0075987843 -0.01230225 0.0033222854 -0.009564174 -0.0026158215 -0.048179414 0.004759273 0.011902082 0.006099509 0.0015505209 0.029355124 0.009979761 -0.010758947 -0.0006543361 0.0019066577 -0.00796311 0.009209856 0.010560429 -0.003927338 -0.01738081 -0.0028457495 0.011701751 -0.0012826317 -0.011047313 0.012581272 0.0031488643 -0.014969809 0.00023838812 0.02301089 0.0031420437 0.055454124 -0.032833584 0.02503095 0.015434789 -0.0026610284 -0.0021109658 -0.03741618 0.00015299462 -0.029837286 0.0132058 -0.0010628813 0.015383956 0.0108755985 -0.0035862275 0.000144582 0.016221236 0.0033436336 -0.01727059 -0.0037694613 0.0023750693 0.01041069 0.00051404064 -0.015100546 -0.0029388096 -0.014931384 0.016534507 -0.012806655 -0.021599755 0.023277285 0.0071024513 0.01020499 0.0073622386 -0.034264833 0.005283164 -0.0037916757 -0.008102424 -9.425324e-05 0.0009479432 0.002269089 -0.009064756 0.012486978 -0.029089158 -0.0030515261 0.0051980508 -0.0010413043 0.005707709
Cân bằng sinh thái	-0.009111112 0.01046371 -0.006706624 -0.015822722 0.0054060644 -0.010907854 -0.007527132 0.010106604 0.0009746216 0.012122242 -0.029704146 -0.022008007 0.0040914444 0.00065523037 0.010316094 0.041329272 0.002612073 0.0025176792 -0.01079467 0.029982513 0.01589107 0.0074547734 -0.0002729087 0.007882332 -0.007924864 0.009935349 0.014925595 0.0013337499 0.008711504 0.014500001 -0.002117074 -0.016132636 -0.01281431 -0.023181323 0.028264463 0.011612697 -0.041221656 0.008526254 0.024989123 0.0033267806 0.0096067935 -0.014588755 0.030898007 0.006966395 -0.010305943 -0.0014392072 -0.0038143015 -0.010543572 0.007123872 -0.007430083 -0.011502075 -0.0008377965 0.00087699713 -0.02352722 -0.0072689196 0.018279934 -0.033456672 -0.0014585665 0.005275206 7.7877194e-05 -0.016368087 -0.0018913227 0.018878454 -0.06514547 0.018115273 -0.007704051 -0.017176678 -0.020390542 0.08741876 -0.0029705216 0.00036671897 -0.009368127 0.04027797 0.026450502 0.009291273 0.05285283 -0.021499706 -0.01903141 -0.0024146568 -0.01335346 -0.020109626 -0.0012780002 -0.027243461 0.0032023862 -0.0028763423 0.012606669 -0.025487687 0.015163161 0.0009350809 0.014895785 -0.020586414 0.0053127967 0.0047780755 0.0105565535 -0.018902905 -0.008667596 -0.021804806 0.016391471 -0.0035024567 -0.010211034 -0.017054627 0.0047265883 0.0034255679 -0.022270923 -0.01962301 -0.019165106 -0.006113389 0.02958342 -0.010782677 0.00698504 0.008559457 -0.014049016 0.013586667 0.014898824 -0.0008474951 0.016458994 0.010672447 -0.016561365 0.029393923 -0.039254718 0.032011516 -0.0026072778 0.032109715 0.016005263 0.005035614 0.0029390552 -0.00036505796 0.006262464 0.0013762508 -0.0061532333 0.0026535038 -0.0015852086 -0.0007372295 0.020933434 0.004528509 -0.013106987 -0.017281618 0.059310585 -0.018247817 -0.004013489 0.018409796 0.008447601 -0.013887968 -0.0043730373 -0.007801877 -0.013528352 -0.02051662 -0.024697147 -0.015052301 0.010134371 0.0005354446 -0.012020077 -0.033728376 -0.013119901 -0.012810282 -0.007466511 0.029161228 -0.0015280801 -0.005595437 0.011613881 -0.007941575 -0.002644637 0.018898189 -0.0029553878 -0.010703416 0.0047263787 -0.0019788863 -0.027953085 0.021380851 -0.008722806 -0.01190138 0.0003837347 -0.012226675 -0.0034088527 -0.009750327 0.0005652148 0.008981278 -0.03342059 -0.011750197 -0.0053794933 0.019552749 0.02163329 -0.009350239 0.006653837 0.009788027 0.00050047366 0.013658508 -0.0057831346 -3.0761585e-05 -0.0035526347 -0.02598588 -0.00968306 -0.028779646 0.005553242 -0.004267511 0.02674784 -0.018698988 -0.009118578 0.046040043 0.014952107 -0.021454208 0.00097651174 0.006196383 -0.010441864 0.0011186714 0.0006642891 -0.001102255 0.0012289658 0.00039297156 -0.01270449 0.025036857 -0.004782985 -0.0039592404 0.0071393102 0.014250505 -0.033020154 -0.0040838066 0.024956029 0.010566565 -0.008396925 0.0039241165 0.021937434 0.0032920495 0.009515715 0.0105889235 -0.014407609 0.0017918132 -0.0039755413 0.0027452535 -0.05067589 0.0073261745 0.017412174 -0.0043301424 0.002200837 -0.009272449 0.0025145551 -0.012489923 0.018671928 0.017138772 -0.007645026 0.017485516 0.009501373 -0.020657036 -0.0037224682 0.0013203047 0.0005608076 0.010795413 -0.009685218 -0.012050201 -0.004411904 0.008191149 0.0010609552 0.06514399 -0.021973317 0.06332413 0.0016561546 0.003967944 0.0118564665 0.006630541 0.0053006457 -0.019664166 -0.01890315 -0.03476115 0.015246053 -0.0033412706 0.028233537 -0.0011665573 -0.00907057 0.0029410487 0.013639911 -0.02945038 -0.01729919 -0.028158652 0.013214609 0.017379714 0.0012463601 0.004363596 0.023454873 0.002372289 0.002570889 -0.007825516 -0.01543358 0.034520645 -0.013834975 0.017537683 0.005804219 -0.025734806 0.0005814608 -0.02774761 -0.0007741011 -0.016396409 -0.01527174 0.0057766 -0.009879664 0.019740878 0.008186909 0.0064442074 0.061522163 -0.010325651 0.013339959
nhiễm độc nước	0.009918161 -0.0065246318 0.053017814 -0.013459802 -0.016769383 -0.01845478 0.020058883 0.016251015 -0.0014624167 0.016442703 -0.010971781 -0.011177138 -0.014325395 0.024013385 0.0011080703 -0.0039521116 0.0022315728 0.012127955 -0.025205223 0.0020673173 0.0006858359 -0.0043188375 0.010398899 -0.0061138817 0.0061177383 -0.029159248 -0.016593331 0.0028968153 0.03470957 -0.019384542 -0.00990394 -0.00758711 0.007618779 -0.009466567 0.0062277224 0.01863357 -0.039259072 0.00258326 -0.0035634588 -0.023141325 0.004478811 -0.0067695007 0.036137965 -0.013623306 -0.02281867 -0.010621971 -0.0037572721 0.0060308944 -0.00413361 0.007977922 -0.010558053 0.003898679 -0.018244945 0.0027571435 -0.028060852 -0.048652265 -0.020800686 -0.007678447 -0.0038796996 -0.0048812455 -0.010840227 -0.002398112 -0.0037787717 0.004082624 0.0037431233 -0.0116366865 -0.002745704 -0.0009172335 0.06615778 0.009769503 -0.004429409 -0.0067736693 0.03960154 -0.0038762863 -0.0060001635 0.009105939 -0.009873875 0.014421351 0.0025347967 -0.013834964 -0.0072440705 0.004442552 -0.014206987 -0.008686447 -0.021370528 -0.011419494 -0.011301328 -0.001815437 0.024245948 0.03459776 -0.008216905 0.0038639058 0.016272983 0.011844507 -0.0019105951 0.022323286 0.015730755 0.0026249466 0.0029180192 0.009380869 -0.031079754 -0.0021149924 -0.010422242 -0.037521664 -0.012571665 -0.001514871 -0.019372493 0.0073909312 0.0022847503 0.010069477 -0.031961054 -0.0036719432 -0.0013996916 0.011493926 -0.0027358916 0.013301335 -0.013511318 -0.002139943 0.01697393 -0.041897804 0.01802576 0.0029205007 0.011795326 -0.020849712 0.003974956 0.0053357896 0.0061239675 -0.03138854 0.011059843 0.005834962 0.0045453566 -0.016556846 0.012001641 0.014467719 0.016369244 -0.027911613 -0.0037291825 0.047071714 0.012487269 -0.012206557 0.00887476 -0.01681421 -0.005918713 -0.015699757 -0.02102702 0.005120098 -0.013469525 -0.037131112 -0.0100478595 0.030435989 0.006096741 0.008919352 -0.01777997 0.009097665 0.002167015 0.0049527995 0.019997088 -0.005542317 -0.005566009 0.0063246507 0.009899276 0.025355091 0.009658952 -0.0132864155 -0.0065761083 0.0006730196 -0.014621587 0.0062003476 0.026236624 -4.1731942e-05 0.007182933 -0.006620715 -0.02241568 0.0066628754 -0.0029164215 0.004768723 0.02342573 0.026611445 0.008220632 0.0052445326 0.009874736 -0.00032308698 0.007013193 0.005213786 0.021951916 0.0016046701 -0.0062329327 0.0036684808 0.0031978653 -0.008387958 -0.032128017 0.0073970133 -0.011493118 0.023835465 0.0011682635 0.0013254477 -0.001662807 -0.010718788 0.0077889697 0.004468939 -0.022085408 8.713361e-05 -0.019940136 -0.031057468 -0.004027843 0.011039336 -0.012554173 0.025450975 -0.024659624 -0.022514006 0.053341787 -0.02169858 0.02620603 -0.0013211804 0.010007332 0.0026787904 0.021837493 0.00877297 0.01270551 -0.003096925 0.008348454 -0.0068305605 0.017420487 0.019045018 0.0050332285 0.009431704 -0.0007731554 -0.004857235 0.010301165 -0.07417 0.018546639 -0.014221099 -0.015579241 -0.002673382 -0.002748002 -0.024707152 -0.0064180703 0.022914588 0.021803094 -0.01274919 0.016440297 0.0056296787 -0.0028262602 0.0055092885 0.0006555808 -0.0024918057 -0.024823224 -0.024384817 0.007515618 -0.022983896 0.0053676204 -0.008725244 -0.020449186 0.0038165506 0.007820305 0.035951827 0.009165563 0.0056206994 -0.029401235 0.0058178306 -0.057340413 -0.023936564 -0.05418995 0.0068285246 -0.0210763 0.0005053263 0.008764218 -0.0051906384 -0.008156909 0.0068134353 -0.014083345 -0.020940652 -0.02492871 -0.005769121 0.009123699 -0.022321343 -0.0058891214 -0.016208082 -0.023325926 -0.0017193878 -0.0055341325 -0.0027731098 0.023303613 -0.024401575 -0.00937592 0.009404193 -0.021533087 -0.0090516955 -0.0070785433 0.0026023623 -0.0071133547 -0.0072054113 -0.0019151472 0.006028643 0.008644167 -0.009593551 0.0077815703 -0.041723814 0.003950162 0.007525033
viêm kết mạc	-0.0071861967 0.0006868355 0.024617536 -0.019134253 0.015588233 0.0030274305 0.03651034 0.0456351 0.01245057 0.044533767 0.022572568 -0.024265919 -0.00464519 0.019212633 -0.0034436702 -0.0020354476 0.009894444 -0.0029518292 -4.9079954e-05 -0.0061470447 0.014842197 0.023687191 0.027736828 -0.0075104213 -0.0020569095 -0.016887821 0.031271983 -0.008861208 0.041235376 -0.021067912 0.032781485 0.0043449006 -0.015262751 -0.020755872 0.044513673 0.012225462 0.022731852 0.0042238394 0.016626608 0.010160868 -0.021553403 -0.00040767825 0.029867392 0.01251333 -0.024567973 0.025587613 0.0010099612 -0.02005719 0.013294518 -0.0072897896 0.004002569 0.00032573132 -0.036012318 -0.0017413932 -0.013639802 -0.030777657 -0.058445446 0.001470514 -0.018566633 0.017020885 -0.008267337 -0.0022195212 0.025991028 -0.05036937 -0.0031413876 -0.028310632 -0.038342323 -0.031912442 0.08930549 0.018589217 -0.010353878 -0.0017801427 0.055882882 0.0017039031 0.0076614297 0.0016833202 -0.048511025 -0.0063562714 0.0050755446 -0.035454232 -0.011589922 -0.00481706 -0.019298892 0.023069022 0.028699184 0.015403079 0.0060131396 -0.0118328165 -0.008376693 0.0212647 -0.022721378 -0.03464473 0.005733756 0.005688154 -0.014524175 -0.0028601955 0.006573265 0.022862826 -0.00051399705 0.0009998966 -0.040811665 0.0035637498 0.0115330815 -0.048191436 -0.01818644 -0.051565886 -0.019566514 0.0107198255 -0.019252365 0.0016646587 -0.02496886 -0.046767082 0.0116032455 0.0038736612 -0.018658578 -0.027064268 0.024571646 -0.04189558 0.028704513 0.003361553 0.03394655 -0.0047179 0.020979092 -0.022949578 0.025806328 0.019728873 -0.0061960737 -0.028282562 0.01664517 0.026964188 0.022306336 -0.0028039895 0.026746577 -0.0006562479 0.01972999 -0.03749507 -0.04115535 0.03156068 -0.008847659 0.036549073 0.027370432 0.008231471 0.021776427 -0.011965923 -0.024768893 -0.011096203 -0.010458681 -0.045945264 0.0026462858 -9.656399e-05 -0.030167695 -0.025696743 -0.041040473 -0.026730727 0.010360174 0.012923494 0.0077395895 -0.048120245 -0.032484815 -0.01946237 0.014989361 0.010711724 0.028486485 0.0075933277 -0.02768584 0.01043682 0.004721528 -0.03792243 0.010494594 -0.020128328 0.017008586 -0.00630429 0.00854638 -0.0023088176 0.02457059 -0.010648679 -0.006066353 0.004325389 -0.00983004 0.029035097 0.011228516 0.0120595 -0.036459394 -0.008513952 0.0012003832 0.020457825 -0.012502561 0.017066576 -0.014521698 -0.006718832 -0.05275283 0.00024477058 0.015868794 0.00013568104 0.012638256 0.024342705 0.007978754 0.011567032 0.042398714 0.023045216 0.0012792575 0.011686499 -0.036888674 -0.027658304 -0.02122881 0.008386216 -0.0066984133 0.02127589 -0.03276796 -0.0022437405 0.08479479 -0.0008909775 0.05296004 0.009805204 -0.006346225 -0.04626482 -0.0062078037 0.04487201 0.026345119 -0.012838398 0.015787508 0.01303816 0.0045409063 0.023384565 0.004189415 0.007969267 0.008864378 -0.013309941 -0.019890372 -0.07089551 0.01475088 -0.005888627 -0.00058969075 0.015478104 -0.011522988 0.019607488 -0.0055895774 -0.0033464853 0.013918327 -0.0065860436 0.029459843 0.016772311 -0.028318655 -0.008058983 0.014790447 -0.013290256 -0.01442867 -0.028113073 0.00030106344 -0.038600557 0.0046663405 0.01760324 0.070199676 0.03972896 0.016048666 0.00020932048 0.029406916 -0.025830198 -0.018959899 0.019554704 0.013105789 -0.0065320404 -0.04852479 -0.009183313 0.005507691 0.027298067 0.012003018 0.0062988894 0.0014041786 0.02608059 0.013671132 -0.013144007 -0.031844955 0.028092211 0.015759278 -0.038206954 -0.027732518 0.04474119 0.010641049 0.0033875213 0.004950874 -0.013804428 0.05675776 0.0007934115 0.008025904 -0.013770488 -0.016269438 -0.028228605 0.008830911 -0.012790324 -0.019789958 -0.010410337 0.01853402 -0.030632976 -0.018356994 -0.008578682 0.020266946 -0.01061667 0.008741539 0.02669029
thú guốc chẵn	-0.0095229875 0.0038641738 0.08488102 -0.010333844 -0.0068446132 -0.0036828036 0.016160168 0.0040846607 0.015093491 0.024836225 -0.004362145 -0.052087065 0.009656685 -0.013819656 -0.0033026522 0.01004878 -0.0056732874 0.027478917 -0.032160807 0.0061822236 0.03088948 -0.020744216 0.037635364 -0.002436776 -0.004004747 -0.0030644655 0.036270034 0.0085953185 0.019111304 -0.019987931 -0.0078520905 -0.005611517 -0.010467338 -0.03641165 0.035463456 -0.0063996883 -0.049160097 0.019688547 0.022258408 0.0033636764 -0.006240027 0.0020089778 0.059746925 -0.0013741154 -0.0036975108 -0.0064335763 0.006206631 -0.03532083 0.03241963 0.0044749193 -0.021193402 0.008934345 -0.015208962 -0.0060213786 -0.023975736 -0.03508739 -0.04978815 0.017526511 0.002702736 0.011062592 0.018088311 0.0041303877 -0.015774513 -0.013537306 0.0021941324 -0.027476313 0.00504082 -0.01524784 0.04686551 0.009102375 0.0011725693 -0.021699995 0.002308295 -0.0082429405 -0.023548998 -0.0028815696 -0.015041852 -0.012982042 0.0059849317 -0.0074817627 -0.017092137 -0.0011716018 -0.02038348 0.009204354 -0.0017647624 0.018074224 -0.030230641 0.02328297 -0.010320198 0.027770124 -0.010152407 -0.019548345 -0.038408533 0.017969944 0.0015327762 0.02516343 -0.019948686 0.01912604 0.01063748 -0.01842609 -0.031000506 -0.036178846 -0.023712976 -0.036729634 -0.0070087234 -0.059145138 -0.041117385 0.014022509 -0.0042495322 -0.018410452 0.002495376 -0.00025120142 0.0007646868 -0.018599657 -0.0105149355 0.0069005177 -0.011012252 0.014684525 0.021372747 -0.057590708 0.013624295 -0.0053864 0.0066943346 0.011561829 0.049025085 0.018455606 -0.009335546 -0.010847568 0.0050287843 0.0025317231 -0.0029777193 -0.0140406815 0.014767312 0.028623939 -0.010479133 0.0031023093 0.000408992 0.06389528 -0.0052941954 0.008924153 0.014205644 -0.006854798 -0.019188626 0.008931198 -0.028946346 -0.014486813 -0.0048067183 -0.014830619 -0.01086596 0.002970147 -0.010887781 -0.02913727 -0.014997673 -0.008192722 -0.012245252 0.0059051365 0.012862343 -0.025853498 -0.016482087 -0.0071893306 0.022816073 0.011426003 0.005425399 -0.012354594 -0.011899406 0.037033204 -0.027013063 -0.00065205584 0.009388319 -0.016457377 0.0023801913 0.005496653 0.0011113564 0.0027687305 0.017856829 -0.009097262 -0.003748574 -0.016260952 -0.0074604764 -0.018944131 0.008257272 0.018470472 0.013989067 0.004949286 -0.0059550707 -0.0052626566 -0.0127261635 0.008559509 0.004579788 -0.0032113283 -0.039322313 -0.027318228 -0.012175571 0.01657319 -0.011217164 0.04442543 0.020058624 0.024205118 0.019274123 0.0028447188 -0.01055456 0.0067459526 -0.0030603046 0.0020212578 0.008235451 0.007756349 0.008396816 0.020971565 -0.015184435 -0.030684812 0.08568107 0.015179417 0.0068609416 0.006923307 -0.005108156 -0.026993187 -0.008773062 0.01171147 -0.037572518 -0.0006824933 -0.006601591 0.014592785 0.018364416 0.034395583 -0.0059553357 0.016592734 0.030809622 -0.018868197 0.03808002 -0.026892358 0.0047990056 0.0011530682 0.012932371 0.0020358998 0.020372907 0.047471758 -0.022782104 0.0009860966 -0.0028297596 -0.010927889 0.02873451 0.011639174 -0.017140921 -0.004902963 -6.346828e-05 -0.022706993 0.00544674 -0.00077867747 -0.009783179 -0.0072346674 0.008222711 -0.0116052935 0.05148642 4.0995128e-05 0.087795585 0.009943129 0.013759291 -0.021206487 -0.015725993 -0.007870951 -0.052839436 -0.00718826 -0.042877927 0.011490135 0.010738203 0.0038730258 0.00257149 -0.00073798577 0.006919828 0.013825923 -0.003332313 -0.014204791 -0.026818734 -0.025078338 0.009003261 0.00079028035 0.0038477348 -0.012585182 0.013578287 0.0077507836 -0.014088798 0.0061348435 0.049579278 -0.009744911 0.0001504555 -0.0086878585 -0.031749427 0.007078365 -0.011109073 0.020076413 -0.0009418543 -0.032275993 -0.017638657 0.008456444 0.0035384067 -0.005904397 0.0065499735 -0.007007623 -0.0006213628 -0.006913823
viêm màng não nhiễm khuẩn	0.0013586626 0.00031912667 0.047471374 -0.006313779 -0.0025263496 -0.0059613027 0.008196535 0.0125000775 0.010063924 0.028380407 -0.01831846 -0.009159099 -0.014882365 0.019954463 -0.020457972 -9.38596e-06 0.00043008308 -0.004902019 -0.029561685 0.011903411 0.0034177154 0.01110325 -0.002248523 -0.014535335 -0.008477208 -0.0066980585 0.02664647 0.00973215 0.012054319 0.0007856631 0.022098852 -5.7400244e-05 -0.013066486 -0.007531178 0.03019788 0.023721565 0.0044938955 0.024435215 0.00951131 0.0015036159 -0.009144745 -0.0060300757 0.030372534 0.005114873 0.009412115 0.021838043 -0.0124486 -0.00566967 0.008358042 -0.028032051 -0.006111927 0.010120449 -0.021969916 -0.0077963243 -0.026912611 -0.008610176 -0.041546885 -0.0076179556 -0.006734148 0.007956528 0.001406798 -0.00714765 0.039585017 -0.026011035 -0.002779455 -0.012961788 -0.016557483 0.009272066 0.037166726 -0.009854207 -0.010375622 0.014043116 0.028787911 -0.0038339866 -0.0095151495 -0.0014350078 -0.014449511 -0.02861864 0.011552175 -0.021849955 -0.013557548 0.01521025 -0.017493207 0.014161255 -0.010842825 0.027036553 -0.027725186 0.016961424 0.006083194 -0.021790352 0.009282131 0.0068131224 0.008689447 0.025752695 -0.012585749 0.005377615 -0.012431486 0.00061097933 -0.013067345 0.0012035388 -0.0137973605 0.020507896 -0.00028228306 0.002834605 -0.026047105 -0.018766832 -0.01887517 0.012776932 -0.010766236 0.002054162 -0.03198709 -0.016733056 -0.013798148 0.0096484395 -0.01310832 -0.01454965 0.017779894 -0.013389429 0.013086213 -0.007850273 0.03285718 -0.0010255177 0.0043936707 -0.0057231914 0.014529507 -0.009963084 0.01480581 0.0018608771 0.007854743 0.018454336 -0.0026140567 -0.009035329 0.012296568 -0.00862381 0.007501924 -0.022691078 -0.01278768 0.02299593 0.0005734626 0.021245731 0.020288633 0.00014061181 0.0143640395 -0.009130795 0.0049281586 0.0116988085 -0.0077240677 -0.032885898 -0.011247281 -0.01235001 0.005492308 -0.024646243 -0.020170027 -0.023673363 0.0026257893 -0.003356036 0.006333631 -0.013993289 -0.013639821 0.017734218 0.0034472912 0.018656252 0.013565236 -0.016246883 0.0009637427 -0.002456611 -0.006269201 -0.02205856 -0.005072636 -0.0004984138 0.007981899 0.022884725 0.004821467 -0.0033034824 0.006646455 -0.01575981 -0.014453358 0.02680834 -0.0005651134 0.012064496 0.0042441813 0.033215784 -0.0019088142 -0.017695962 0.01704996 0.0037994334 -0.0031774705 0.016754938 0.006651152 -0.0114490455 -0.022829836 0.00394623 0.0005805609 0.012815164 0.017089318 -0.00047942414 0.00924773 -0.0025207468 -0.0019935758 0.02244219 -0.023042865 -0.008063879 -0.01879652 -0.0013002013 -0.0058338745 0.003515857 -0.010390619 0.009328385 -0.02707023 -0.008118058 0.07328727 -0.01086604 0.012000853 0.006368541 -0.011665089 -0.028305458 0.0020871644 0.006807533 0.009029237 0.003550263 0.0090637645 0.0039743744 -0.017378492 0.015105367 0.014262448 -0.014390695 0.011539569 -0.012097855 0.003322683 -0.018135788 0.0003598054 0.0067183166 -0.0036596754 -0.001679828 0.0057693836 -0.0046806247 -0.025934787 0.017482074 0.0002479942 -0.0038647281 0.02356792 5.9711463e-05 -0.0067799683 -0.010813878 0.0017392376 -0.0059968336 0.00085068063 -0.026738917 -0.008542637 -0.0075975657 0.006508797 0.013492055 0.022557521 0.027209084 0.023826195 0.01030012 -0.0012349235 -0.02658793 -0.02032738 0.011678205 -0.008022553 -0.018462146 -0.01565768 0.017058784 0.0040597795 0.017060483 0.007679193 0.0028973138 -0.0015232301 0.011973301 -0.0066754837 -0.0071707563 -0.010506345 0.015565569 -0.004927206 -0.007868015 -0.02962143 0.025713185 -0.032344744 0.017073326 -0.014902286 0.0014653167 0.035937015 0.0050305673 0.024510873 0.005483864 -0.032312468 -0.016917583 0.0036943296 0.0015480511 -0.019355282 -0.0011570673 0.010176509 -0.008551322 0.022815907 0.0073633776 -0.0071462984 -0.009622702 0.0066166013 0.00419272
thú có túi	-0.014380898 0.011570046 0.02733554 0.002224295 0.006446214 -0.018799923 0.018885678 0.014354655 0.02907766 -0.0002667969 -0.008530839 -0.028475322 0.013174889 -0.018211704 -0.010125486 -0.007978625 -0.00766457 0.029540712 -0.023407297 0.003923023 0.03901079 -0.018830763 0.01668488 -1.5502796e-05 0.0072607123 -0.022131938 0.023905767 0.003509951 0.013695822 -0.00108121 0.011040598 0.026009463 -0.012796568 -0.0027163702 0.0016729092 0.01702147 -0.020087417 0.006272965 0.027592935 0.005253777 -0.0074393987 -0.0030386248 0.027905263 0.009867624 0.0062246425 -0.004898364 0.013531446 -0.014249186 0.0042309393 0.018942304 0.007790961 -0.003984578 -0.012072368 0.01982554 -0.004382835 -0.060548004 -0.03477892 0.002965569 -0.02379919 0.0027071745 0.0020889987 0.0060317027 -0.01840867 -0.0014908332 -0.015743786 -0.0004010722 -0.0036462608 -0.008489383 0.04994777 0.026793966 -0.019531077 -0.010319909 0.008955357 -0.0017398382 -0.022523861 0.020740869 -0.019105067 -0.0005246401 -0.004127044 0.0034909118 -0.025706094 -0.015701912 -0.032348186 0.0078004394 0.0021570493 0.0025365101 -0.038622536 0.0007318775 0.0034774598 0.01232671 0.002095873 -0.017010603 -0.018839687 0.019147461 0.01734305 0.056021936 -0.017725948 0.030685809 -0.0055880668 -0.0030865427 -0.015299106 -0.028561603 -0.016040243 -0.04674226 -0.015093772 -0.038849764 -0.023925744 0.010611672 -0.01118247 -0.0036765393 -0.0319397 -0.0027143415 0.01876235 0.01663096 -0.014173264 -0.041035093 0.0039619184 0.005641436 0.013059274 -0.035892494 0.016091093 -0.007032705 0.005750013 0.012858296 0.009253728 0.0020636506 0.00687015 -0.031258233 -0.030169426 0.005607248 -0.0022819166 -0.028290555 0.01797793 -0.011613608 -0.004810583 -0.028312366 -0.005260503 0.046180576 -0.024050375 0.0023753457 -0.011038409 -0.015780602 -0.023763219 -0.021619923 -0.029207341 0.020233544 0.002139506 -0.04225961 0.017419852 0.016034763 0.014831872 -0.020504821 -0.005435725 -0.024992928 -0.011821752 0.0067605246 0.041964114 0.001515486 0.026751889 -0.012665264 0.0077462476 -0.010874705 -0.003977868 -0.015747884 -0.0047849473 0.022633214 -0.031008521 -0.0042535425 0.017748086 -0.026088769 0.013767092 -0.010967959 -0.008513853 -0.0019550952 -0.0018032575 0.0008001998 0.026163697 0.036881573 -0.009884005 -0.0023526773 -0.012307651 0.0070516258 0.0059822723 0.0023476407 0.008324138 -0.020805461 -0.00853845 0.012399722 0.0031025447 -0.025750257 -0.041129548 0.005439269 -0.011105816 0.0034589493 0.022743247 0.052108973 0.010873256 0.002768763 0.0246085 0.009297188 -0.01768781 0.01523583 -0.021864835 -0.03019154 0.013614409 0.0068468964 0.00039232342 0.010252191 -0.0045398297 -0.01502245 0.091049805 -0.005100621 0.038679622 -0.0055952426 0.007882549 -0.007988488 0.024011426 0.03411424 -0.020422764 0.018532302 -0.012109399 -0.010153082 0.00012222258 0.014590498 0.019221729 0.016750904 0.0230731 -0.016706942 0.0013183849 -0.05462509 0.009570016 0.006047676 0.019301452 -0.0030793517 0.015881857 -0.008080309 -0.014792062 0.0060514677 0.018197328 0.024578191 0.025028452 -0.009526512 -0.028866667 0.0065051233 -0.013388554 0.0053569055 -0.013176205 0.004137976 -0.0007381069 -0.006264072 0.01992375 0.01029755 0.026449446 0.0021239435 0.05056101 0.02490152 0.028606351 -0.0024064397 -0.01197408 -0.0048385086 -0.06028162 -0.006781329 -0.031766843 0.005409181 -0.0031403073 -0.0040592873 -0.0042544305 -0.017354636 -0.0069609806 -0.0038255283 -0.014757433 -0.03335028 -0.015385859 -0.009921039 0.008505158 -0.019168127 -0.0030436586 0.012760539 -0.020432722 0.015782118 -0.0019765813 -0.0072580874 0.01581597 0.010371223 -0.00026022503 -0.009335672 -0.007528298 0.00027798396 0.009597825 -0.0039674398 -0.00922858 -0.011364786 -0.02045001 0.013091755 0.0150277335 0.0147140585 0.019033853 -0.035597157 -0.022183485 0.0049597295
ghi ngày tháng	-0.016567824 -0.006858097 0.024073116 0.008892461 0.0046769683 -0.005791787 0.006740026 0.012033775 0.0048534437 0.003345872 -0.009241252 0.001007117 0.006115772 -0.0039884555 -0.0020686532 0.005027294 -0.004509685 0.0060713417 -0.0019482119 0.003993531 -0.0036990754 -0.017030023 -0.005483851 0.013632201 0.0030175336 0.011111083 0.024465865 -0.005726719 0.019406807 0.0011886029 -0.00096990913 0.0034226489 0.019372717 -0.019342294 0.0004997365 -0.020672599 -0.005183456 0.017021388 0.023553267 -0.0008318859 -0.011718097 0.007633311 0.0075280103 -0.009144089 0.026454018 -0.0012968114 0.0022467673 0.0053103454 -0.012371659 0.011243864 0.0146553265 0.0030336932 -0.011804865 0.030228132 -0.004474973 -0.042410046 -0.013436562 -0.008395378 -0.00062619697 0.0069732964 0.01769889 0.02413409 -0.018913891 0.019603357 -0.012210446 -0.0034300487 0.01325466 0.0005719134 0.021208493 0.020310635 0.0016241353 -0.015092368 -0.016842483 0.01932354 -0.024206517 0.038165025 -0.011942636 -0.0025690664 0.011780233 0.007657392 -0.007136168 -0.018248415 -0.018537527 -0.012397434 -0.0059641697 0.00671835 -0.016636623 0.004894314 -0.0069433204 -0.006074714 -0.0019459929 0.0052498407 0.0049331733 -0.02583574 -0.011420068 -0.007902429 0.008151752 0.011246032 -0.0009761869 0.007701244 -0.0010981075 0.014534917 -0.019380191 -0.033946276 -0.0057018423 -0.033850502 -0.028124465 -0.008737326 0.0030524693 -0.00049348193 -0.002839641 0.0109051755 0.0056258743 0.0013752673 -0.0050655063 0.00031114602 -0.005611848 0.013615016 -0.02122666 0.012007393 -0.0064769946 -0.00080532674 -0.005303322 0.0007040254 0.007894695 -0.00591504 -0.0005888639 -0.02629132 -0.009424115 -0.0026970673 0.012201992 -0.017398348 -0.016283376 0.009725661 0.0050022737 -0.027470822 0.021680884 0.046446163 -0.0018657129 0.0029370065 0.008897249 0.00760497 0.0053247535 0.0021043594 -0.036289435 0.0017819122 -0.016925232 -0.027570708 -0.0015230865 0.0107533885 0.007037326 0.0030331642 -0.008444385 0.012158296 -0.023062728 0.00046978457 0.008618602 -0.004594127 -0.012358588 0.005906407 0.0041327034 0.006663605 -0.011889183 -0.011642161 0.003317304 0.0017637875 -0.012586225 0.015731813 0.033348743 0.012360792 0.0022390748 0.007166477 -0.016665958 0.0028753143 -0.014833854 0.015164035 -0.008685947 0.042751763 -0.0007181892 0.004888302 0.024892783 0.010339868 -0.004716782 0.0014391601 0.017238075 -0.0010243824 -0.019557936 -0.00058969454 0.01304921 0.0015089856 -0.016811574 0.010794732 -0.017087774 0.005601274 -0.014060455 0.022175563 0.0067585744 0.013722596 0.012904693 0.016141431 -0.017775113 -0.00087669614 0.009257876 0.015571803 -0.0038337174 -0.007856749 0.007929127 0.0017180853 0.0052974937 -0.0066268183 0.00488776 0.0075694793 0.025796367 0.010825937 0.00036759613 0.0125645725 -0.00097279623 -0.0047235615 0.009930613 0.0011101924 -0.007786336 0.0104788495 -0.0118263215 0.015777638 0.02219469 0.0037672904 -0.0051662233 0.009623545 0.004998488 -0.021498397 0.016361864 -0.00690254 0.023004426 0.008062634 -0.024890361 -0.0062002223 0.0020190713 -0.022714743 0.028243074 -0.009453655 0.040201873 -0.025007209 -0.0026659474 -0.019966567 -0.0048011374 -0.009061507 -0.002436471 0.017197205 0.0085154185 -0.020506434 -0.001232372 -0.01739437 0.010672991 -0.002667618 0.025536828 0.0008309868 0.011737564 0.013499995 0.0098230755 0.010577395 -0.031254206 0.0043540676 -0.05785288 0.01298586 0.001160508 -0.009436521 0.0024212226 0.0041838326 2.3496648e-05 -0.0012752471 0.013150406 -0.011881956 -0.0049272375 0.0026145757 0.003814078 -0.015232143 -0.0183527 -0.013442746 0.021150244 0.008878234 -0.006993059 -0.0005825069 0.008605965 -0.011095591 0.016604204 0.011466909 -0.02508119 -0.0066945925 -0.0040666778 0.0038137923 -0.010695212 -0.024084413 -0.0043432177 0.007364804 0.0037408026 0.010761705 -0.0022188164 -0.029759848 0.01900431 0.016317049
ăn ở với nhau	0.013446022 -0.0026350713 0.036444936 -0.012237183 0.007070446 -0.03290126 -0.0062324945 -0.0041470234 0.01195075 0.020189693 0.013202452 -0.015369713 0.0048746816 -0.0034269528 -0.011754421 0.023035694 0.019495128 0.03368121 -0.034573287 -0.003828367 -0.0020086942 -0.019255713 -0.0040226905 0.015952498 0.013250402 0.006110698 0.010184632 -0.008045798 0.002212364 -0.0030217632 -0.008667641 -0.013883108 0.0046313037 -0.0040900167 0.015399772 0.009428555 -0.040189236 0.0034804433 0.021601472 -0.027432423 -0.012406787 0.0029921567 0.07059217 0.018405436 -0.0016724135 -0.006595117 0.010744396 -0.024306985 0.0037960238 -0.0042102844 0.00034426965 0.013999235 -0.014631403 0.0076121734 0.012397614 -0.032258406 -0.03643888 -0.0038271549 -0.016719015 -0.015869496 0.0061183437 0.013929763 -0.0001879375 -0.024012823 0.011556235 0.013352768 -0.016445477 -0.02679904 0.039588965 0.012064695 -6.8982976e-05 -0.013255332 0.00969924 -0.011804467 -0.023281472 -0.015431508 -0.013725401 0.001305087 0.0018979077 -0.017932542 -0.017688967 -0.021082032 0.010325537 0.0029778033 -0.020459753 -0.006352545 -0.020803554 -0.007586491 0.01437838 0.041431323 0.014426624 0.0148189105 0.007361378 0.017708145 0.0034061081 0.032037858 -0.0039846157 0.0017842874 -0.0055429805 0.009850829 -0.023284918 -0.015026938 0.0041315136 0.0018006394 -0.013305288 -0.0307047 -0.03427662 0.03265909 0.0073085385 -0.015990531 -0.01180227 0.008866839 0.01253215 -0.015528343 -0.008818787 0.029923992 0.0010211264 -0.0048738415 -0.0010493676 -0.0530728 0.025798418 -0.021094482 0.00045095859 0.024145745 0.02019435 0.014971268 0.0032022311 0.0038732672 -0.0010644614 -0.006686015 0.022981817 -0.04426286 -0.027764041 0.012290895 -0.016841859 -0.015084154 -0.006601003 0.05415133 0.0049768374 0.020259093 -0.016473753 -0.013661563 0.008524886 -0.012472444 -0.026061123 0.008129683 -0.003863569 -0.019862948 -0.013704572 -0.00045215947 -0.0068390504 -0.02474278 -0.013166685 0.0073934454 0.0067176176 0.012128964 0.018203527 -0.006348382 -0.015708284 0.0057683154 7.324153e-05 -0.0022141202 0.0015108328 -0.000801486 -0.0068773646 0.02837915 -0.003026411 0.0063236267 0.036384456 0.009808169 -0.012490451 -0.0062264325 0.0073175062 -0.0069665206 0.015921546 -0.003949717 0.014974579 0.025054073 -0.006470546 0.01496629 0.0032377688 -0.010577432 0.005369359 0.009916392 -0.0072140153 -0.0031505057 0.0056434195 -0.009126196 0.0050273896 -0.001553388 -0.044790793 -0.01079115 -0.010292866 0.0065217707 -0.0105175655 0.009288762 -0.0038003393 0.0016565123 0.0017166923 0.02049889 -0.0060006585 0.004894651 -0.0040470297 -0.007228986 -0.0014070644 -0.009223219 -0.018262533 -0.00028828176 -0.01118568 -0.0016877404 0.054647926 -0.014353195 0.027496016 0.01054852 0.009856082 -0.0172571 -0.008634575 0.009332353 -0.002296584 -0.020346208 0.025032472 0.010874378 -0.016279105 0.005415991 -0.002004767 -0.011728249 0.0044265934 -0.015242678 0.015196786 -0.030452484 0.017523227 -0.005936057 0.0046842676 -0.0029292053 0.0056848745 -0.0030081219 0.0014285828 -0.008686044 0.019091628 -0.034243837 0.0378926 -0.0077047497 -0.019809095 -0.0036271156 -0.005287468 -0.019653264 -0.0008103661 -0.0011550933 0.0056927856 -0.022223122 -0.0077276216 -0.005732398 0.01258292 -0.01246407 0.077523105 0.010584802 0.01646307 -0.025258122 -0.0026535306 -0.006867242 -0.04449884 -0.010665183 -0.04072925 0.027688146 -0.016281093 0.0033813694 -0.020611692 -0.009261111 0.023902852 0.0002568486 -0.01641243 -0.00871618 -0.0020408183 0.0016360338 0.008523944 0.009516253 -0.009400075 0.012487376 -0.0022067858 0.013694414 -0.00024818088 0.0016098149 0.021720877 0.0073869526 -0.02103752 0.027256548 -0.004131509 0.007230131 0.0055530667 0.020620791 0.01747132 0.022930384 -0.0046993243 -0.013976583 0.017771661 0.009326417 -0.010658147 -0.012198233 -0.00083333085 0.014601111
chất chỉ thị	-0.00671193 0.017084807 0.059395924 0.032490484 0.007682939 -0.024972009 -0.044859048 -0.011977021 0.050773636 0.04254476 0.03133155 -0.017823 0.0031023922 -0.0007817263 -0.01639432 0.012659878 0.018955847 0.000561015 -0.0049622795 0.0037118716 -0.04926096 -0.0068099024 -0.015815822 -0.013121606 -0.0027988113 0.0026148541 0.019675152 -0.005375807 0.026420591 0.004430355 0.016578866 0.020116331 -0.059604477 -0.0040542646 0.03449638 0.03382117 -0.053706363 -0.013007301 0.039991062 0.021773184 -0.018550305 0.008730646 0.014541627 -0.035016824 -7.733737e-05 -0.009174403 0.03022102 0.0016628294 -0.012168997 -0.030607002 -0.021680765 -0.04012585 0.0071652425 0.0019382167 -0.019062778 -0.010803095 0.011215626 -0.021133168 0.00027971307 0.010514218 0.016934935 0.016149001 0.011450326 -0.0030376762 0.021814222 0.004138557 -0.027278773 -0.010422586 0.07016991 -0.012738306 -0.035693612 -0.010226509 -0.00424512 0.028295225 -0.029954504 0.023389487 -0.024045743 0.0066623045 0.029822446 -0.03577358 -0.003164748 0.02423951 -0.008799248 -0.0047463668 -0.01750248 -0.028759623 -0.026427805 -0.020101082 -0.013583928 -0.035706524 0.018994542 -0.052114043 0.0134249395 -0.0066990224 -0.06086344 0.017922308 -0.01384657 -0.0015278008 -0.020332413 -0.015884288 0.03130511 0.011795601 0.024205822 -0.029903423 0.0018300536 -0.02029783 -0.006982459 0.026953828 0.0111006955 0.031016065 0.04441192 0.01864297 0.00781767 0.007716799 0.026708543 0.019660281 -0.024309756 0.011795768 0.009062528 -0.044537544 0.044585627 0.01594125 0.005226858 -0.026185097 -0.0052127982 0.020778999 0.026843773 -0.02436501 -0.0175883 0.009265071 0.03864834 -0.02618949 0.01213681 0.037268557 -0.015742326 0.0058993236 0.00889243 0.05717995 0.022252839 -0.006799599 0.023157822 -0.013442394 -0.019119827 0.01286391 -0.0054189716 -0.025439875 -0.018299574 0.015120525 0.003435414 -0.0024816012 -0.004536705 -0.016834749 -0.01976388 -0.017761894 -0.00047365626 -0.028637182 0.0013682581 -0.0042808163 0.0025180888 -0.010418623 0.024297424 0.0005081154 0.023866566 -0.019190283 0.0085561015 0.065873474 0.004224639 0.009769521 0.011934624 0.0008306395 0.023386288 0.06372398 -0.023017697 4.9245966e-05 0.010838469 -0.0008580791 0.026602956 -0.026799066 -0.00016414205 -0.014414356 -0.0026918112 -0.0016326024 -0.02559778 0.010761845 0.0068646236 -0.010368122 -0.040965345 -0.011087424 -0.0055362415 -3.8870694e-05 -0.05118097 -0.043275688 -0.03410918 0.010156064 0.010701519 0.015046924 -0.019738372 0.0103058405 0.02271417 -0.009304223 -0.0071321074 0.016919194 -0.04310864 0.0062978375 0.012730333 0.004852514 0.027150176 0.02269263 -0.03441237 -0.017496804 0.047294263 -0.016630022 0.02191358 0.027637715 -0.00721746 -0.038561244 0.0050386074 -0.003710542 0.025252659 -0.033940624 0.0145038 0.009391869 0.03629839 0.005882064 -0.0011297654 -0.0069820406 -0.028633993 -0.0028888488 -0.0017093569 -0.06707887 0.017065736 -0.0008969104 -0.04090537 -0.0022251233 0.0029348007 -0.01935777 -0.017011775 0.01640966 0.027139388 -0.020972528 0.005568393 0.0027723573 0.003864098 -0.007183626 0.01343204 -0.0036761872 0.0038329714 -0.014274829 0.03667794 0.027221395 -0.007741296 -0.0104298955 0.047413524 0.027779102 0.02756263 0.032830134 -0.027228324 0.036921445 -0.021317266 -0.0041388925 -0.02234311 -0.0047814436 -0.005602071 0.021260316 0.029190497 0.0066350563 -0.03587681 -0.024696315 -0.011542976 0.03468477 -0.019815726 0.005326448 0.006105864 0.014286858 0.029739738 0.03585836 -0.011152651 -0.01821871 -0.0009393463 -0.0231766 0.0039238394 -0.036951933 0.03824431 -0.013910339 0.014093897 -0.042710558 -0.015438178 -0.018689793 0.032944486 -0.037647422 -0.0031267547 0.014468971 0.013082997 -0.043265123 -0.025038589 -0.038615163 -0.018408848 -0.022470437 0.021534918 0.019549945
Kỳ tích kinh tế	0.0018928727 -0.010791068 0.027779428 -0.0064315232 -0.0075958073 -0.008755141 0.017678173 0.0048338394 -0.00082397 0.005825512 -0.009131048 -0.024669608 0.028914334 -0.0047044572 0.023042895 -0.024292309 0.004202061 -0.003668944 -0.038403556 0.016472662 -0.00018770505 -0.02673629 0.003998876 -0.005598567 0.007544404 -0.019715417 0.039286673 -0.004050305 0.017913619 -0.042782232 -0.02496423 -0.013197973 -0.01213882 -0.003718956 0.015692357 -0.014251097 -0.02475109 0.024228904 0.038988106 0.017313479 0.027336817 -0.011496927 0.046693213 0.023716092 -0.015913345 -0.016024046 -0.005847226 -0.018019851 0.004150543 -0.017921146 -0.020939587 -0.020858677 -0.011145504 0.00062276726 -0.008987507 -0.015471981 -0.030602394 0.008881945 -0.0028441176 0.017468212 -0.020014524 0.008057498 0.028985998 -0.061267316 0.013297672 -0.014914698 -0.026542483 -0.005569891 0.07469493 -0.0008890597 0.006734137 -0.02230623 0.012092407 -0.009713111 -0.019408507 0.0070275804 -0.019124044 0.012147684 -0.012744477 0.0065051233 -0.008387785 -0.010606027 -0.054053947 -0.0010492962 -0.04508313 0.016198365 -0.023142986 -0.003976331 -0.011719878 0.03363281 -0.010472637 -0.0047956007 -0.020878013 0.0033114206 -0.011773349 0.010153269 0.0008942163 -0.00036370096 -0.011251997 0.0019623036 -0.038853332 0.006182544 -0.005494178 0.0026337367 -0.010703946 -0.019247971 -0.026628466 -0.003873356 -0.002448098 0.018268121 -0.064914726 0.030577254 0.009081701 -0.0062928763 -0.0132036125 -0.007290288 0.0010112879 -0.00497201 -0.009472868 -0.049389236 0.034437265 -0.023764104 0.014468326 0.020773007 0.028878497 0.00200649 0.016449768 -0.038212307 -0.013025529 0.0051616756 0.0131601 -0.015572204 0.0040101116 0.032775 0.0066025625 -0.033191875 -0.0028712472 0.04760544 -0.021537364 -0.0080675 -0.00022358763 -0.005658015 -0.00984757 -0.003826893 -0.027279599 0.007705075 -0.0080840355 -0.0072011007 -0.0057918187 0.025230395 -0.007372903 -0.0193988 -0.015402483 0.0054952595 -0.015890133 0.0067397687 0.011133898 0.0009321126 -0.010085383 -0.008707647 -0.002317601 0.03546482 0.042065695 -0.025473315 -0.01121491 -0.011385839 0.024746792 -0.011262495 0.032514747 -0.013424227 0.0076897936 0.018526675 -0.0072309896 -0.00031545415 -0.016655575 -0.019715488 0.004197451 0.032614708 -0.0062246975 0.02801426 0.008769692 0.03305086 0.020855099 -0.00554275 -0.0011008984 -0.02758018 -0.023221632 0.0004675526 -0.0006061259 -0.00924638 -0.04465442 0.019107042 -0.0059036943 0.03268411 0.00857513 -0.0023604855 0.023191048 0.012197382 0.005157442 0.015828872 -0.023340069 -0.0053180405 -0.024159579 0.0044167344 -0.019370647 -0.018447079 0.005804389 -0.0050111655 0.009966334 -0.0019545783 0.029295567 0.000101184865 0.035512257 -0.0009786141 -0.0045814277 0.011099865 0.021603527 0.019181471 0.018076308 0.007078926 -0.0036677648 0.031436734 -0.0018551096 0.017403714 -0.0028468375 0.0059277117 -0.0077627227 0.0031679855 0.019642796 -0.07670915 -0.013096372 -0.01004697 0.000531584 0.006985521 -0.0014629221 0.02708259 -0.023134165 -0.00736844 0.032916017 -0.00721883 0.041901622 -0.014653904 -0.007265037 -0.01274218 -0.009412171 -0.019940756 -0.0028203514 -0.033557497 0.016074656 -0.030961838 -0.007399726 0.0034337477 -0.0007262608 0.0031893775 0.057939555 -0.014038662 0.012775452 0.024261428 -0.00895939 0.032843117 -0.02014216 -0.003928924 -0.016085858 0.013271142 -0.03318481 -0.017205782 -0.015871374 0.008526014 -0.0042254003 0.009563663 -0.019737234 -0.026298624 -0.06341507 0.0051054736 -0.0032074428 -0.014696583 -0.039177082 0.01948569 -0.010416328 0.043809373 -0.012410671 -0.00519888 0.03462788 -0.0050798478 0.015398719 -0.025301455 -0.033049684 0.008901044 -0.009419062 -0.014406603 -0.0015545513 0.005092238 -0.007844487 -0.0034118535 0.03447547 0.0032199596 0.01659704 -0.0035467085 -0.0061568725 0.025478743
Đau thần kinh tọa	0.008003126 -0.0010645563 -0.00438191 -0.003527961 -0.006582987 -0.0052127414 0.009308016 -0.0006502591 -0.0070237177 0.030648353 0.004769071 -0.0059937844 0.0046296013 0.002821031 0.0015818176 0.020720026 -0.007854814 -0.0058751614 -0.018927308 0.013261179 0.010021875 -0.015493707 -0.009281142 -0.011108678 -0.008445317 0.0094089145 0.0075132004 -0.03559295 -0.0008030503 -0.013321135 0.004563573 0.0028903857 -0.003417051 -0.022397185 0.0062778923 -0.007432876 -0.019636452 0.029408498 0.0031806985 0.013629297 0.0039526103 0.0032830024 0.040286858 0.004233493 0.003210279 -0.0068002567 -0.0110031115 0.010831443 0.0060494663 -0.015174626 0.009921036 -0.00806014 -0.0023802207 0.0009988408 -0.014569462 -0.00400487 0.001077306 -0.0070467875 -0.02230944 0.0039264183 0.011731182 0.025716783 0.0012497713 -0.020568373 -0.0031181537 -0.0019247654 -0.007431442 -0.003243544 0.023809215 -0.00241589 0.012388429 0.0020375391 0.0007883934 -0.018304856 -0.03265844 0.045189623 -0.023225237 -0.018723466 7.301296e-05 -0.004038161 -0.016595844 0.010373386 -0.017190458 -0.006664176 -0.018547868 0.0046168026 0.0025901746 -0.004966927 -0.00012521086 0.001781653 -0.008623815 0.0017497335 -0.0040097963 0.011005721 -0.006398709 0.007960035 -0.0037552207 -0.0015763828 0.01560747 -0.007779634 0.012209652 -0.006704747 0.0011178439 0.0059232097 -0.02448071 -0.030642241 -0.018330012 -0.00014328683 0.001426047 0.007330765 -0.021488836 -0.010715606 -0.0019409391 0.008225898 -0.01386917 -0.00055225095 0.007181824 -0.002446629 0.014340117 0.028974848 0.021894826 -0.0014694958 0.026404688 -0.0017470832 0.013186871 -0.0025600689 -0.013414866 0.0013298285 -0.013712138 -0.0010708787 -0.0023153415 0.0026393125 -0.0058355653 0.0068243844 -0.015101278 -0.00041550776 -0.010426003 0.016034635 -0.0182272 0.027917631 -0.010115176 0.009428318 0.0050574695 -0.0059823464 -0.017086007 0.0077512534 -0.0070657255 -0.041953232 -0.0077018836 0.015803503 0.01637021 -0.014368832 -0.015089884 -0.0054029035 -0.0003399347 0.00956281 -0.002359851 0.0059899925 -0.014529725 0.00061878166 -0.0013106182 -0.0023971638 0.016112752 -0.019857492 -0.019009149 0.005548181 0.008029488 -0.0057206447 0.021402473 -0.0068086195 -0.011403986 -0.00040370337 0.006382493 0.004316481 0.023130575 -0.012392174 -0.007905747 0.027062489 -0.0028211654 -0.00034649894 0.0078986315 0.01590401 0.010468189 0.0022697684 0.004461578 0.009743001 -0.010560594 0.0053805024 -0.0055137794 0.007948891 -0.040357642 -0.0009766946 -0.008135693 0.0031885852 0.009485726 0.016927728 -0.0051017446 0.012480403 -0.002149489 0.0056141983 -0.0063892347 -0.032642 -0.011638778 0.010314462 0.00049046957 -0.003900154 0.015295365 -0.0054649166 -0.0011766457 -0.037538912 0.031016732 0.0070514153 -0.00899427 0.015021031 0.00699325 -0.021900734 0.016546344 -0.0069359588 -0.0021844213 -0.014586956 -0.013627466 0.008257556 -0.0026031493 0.011542781 0.004090784 -0.005003988 0.00013120087 0.01093792 0.0069465884 -0.02704752 -0.0006028143 -0.0013000012 -0.0036747202 -0.0057648937 -0.0033225198 0.014926813 -0.004370955 -0.007814846 -0.008101965 -0.0111798905 0.010445342 -0.006628405 0.0027538657 0.008579346 -0.012826709 0.01818891 -0.010812813 -0.011872029 0.0014167011 0.004788521 -0.00750162 -0.008999411 0.04168738 0.0007404291 0.04963075 -0.017151026 0.01286873 -0.0005574716 0.009282565 -0.0029886668 -0.020328807 -0.019164043 -0.03723424 0.015208754 -0.012078822 -0.0075232214 -0.0020763674 -0.0046659014 0.013309831 0.015477505 -0.00050728134 -0.008742915 0.0007473661 0.020754019 0.019287119 -0.0009295309 -0.030577647 0.037311375 0.0019626254 0.0060738465 -0.023253923 -0.014772764 0.0056216554 0.017837793 0.00042670255 -0.035702508 -0.021693047 0.008028836 0.0020251467 0.005805266 -0.013674229 -0.013782968 0.014949039 -0.0072663575 0.025512073 0.012481143 0.00896993 -0.017100824 0.009482273 -0.0048546563
chàm thể tạng	-0.015260375 0.004640174 0.02822682 -0.01171763 -0.013451779 -0.019420404 -0.0071002557 0.0032119222 0.027866255 0.017024362 -0.014123604 -0.031234412 0.017579515 0.0015221682 -0.0035540278 0.024996145 0.014970589 -0.0037597762 -0.013336966 0.0078627085 -0.004303143 -0.0084634125 0.014528999 0.01918941 -0.0074123885 0.0066011413 0.027052289 0.025246184 0.022278586 -0.0033242067 0.008875087 0.0080881845 -0.031104911 -0.0066346065 -0.010126134 -0.0064965826 -0.012884193 0.034793828 0.037456352 0.002460303 0.0068586785 -0.008918498 0.007106665 -0.014056349 -0.015081361 -0.02592468 -0.021003343 -0.005946442 0.015903084 -0.001191849 0.0024649845 0.0047627124 -0.0117010465 0.0066770776 0.005986998 -0.011796721 -0.0012074038 0.0022989614 0.0041008648 0.022700556 0.0027941235 -0.000103386286 0.020669885 -0.014136389 -0.02866692 -0.02761559 -0.0046809376 -0.009058207 0.061402474 0.024858922 0.0021146794 0.026323108 0.00083517487 0.005578081 -0.0052738027 0.028094668 -0.01918237 -0.014416765 -1.1740761e-05 -0.007969768 -0.04620924 -0.011621329 -0.022826904 0.031009888 -0.0014260978 -0.014670274 -0.018913718 0.004352365 0.00085001235 -0.015389431 0.010061673 -0.027142184 -0.02971402 0.01742221 0.0053925365 -0.025671752 -0.004269209 0.009597961 0.005076002 -0.0216973 -0.013812509 0.0057234303 0.026404792 -0.019579954 -0.016679011 -0.016512917 -0.026555838 0.013155677 0.0038214696 -0.01312806 0.015195256 -0.008518395 0.023116518 -0.009820495 0.003640166 0.012419671 0.009488231 0.010260651 0.0071296287 -0.01176956 -0.0036412447 0.00710949 0.024791373 0.00996022 0.018030824 0.012117574 0.0034432823 -0.014100376 0.010841892 -0.0019356966 0.0029895746 0.03268649 -0.013034693 -0.013196072 0.00057604635 0.0072606774 -0.02619767 0.025943236 2.6406551e-05 0.028937329 0.0193354 -0.0071559697 -0.0094788205 -0.010762761 -0.0056501147 -0.025635736 -0.02256283 -0.061613597 -0.016918475 0.027769776 -0.001041418 -0.029368045 -0.028310407 -0.012822032 0.0064044027 -0.009153959 0.0087032085 0.013835191 -0.02066618 -0.0025466112 0.009678504 0.013651203 -0.0050384193 0.009492666 -0.010827322 -0.018213214 -0.0179055 -0.025652736 0.0080830725 -0.017348217 0.018784927 0.01293594 0.015009174 -0.010306388 -0.007544607 -0.024575574 -0.0009670244 0.02843662 0.009422641 0.016801255 0.019329183 0.013368329 -0.004121148 -0.007840765 0.018098252 0.00679504 0.0011991472 -0.001618465 -0.016198335 0.004231177 -0.027354782 -0.02391413 -0.04700092 0.0005965963 0.018472886 -0.002574941 0.024098659 0.009723913 0.03242941 0.017489783 0.009400872 -0.02501244 0.015337459 -0.032344215 0.017617375 0.01854504 0.013652792 0.009647961 -0.011702017 -0.028836245 0.053059176 -0.0053893817 -0.022861706 0.011854372 -0.0014257565 -0.02958994 0.0317525 -0.011852169 0.0040002167 0.0013421294 0.022118144 0.012401513 -0.0110743195 0.0060353423 0.032787602 -0.0193878 -0.018629225 -0.022522345 0.0030781268 -0.0117178885 0.008741034 -0.0191606 -0.0184071 -0.0098893605 0.011232563 0.0071000145 -0.040144596 -0.022932034 -0.0053527015 0.008972869 0.0019223049 -0.0029342456 0.013531823 0.0022383782 -0.011356996 -0.00048456137 -0.0055769654 -0.01579593 0.007010968 -0.025099548 0.013911459 0.014530253 0.05929482 0.019667963 0.00737106 0.0002553517 -0.01252053 -0.028959654 0.0048169014 -0.021720024 -0.0129930945 0.0035653308 -0.019369962 0.015693786 -0.013263709 0.016700171 -0.0032914185 -0.0028214662 -0.008922553 0.024441956 -0.0017158837 -0.0038537858 -0.007895622 0.0069453446 0.014895304 0.007842667 -0.013383007 0.0040997113 0.011297708 0.011745876 -0.017251763 0.011672589 0.014039963 -0.00014302303 -0.010656157 -0.04032354 -0.0461988 0.023684723 -0.0073919175 -0.016187565 0.018364567 0.0027247989 0.0036771542 -0.00039223023 0.024997907 -0.0070687234 0.015256915 -0.004796386 0.016454913 0.0026461093
trào lưu quá kích	-0.025962744 -0.025563257 0.017792918 0.021284552 -0.018781424 -0.0062137186 0.0023997007 0.01124764 0.0050355336 -0.0053895875 -0.013669376 -0.014338223 0.029844357 0.0069901785 0.006502068 0.0012367246 0.0052125137 -0.016688341 -0.00736905 -0.016810726 -0.008539623 0.024080666 0.023453694 0.004312794 -0.021503175 -0.0035758852 0.0022204628 -0.0130836 0.009839159 -0.00082367857 0.01001125 -0.003441602 -0.0123931775 -0.0049120137 0.0039242674 -0.011353821 0.029120743 0.0003755234 0.003709226 0.010947994 0.017260652 0.001968791 0.000916181 -0.0019589646 -0.0051033366 -0.0077361176 -0.002775618 -0.015435957 0.018220864 0.010244636 0.013928156 -0.011466478 0.017672006 0.002305202 -0.02525527 -0.036708158 -0.017668677 0.020484598 -0.008293924 -0.0028345985 -0.008197808 0.00553345 -0.00091794826 -0.017134946 0.013822255 0.015930692 -0.0035197258 -0.007536917 0.04175796 -0.00028189842 -0.0020207171 0.0078275 0.007533161 0.013758977 -0.0007918805 0.0031112412 -0.0006137557 -0.019048205 -0.001092088 -0.016573546 -0.014046743 0.009221899 -0.01391374 -0.011291856 -0.0004377966 0.014135051 0.011227924 0.0037709475 0.00077783666 -0.024169244 0.0031389906 0.010296366 -0.008172998 0.01595324 -0.0025843775 0.007243578 -0.0012315899 -0.01075469 0.0069182245 0.0005664971 -0.054915987 0.009752079 -0.0009009121 -0.042754184 0.0036660018 -0.005892935 -0.010120974 0.008322329 -0.0022802814 0.0074737095 -0.013121205 0.01077321 0.00570596 0.0067911656 0.009913784 -0.0028862467 -0.0048356336 -0.023471719 0.017270036 -0.0062957313 0.020000871 -0.007664146 -0.019877253 0.008663717 0.011613641 0.0014044491 0.0060501257 -0.002320097 0.007491268 -0.015429016 -0.0035010816 -0.014868559 0.0013639372 0.004844264 -0.0023240459 -0.006265221 0.0056495867 0.02464462 -0.003306379 -0.012990666 0.017060718 0.01930708 -0.011100134 -0.017311031 -0.015689962 -0.008844456 -0.00332076 -0.0049206913 -0.0026807175 0.01595868 -0.006078576 0.0089161275 -0.000951655 -0.014575304 0.008452519 -0.0027707971 0.006746785 -0.014252162 -0.0085829245 0.02099666 0.008457599 -0.009876381 0.0011990413 0.008071552 0.012176935 0.007532691 -0.003545841 -0.021712488 0.036474776 0.023258857 0.022388687 0.012023894 -0.010799135 0.021623356 -0.0016890571 -0.00059289683 0.008486137 0.0038717508 -0.0039717355 -0.005330546 0.007877445 0.032360222 0.0041934955 -0.00763193 0.020560598 -0.0013770481 -0.01876218 0.0058460142 -0.014539709 -0.0109673655 -0.010220104 -0.0010781661 -0.00028570715 0.014070272 -0.01168065 0.019986661 -0.0028629291 -0.013363259 0.041238986 0.0060812025 -0.00028187234 0.005869086 -0.007501834 0.0005564411 0.010477064 0.01706521 0.007607679 0.008964333 -0.019467808 -0.015128132 0.052738704 0.010275006 0.027586976 -0.016619565 -0.023256226 -0.020494396 -0.018785406 0.002412529 0.0049374085 0.0008479439 -0.017005928 0.00396024 -0.018924112 0.026104493 -0.011239305 0.0065145283 0.0058039012 -0.0114471875 0.012626427 -0.021087836 0.01548177 -0.0032448263 -0.0129419565 0.0076233307 0.0020587628 0.012030826 -0.025023468 0.010519617 0.0005091271 0.009827563 0.015039164 -0.009189346 -0.02099941 -0.0046445066 -0.007232657 -0.0067900824 0.0007081081 -0.036199443 0.0031714558 -0.0056149447 -0.008126506 0.006643119 0.052427102 -0.0036528811 -0.0028414736 -0.019655595 0.0048086927 0.006298262 -0.008189456 0.010061566 -0.0003909399 -0.012172193 0.017154574 0.008716667 0.016925374 -0.0072249994 0.0010763159 -0.0060758586 -0.010101611 0.016965654 -0.0028605391 -0.0006482268 -0.010645354 0.011701201 -0.008161102 0.0073431903 -0.0075864797 0.019556312 0.004719187 0.005512157 -0.008001289 -0.008328979 0.0054322123 0.012025824 -0.011648213 0.0025619797 -0.014193941 -0.03379986 -0.0072752167 -0.015786152 0.003894514 -0.0007983918 -0.0023538643 -0.008122508 -0.01096821 0.025600025 -0.0040003615 -0.009548 0.017575718 -0.0066766003
huyết áp kế	-0.035137516 -0.0372705 0.041923452 -0.011690992 0.00703885 -0.03651558 0.023500735 0.03885645 0.003434318 0.018325178 -0.00840014 -0.01653938 -0.01534231 0.034807954 -0.028564943 -0.013187107 0.014138914 -0.014131546 -0.026686348 -0.0015245742 0.004442155 0.015590598 0.007892649 0.022368558 0.0009846436 -0.023134256 0.020448044 -0.015504871 0.002218795 0.01890814 0.006586564 -0.0015160849 -0.0015087123 -0.0068518994 0.023023792 0.018787242 -0.026646174 0.024110772 0.019534845 -0.0038747878 -0.008420632 -0.005688687 0.049234174 -0.0022486362 -0.00909499 -0.0054314206 0.0054076146 -0.024400016 0.0052232537 -0.03558434 -0.0012821904 0.0051137754 0.007066486 0.0057104114 -0.007362058 -0.030417524 -0.00665739 -0.028061466 -0.011292558 -0.007971917 0.0022981055 0.00495552 0.015676336 -0.017690262 0.0007420338 0.005272662 -0.009129546 -0.0007622597 0.020193342 -0.0009033109 -0.012948066 0.013865499 0.014964879 -0.008034415 -0.002374146 0.0007742976 -0.033712946 -0.0018313113 0.02194028 -0.009371303 -0.027353154 -0.021342326 -0.028543958 0.002418973 -0.0019502036 0.016264929 -0.023013605 -0.038384102 -0.0042251474 -0.013569127 0.012289975 -0.011318362 0.002515349 0.01738074 -0.0012092708 0.04186426 -0.012066662 -0.010985032 0.015494045 0.009406668 -0.021667937 0.009597663 0.008067539 -0.05856679 -0.0055863806 -0.020976014 -0.020892225 -0.0033988815 -0.013059903 -0.004400453 -0.03889906 0.0147245955 -0.007447765 -0.023152808 -0.008016705 0.0039513614 0.0064537246 -0.015751535 -0.002848646 -0.042524174 0.05425917 0.053649575 -0.00028769963 0.010649173 0.02346152 0.001292437 0.009443554 -0.019747566 -0.021117888 0.02735895 -0.013600599 -0.01666691 -0.0053053666 -0.0072246026 0.015102221 0.023869773 0.032427803 0.043653928 0.01701269 0.025630346 0.01885486 -0.0002892613 0.017418716 -0.0075718695 -0.017719874 0.04800221 -0.01629432 -0.06390557 0.022806164 0.0198141 0.010914635 0.0031322043 -0.04351724 -0.0041167084 -0.016694805 0.0012919591 0.023928694 -0.003222418 -0.023261014 0.016602496 0.012361821 0.03265866 0.019077746 -0.004339848 0.0036104843 0.03147353 -0.001083706 -0.025080621 0.018282074 -0.01230323 0.0030780497 0.057377867 -0.004420148 0.0020888369 0.016374767 -0.014061809 0.024761071 0.014067358 0.031901423 0.012659499 0.0065222303 -0.00415909 0.0139170075 0.0014437875 0.012218101 0.019164022 -0.00621096 -0.006931173 0.008604635 0.0017089536 -0.02953159 0.019956673 -0.015635742 0.017862622 -0.017603068 -0.015019574 -0.0109361885 0.012089911 0.0047029424 0.015572071 -0.013815935 0.007882382 -0.008927434 0.0034405615 -0.017024275 -0.021622663 -0.0021609962 0.02311829 0.013506435 -0.038746387 0.07652561 -0.018416628 -0.0043943585 0.021582637 0.0026045765 -0.04130637 0.017947365 0.0026257697 -0.026040591 -0.024187025 0.026253508 0.0046264655 -0.019688044 0.009463553 0.010942898 -0.014277723 0.017389322 -0.03533122 -0.0008197824 -0.03253573 0.025069173 0.0075198743 -0.00911805 -0.026076877 0.021518745 -0.020545332 -0.033372633 -0.00096370117 0.00019437696 -0.0044451323 0.024618326 0.003281648 0.006467986 -0.011268471 0.026553301 -0.020016342 0.008426864 -0.014686676 -0.002804351 -0.0023367703 0.0066783773 -0.015131946 0.007957352 0.019175973 0.030329045 0.0064088325 -0.0057271635 -0.0024912097 -0.033075877 0.023878736 -0.020182151 0.00725091 -0.041034028 0.011635857 0.0033109854 -0.0073040924 0.0007092249 -0.0050014555 -0.007567441 0.015515498 -0.014866925 -0.01572782 -0.013069499 0.01581776 0.030367881 -0.008725663 -0.02731879 0.0029316982 -0.013422642 0.018485693 -0.018792277 0.01960825 -0.0028171754 -0.013667832 0.007036392 0.0040853866 -0.02966154 0.0015164313 0.0012308272 -0.006600029 -0.022052428 0.009870191 -0.0035134172 -0.0057684015 0.021258641 -0.0011542886 0.025221953 -0.04120716 -0.011000665 0.02095756
rối loạn mỡ máu	0.002064017 -0.015855072 0.076926306 -0.0073676957 -0.00603902 -0.018634187 0.012421082 0.010601158 -0.015723996 0.013153617 0.006244931 -0.003920774 -0.001208904 0.015108631 -0.0076736533 0.016232036 -0.006222067 -2.8598768e-06 -0.021786528 0.01481825 -0.0016541805 -0.015065823 -0.012765086 -0.0013556543 0.0013558902 0.011420293 0.010636245 -0.018377226 0.0012105611 -0.010540362 0.008338378 -0.006732842 -0.005620956 0.009735474 0.02503103 -0.0064640297 -0.026307395 0.004004697 0.04058017 -0.009299348 0.01835625 -0.008707788 0.018381415 -0.014993512 -0.006004972 0.008685416 -0.012710799 -0.004392299 0.008538195 -0.0004535907 0.0017134702 0.0033255727 -0.007143311 -0.004110418 -0.006544889 -0.045597434 -0.016912473 -0.007343508 -0.01723098 0.0074884226 -0.006111851 0.0069613527 -0.0033865904 0.006454244 1.1584793e-05 -0.020159129 -0.0045239115 -0.0067692148 0.10490554 -0.006037304 -0.028860305 -0.00990101 0.02379367 -0.007652288 -0.013691052 0.0066556525 -0.0058518797 -0.0010136217 0.013597452 -0.009254133 -0.019901734 0.0030499937 -0.025748912 0.008917883 -0.025021035 0.0065839468 -0.0127462335 0.0020952893 -0.013919113 -0.0124897165 0.023240717 -0.014302866 0.0036836516 -0.0016144932 -0.0045641894 -0.0088682035 -0.0015650007 0.0031783378 0.021366037 -0.0076538143 -0.02561963 0.0007890996 0.01899569 -0.024644108 0.010415672 -0.018139768 -0.0128343515 0.00983982 0.002732384 0.01949544 -0.040702794 -0.017887374 0.0038622445 0.0018029391 -0.0063707107 -0.01578794 -0.0010938894 0.005154253 -0.0088714035 -0.0100332545 0.033808146 -0.0023814822 0.018911084 -0.0028026137 0.012901705 -0.016364288 0.0016615103 -0.010102744 -0.0062021753 0.009843274 0.00028446602 -0.0070882174 0.010172964 0.01511141 0.006426974 -0.016424425 -0.032136347 0.0593001 -0.013954402 0.010518963 0.009370512 -0.0058422387 -0.0007471766 -0.0026209985 0.013292159 0.002590419 -0.007587127 -0.014895097 0.00035110905 0.01234676 0.0025767162 -0.014876912 -0.02205347 0.0028318712 0.0028776894 -0.006763958 -0.002344981 -0.011416284 0.018671595 0.013065985 -0.0041400613 -1.9755787e-05 0.022216648 -0.014621291 0.0036605655 -0.0026237273 0.00011880724 -0.005673862 0.020104328 0.0064823283 0.012818926 -0.000433155 -0.0040744473 -0.013025602 -0.004103225 0.007380425 0.011586359 0.0017948127 -0.001504864 0.0014105451 -0.0025375066 -0.016572032 -0.010720428 -0.0069550676 0.003845972 0.019059429 0.019129528 0.0010793034 -0.0062755933 0.00035837007 -0.042427227 0.0131133795 0.001621941 0.00076811214 -0.0021573273 -0.0014696631 0.0049118795 0.014435122 0.010484413 -0.0052005434 -0.029064812 -0.007338651 -0.0052979486 -0.012248715 -0.0038525409 -0.0034440567 -0.017762102 0.023906656 -0.0038119273 -0.0057974807 0.065861635 0.013401606 0.0058740308 -0.0031178812 0.0141966855 -0.013885211 0.0109561235 0.0074271136 0.0034080744 -0.02176715 -0.0024730265 -0.00685455 -0.009909726 -0.008693882 0.0036726727 -0.015118395 0.008331206 -0.00097417156 0.020123743 -0.034415394 0.0012224981 0.012064245 -0.016508924 -0.012033284 0.0027040946 0.005486926 -0.025915582 -0.008333211 -0.00036101358 -0.016039087 0.05110728 -0.008799669 0.0063443184 0.0063243327 -0.019273886 -0.01535494 -0.013595348 -0.00086622813 0.008310813 -0.0007206227 -0.0035245707 -0.005307235 -0.021968458 0.02006672 0.029081345 0.020613011 0.010980148 0.011364045 0.0016948152 0.011097839 -0.028320221 -0.0069553405 -0.03321677 -0.0024113627 -0.008906299 0.012749293 -0.001351832 0.0039342376 -0.013607151 0.0007245432 0.01054552 -0.014915565 -0.012351114 0.010975682 0.003963572 -0.020079525 -0.017451614 0.00605276 -0.014288204 0.006041104 0.015627 -0.009313577 0.017126214 -0.0017951445 0.002331869 -0.025816519 -0.021411438 -0.031435195 0.005557811 -0.009109779 0.0026094443 0.006464196 -0.01628188 -0.012517937 0.026988335 -0.0016168506 0.0038025987 -0.013488149 -0.0059883967 0.015216873
Miễn dịch thu được	-0.0053397096 -0.0073239775 0.0008440139 -0.013539916 -0.018799381 0.011484637 -0.015881337 0.013220791 0.039101157 0.0095392335 0.0034474425 -0.014835967 0.0038950136 -0.001107678 -0.010303436 0.03633363 0.010005591 0.007477155 -0.013387651 0.0042456924 0.013903571 -0.020771448 -0.005477066 0.0014356785 -0.012053862 0.0011824968 0.0018358929 0.0149028115 0.014525199 -0.011762825 0.021136962 -0.018519368 0.0054371646 -0.014153425 0.02802602 0.003339606 0.015778027 0.034705225 0.02503119 0.031644277 0.011086518 0.018206224 0.04901472 -0.007160014 0.00049952255 0.0013936921 0.0033905425 -0.0160596 0.013442395 -0.022152413 -0.006431938 -0.014253988 -0.002756441 -0.0062789572 -0.010819674 -0.0017638002 -0.014040669 -0.016754229 -0.0019692013 -0.013612647 0.005418204 -0.0029633115 -0.012029743 0.008899928 0.00014072901 -0.015453089 0.019182589 -0.015459469 0.016803857 0.02844076 -0.0047657145 -0.016635476 0.015695048 0.0042348322 -0.015076584 0.00010596216 -0.024433037 -0.010270026 0.004067599 -0.010441467 -0.016995369 0.0057579447 -0.039872825 0.0030232877 -0.028938387 0.0018673949 -0.022162728 -0.0032638982 0.013853212 0.012632092 -0.0010531307 -0.0076995455 -0.009268749 0.0072644325 -0.027511314 0.0012740986 -0.005510441 0.0011560025 0.0032985285 -0.0064220265 -0.017093036 -0.0067145107 -0.0032558613 0.015994456 -0.027722403 -0.081147455 -0.0013644379 0.012675658 -0.012396483 0.009860878 -0.032415614 -0.006593885 -0.0070467647 -0.028078629 0.010252246 0.0045623374 0.021590617 -0.0068607777 0.011546977 0.011095899 0.033280578 0.0046304045 0.015935486 0.00029041228 0.026042463 -0.014461214 -0.0065249745 -0.0042983214 0.010953227 0.012225329 0.0019521486 -0.009209652 -0.0078482805 0.008961324 0.012467082 0.00096058473 0.013541909 0.03718971 -0.013612085 -0.011734191 -0.0012679934 -0.009055239 -0.021572752 0.003211399 -0.01176952 0.01489361 -0.011669064 -0.018102245 -0.009774707 -0.0041261334 0.02503645 0.0063860156 -0.019504013 -0.0012101643 -0.0030179168 -0.017697444 -0.0020880294 -0.01639906 0.0039283433 0.0074228575 0.00046308595 0.0025239207 0.02353717 -0.009248872 -0.02060827 0.005949481 -0.022096658 0.004963829 0.006049744 -0.0029337734 0.017240785 0.005385161 -0.0021256362 -0.013125702 0.017547278 -0.0038410902 -0.021181174 0.038498994 0.009889526 0.0068211607 0.015704548 0.017572504 0.0055102655 0.00855549 0.012458886 -0.009567218 -0.0017675965 -0.010662403 0.014909396 0.008836695 -0.02805442 0.012411255 0.0061448067 0.014277366 0.002581623 -0.022192404 0.027016867 -0.005447656 0.044533923 -0.0037067295 -0.004246433 0.0022752625 -0.00717878 0.0030799098 0.0039848443 0.024534352 -0.0050704647 0.011882816 -0.0062019923 -0.04970377 0.021606814 -0.023105767 -7.93573e-05 0.009445164 0.030765558 -0.022128373 0.01076786 -0.013203224 -0.0030807508 -0.023384117 -0.009056064 0.008896238 -0.020793054 0.0019844398 0.009340365 0.008502986 -0.006830913 0.0005916736 0.014959522 -0.050592497 0.01276661 -0.025438644 -0.00095952244 0.0007013744 -0.0007196823 -0.005502764 -0.017728783 -0.002432356 0.0064184438 -0.00373453 -0.0029461011 0.008482692 -0.024056617 0.0008346911 0.0083407415 0.0054348297 0.0059118383 0.0058098203 0.014083669 -0.007264276 0.0038344308 -0.009070896 0.0194939 0.001770841 0.031175211 -0.019752227 -0.010087275 0.033097185 -0.0023903893 0.0048410166 -0.025744032 -0.025136499 -0.026487809 0.017054435 -0.011730596 -0.008789359 0.00866295 -0.012509146 -0.013257327 -0.004870437 -0.004305241 -0.017744604 -0.03326577 -0.008148853 -0.0017662082 0.008043041 -0.025776254 0.02335458 0.016454678 0.029025456 -0.0075294133 -0.00066171074 0.034816865 0.006662583 -0.017091433 0.003636511 -0.03533073 -0.038615096 0.0053417124 0.006280382 0.007386731 -0.014242375 0.018122902 0.015873507 0.011331979 0.0062244697 0.016952103 -0.031901322 0.0066319117 0.00969827
bệnh thổ huyết	0.00914826 0.024269937 0.07259992 -0.025585791 -0.0031247542 -0.02897917 0.002040006 0.007845794 0.011098787 0.0031860692 0.010153692 -0.021336079 0.008633558 0.002751736 -0.016452976 0.00060460466 0.005843006 -0.01115303 -0.02289848 0.004759019 -0.002904781 -0.013616644 0.00027243947 0.01621592 0.0030736886 0.018600924 0.039087456 0.013130573 0.0050569247 -0.026234686 0.0154513875 -0.013945089 0.016480744 -0.02536043 0.030444883 0.0077033676 -0.012682505 0.028279258 0.002932353 -0.0077604856 -0.01667259 -0.040540516 0.012034808 0.0032787444 0.002268835 -0.017881384 -0.012142262 -0.008202398 0.009363386 0.003776538 0.0013240265 0.01154527 -0.028666064 -0.010162017 0.0045436346 -0.023674166 -0.007914066 -0.0076022893 -0.010907977 0.02031541 -0.008626041 0.019286381 0.013992436 -0.034549642 0.018854683 0.006035386 0.016486242 -0.01437555 0.07735819 0.006000398 0.023048503 0.0051704566 0.0066848285 -0.0061738207 -0.0035420412 0.01839394 -0.020335734 -0.01221108 0.009684334 0.0097074425 -0.025091052 0.012934799 -0.009952772 0.011292636 -0.021919915 0.032558113 -0.027254535 0.0008264364 0.012712109 0.006602923 0.0014210143 0.013572705 -0.0038803003 0.0054736086 0.003892346 -0.0038268939 -0.018264798 -0.0021732196 0.0106575 0.0042318585 -0.05484974 0.012949869 0.0016908194 -0.01363059 -0.00836043 0.011755864 -0.009783288 -0.029166596 -0.0023132854 -0.0018342398 -0.021003092 -0.029936232 -0.009779801 0.03193279 -0.0007508782 -0.0138198575 -0.0028923396 0.0007121184 0.009013927 -0.0139247505 0.02032906 -0.0022560572 0.008382415 0.042494994 0.02019996 0.007189995 0.006220929 -0.017689483 -0.00034089354 0.0113721425 -0.018700989 -0.0074804523 -0.011249069 -0.0003571833 0.024414664 -0.021536442 -0.016367106 0.054668564 0.017979646 0.009680349 0.01668195 -0.010907806 0.012327346 -0.012437485 -0.029401017 0.02291303 -0.016159985 -0.050043393 -0.005780503 0.019544182 -0.012021791 -0.016641801 -0.020195205 0.0021231037 -0.0029714338 0.013401531 0.052097593 -0.0074361316 -0.006382003 0.010068092 0.0066856653 0.013528172 0.0040930086 -0.011503761 -0.0061388244 0.001513442 -0.019538175 -0.0131794205 0.044325415 -1.1400863e-05 0.005553626 0.019998034 0.0032468068 0.023081077 0.005289655 -0.003118812 0.004913978 0.021693477 -0.017288541 0.014267174 -0.0075523867 0.024543138 -0.001990924 -0.010467347 0.0056372713 0.0034826677 -0.012914307 -0.0047434242 -0.0076352786 -0.0037296927 -0.040690307 0.0065332674 -0.009372684 0.019672258 0.0069757975 0.010204022 0.019110734 0.0035550615 0.03370988 0.015260099 -0.027274976 -0.012957827 0.016221812 -0.0013532689 0.009478796 -0.009735805 -0.009414005 0.030675322 -0.019801775 -0.029674975 0.044029456 0.0033304028 -0.003564169 0.020869324 -0.007296731 -0.020382984 -0.013285264 -0.0017334832 0.013069353 0.013432935 0.005549304 0.013297596 -0.014188591 -0.004199156 0.019122379 0.0137415165 -0.0039973776 -0.017658133 0.0068208743 -0.030008435 0.007465061 -0.015411556 0.0033949174 0.01593819 -0.0008739301 0.019330343 -0.010113924 0.010285706 0.006287389 -0.006305043 0.030698344 0.013096303 0.011413124 0.0006405115 0.0064916573 -0.024629815 -0.005151452 -0.016343143 -0.00048274212 -0.005064133 0.010762915 -0.005565151 0.029308638 0.007977528 0.017160745 0.0016275937 0.0010929545 -0.0023767923 -0.016201003 -0.0009916532 -0.031679675 0.013062558 -0.03619961 0.0036550227 -0.027753906 -0.0008805397 -0.027737817 0.0032440685 -0.01338634 0.010833 -0.019928733 -0.018199826 -0.020716308 0.02337551 -0.0071999426 -0.0057198093 -0.0032016095 -0.018647239 -0.008405163 0.0056201075 -0.011043787 -0.016099343 0.027205413 0.0006918854 0.019680543 0.002771085 -0.026625007 -0.020838067 -0.021891018 0.002084513 0.0089783585 -0.023352668 -0.01048535 -0.0010890359 0.013920717 0.015731046 0.019053482 -0.006367821 0.014154964 0.01691044
Viêm cầu thận cấp	-0.015492589 0.0130559765 0.007277409 0.0074865217 0.013397009 -0.0054739635 0.0060390234 -0.0050523626 0.004866958 0.0011432028 0.015626917 -0.025636788 0.02094868 0.0066739963 -0.0051327893 -0.018398466 -0.018743236 0.013701754 -0.015218435 -0.014603742 -0.017744541 -0.011797488 -0.009865618 0.013829263 -0.0059594866 0.008657253 -0.0063471626 -0.0022623925 0.021805001 -0.024657408 -0.0048512323 0.021128377 -0.00045327557 0.012853446 0.01510598 0.0030009262 -0.00795197 -0.020197699 0.026844375 -0.0052311877 -0.026532788 -0.004383367 0.038269468 0.012019312 -0.0051302384 0.0016714572 -0.00035165885 -0.019890852 0.010496516 -0.0012139654 0.02150408 -0.0020402307 -0.01937432 -0.013693324 0.0025161782 -0.06643231 -0.046316907 0.0020270713 -0.0010748132 0.021688886 0.0005404567 0.013281139 0.009291347 -0.037731506 0.012393007 -0.027974518 -0.008963344 -0.00013295139 0.04457904 -0.0011347447 -0.0010299442 -0.010619741 0.020999698 0.017302407 -0.012050444 0.022566224 -0.018375196 -0.029965566 0.008536296 0.0002443527 -0.035682466 -0.023791458 0.013784937 0.0058906665 -0.014153687 0.010564133 -0.006376056 -0.0033312894 0.012822407 0.02679485 -0.0054645836 -0.010279004 -0.017632438 -0.019582067 -0.0127482815 0.019253204 0.015189795 -0.0039560436 0.0026154744 -0.0037306051 -0.050491825 -0.026926313 -0.0133705055 0.035117276 0.0019379904 -0.0348807 -0.010921067 -0.0029542174 -0.0028026835 0.033865694 -0.020722445 -0.023589278 -0.0014909318 0.0064383578 -0.0030756257 -0.012333635 0.005299014 0.0032928006 0.010915941 -0.022394707 0.015328371 -0.01763894 -0.0006074667 0.008670396 0.028373653 -0.0022911986 -0.0031892366 0.008740411 0.008609269 0.011716415 -0.009837495 -0.022514572 -0.011608747 0.010177808 0.006762832 -0.0053061727 -0.0067213206 0.00857775 0.020707013 0.00990176 0.013611222 -0.023212023 0.0038024397 -0.002602248 -0.0024249784 -0.0048964825 -0.0029290563 0.0069603687 -0.0010624813 0.018413872 -0.011223292 0.010396237 -0.014487402 -0.022000052 0.009392902 0.017634867 0.026515706 -0.01561942 -0.005348319 -0.001922195 0.003192279 0.023324706 0.013614204 0.0020677964 -0.016423367 0.017166538 -0.001938903 -0.016434329 0.014076528 0.017598456 0.026278699 0.0060000583 -0.0127570685 8.618906e-05 -0.00024370427 0.0017067845 -0.008770671 -0.013985672 -0.001474215 -0.005738241 0.012968641 0.024453688 -0.035950925 -0.022580901 0.014825716 -0.011813578 0.015099135 0.007519251 0.002462162 -0.006332613 -0.02171404 0.03810575 0.0017063568 -0.012595284 0.018668912 -0.008061877 0.010328317 0.0012867559 0.015679598 0.009063612 0.010119377 -0.001305709 0.015728451 -0.0138662 -0.018329373 -0.027808772 -0.02504147 -0.0055380766 -0.021459205 -0.026907064 -0.0068037733 -0.010745334 0.016396916 -0.008971679 -0.0048617222 -0.030403359 -0.005609958 -0.009928965 0.0010278992 -0.006714495 -0.008321735 0.016301591 0.01337752 0.016942816 -0.006143554 -0.01576979 -0.00025520878 0.010742104 -0.00714554 -0.019141823 0.006931291 0.00043528853 -0.0058502336 -0.009613028 0.0013233304 0.0048230877 -0.013784812 0.015034679 0.0060824305 0.02116037 0.0030546796 0.0011612286 -0.020466948 0.00568083 0.013652442 0.011831105 0.0071178293 -0.0077347737 0.0036991092 -0.017073985 0.0044039264 -0.002970714 -0.006043578 0.0037248174 -0.007921055 0.0014229766 -0.001004525 0.090682246 0.0040902323 0.018109746 -0.024331398 -0.0022295373 -0.018097742 0.001387449 -0.008604922 0.0016021305 0.01883676 -0.006847439 0.0010527112 0.002678572 -0.0024355734 -0.0040677097 -0.028958643 -0.0058265496 0.013454615 -0.030839898 -0.0009369917 0.06683132 -0.011970582 0.028670907 -0.008414847 0.0119373435 0.018229663 0.0109950695 0.029553503 -0.0005362215 0.0052163894 -0.027382333 -0.03481479 0.011689153 -0.007106009 0.022974359 0.018859603 -0.0068066227 0.024936711 -0.009731775 0.012994255 -0.031162893 0.008560847 0.010930288
kí hiệu toán học	-0.0073494026 -0.010195685 0.04161776 -0.0019254857 0.004487215 -0.029219111 0.0029315304 0.011214411 0.0047039418 0.03697119 0.015448633 0.001165583 -0.011323657 0.017524032 -0.010680224 -0.00081495097 -0.026723092 -0.0042469325 -0.010633162 -0.013045574 -0.0020014818 -0.022385927 -0.0052719694 -0.0117965285 -0.01928089 0.008765147 0.027299443 0.007203798 0.005192037 -0.0061605317 -0.0068468642 -0.020684753 0.015348036 0.0138897365 0.021443982 0.020417083 -0.010829103 0.014032971 0.021915969 -0.012485643 -0.009814139 -0.001338197 -0.015056766 -0.0029065008 0.0022179296 0.0073743146 -0.0087788915 -0.02517869 0.0030185701 -0.0074020023 -0.025938084 0.0095514 0.0126715405 0.007276013 -0.0046328614 0.013971714 -0.015647246 -0.00681649 0.0049818633 0.018586753 0.0035346462 -0.004122483 -0.0013692868 0.0041504405 -0.01721145 -1.0173003e-05 -0.0059324116 -0.027490841 0.0194998 0.0001541756 0.006292583 0.019633697 -0.005015205 0.006082352 0.011466121 0.021106103 -0.0017108122 -0.0070296307 0.010058662 -0.01473969 -0.009405354 0.0027487716 -0.008755172 0.019923197 -0.0092911525 0.026962435 0.0019713799 0.003991394 0.006926194 -0.02034371 0.011121037 0.008713751 -0.006740673 0.022465378 -0.017071422 -0.004899685 0.0043606195 0.0061966022 0.008446287 -0.024117066 0.014919617 0.015698059 -0.008118889 -0.033369724 -0.005112241 -0.020949196 -0.026490362 -0.009130138 -0.009377367 0.0029751905 -0.0069297594 -0.016986854 0.03878071 0.0024356183 -0.037717827 -0.023383996 0.015451898 0.022167154 0.01128628 -0.02561512 0.026354501 -0.022127727 0.015224147 0.0038616976 -0.0058638263 0.00063473807 0.017118145 -0.016237872 -0.013824327 -0.007787932 0.0050147395 -0.0023055682 0.001641041 0.015979055 -0.016825937 -0.0065040532 0.013671708 0.02402294 -0.0018043314 0.008435099 0.004591954 -0.011128406 0.0031677696 0.0066149724 0.0016859969 0.012123668 0.003379376 -7.888054e-05 -0.0006150199 0.001834767 -0.025071466 0.00034655706 -0.02849052 -0.008397372 0.016395932 0.0016920966 0.0009659598 0.013407292 -0.0035887584 0.006595338 0.019293118 0.0050635203 0.01663946 -0.012719725 -0.014454994 0.010859104 -0.015429825 -0.0040423833 0.022419322 -0.0037452749 -0.017144999 0.03829508 -0.017934883 -0.006440947 0.0076248813 -0.0049865325 0.0016725078 0.024793686 0.0039506415 -0.01177583 0.014470864 0.0137531 0.031374853 0.016051741 0.03625195 0.01468676 -0.0076784356 0.0027182747 0.023241524 0.018151624 -0.03559874 -0.014599498 -0.022634009 0.005573178 -0.0007612587 0.017567122 -0.002058243 0.03030646 -0.017696513 0.009854795 -0.003256965 0.0025741772 0.0046196426 -0.0077710054 -0.00035301762 -0.016045537 0.013543353 -0.012304964 -0.010733523 -0.014154597 0.012284593 -0.007160963 0.009696636 0.004485816 0.011763473 0.012075414 0.0024706572 -0.015013723 -0.012335164 0.009575187 -0.001986497 0.016099062 -0.01050373 0.0080087315 -0.009448514 0.0014916743 0.021221805 -0.005225389 0.0142132 -0.0466681 0.011026785 -0.008602256 -0.0026733126 0.0033627963 0.0015149936 0.0067515876 -0.015567288 -0.03125117 0.028529786 -0.028734557 0.014503659 -0.013439858 -0.013406248 -0.010194439 0.008750809 -0.013374769 -0.0010329921 -0.014300553 -0.023998378 -0.032383755 0.016007984 -0.0025589343 0.036436755 0.0109733185 0.032643765 0.021023039 0.011464908 0.004824678 -0.0056947707 0.010358358 -0.00394852 -0.00723442 -0.022856914 0.008603159 -0.014767819 0.010405833 -0.00539046 0.010725139 -0.005320059 -0.0012147338 -0.0006353274 -0.023556484 0.01871684 0.0071076155 0.02144405 -0.005174046 0.0036147586 0.01333279 -0.008321301 0.0058063744 -0.008979508 -0.0039476156 0.011774968 -0.0069828467 0.025156746 -0.01392424 0.0042099366 0.0015875587 -0.014400604 -0.011408875 -0.0037122832 -0.00317058 0.023298692 -0.00932462 -0.023337575 0.008104629 0.007303496 -0.014538399 0.0052749226 0.00769601
bệnh tâm phế	-0.0015481412 0.0008177366 0.056216143 -0.026669245 0.01634251 -0.01562735 0.0050078984 0.010292975 0.021710087 0.03209912 -0.0073513947 -0.014044812 0.0075399852 0.015223277 -0.02783674 0.0067173643 -0.0006459331 0.009328659 -0.015926655 -0.0027965098 0.0037611132 0.027359191 -0.015820993 0.00479913 0.0012689612 -0.0054928623 0.008956902 -0.0025006637 0.018186042 -0.016987536 -0.04157954 -0.026437944 -0.00322081 -0.0052571287 0.027223017 -0.011706819 -0.024580196 0.033160787 -0.0027285377 0.0017708369 0.004967912 -0.0031243688 0.017814979 0.034914557 -0.0029741034 -0.005223927 -0.0123393405 0.005739866 0.0016380554 0.01637585 0.0039134095 0.008476146 -0.018823452 -0.013685143 -0.0006585283 -0.028006732 -0.027636742 0.005840043 -0.0070171384 0.0013619624 -0.007074476 0.0141399205 0.019381087 0.0028293936 0.004730766 -0.009762925 0.0047178688 0.008651009 0.035312526 0.009303095 0.0396313 -0.008479515 0.021716703 0.0010709392 -0.0154402405 -0.015714778 -0.012048876 -0.026703233 0.0130465645 -0.0047559394 -0.033784706 0.0040435633 -0.012381717 0.0030164267 -0.010084747 0.03038269 -0.035838693 -0.0076231644 0.028501425 0.020936798 -0.01215906 0.0071078064 -0.009432814 0.013167617 -0.019106388 0.00897291 -0.005602226 -0.007833468 0.00964413 -0.014799732 -0.037127186 -0.007071334 -0.010302035 -0.061980486 -0.012182184 -0.0050976984 -0.024751285 0.0033700422 -0.020944567 0.0064986274 -0.020101648 5.0149856e-06 -0.0010865538 -0.0077121905 -0.030112585 0.00017488151 0.006473869 -0.016918873 0.032608874 -0.009171712 -0.00061948004 0.005383673 0.017146206 0.03723985 0.00458947 -0.0071425424 -0.00636518 -0.011961615 -0.008654441 0.017376255 -0.034239177 -0.03950781 -0.02015769 -0.016620338 0.0016806278 -0.030247867 -0.021616127 0.06616373 0.032055028 0.012219061 0.010342987 -0.008376398 0.010558563 -0.024720099 -0.018048976 0.018521134 -0.019675065 0.0022789377 0.010183985 -0.013845515 -0.0068323426 -0.017471354 -0.012130341 -0.012707186 -0.0047706338 0.0124416845 0.037475247 0.015714508 -0.0016615812 0.009516031 -0.012303002 -0.0026696846 0.0073940516 0.012112341 -0.032826178 -0.0071068853 -0.004397703 -0.017762808 0.007699035 0.0011328995 -0.011632233 0.022593308 -0.009332615 -0.0021785018 0.023425402 0.009364536 0.0022039139 -0.03455926 -0.009387495 -0.0022014044 0.020004407 0.011150891 0.004287655 0.008780945 0.0021752822 -0.008866976 -0.006105938 -0.008435389 -0.0029203682 -0.012816128 -0.0133743975 -0.01415059 -0.010328495 0.0020900914 -0.0045322594 0.028039452 0.031763725 0.015425833 0.012034176 0.0052429526 -0.01508103 0.01993305 -0.005531092 -0.0032704496 0.028465074 -0.019608263 0.0030397023 0.022699574 -0.0172133 -0.015801096 0.05752504 0.014633795 -0.0050910516 0.015576798 -0.005777785 -0.018931067 0.015325034 0.011308484 -0.0018922798 0.002198329 0.0049079424 0.016408045 0.0030049065 0.029426698 -0.011513388 -0.0038655638 0.01000336 -0.018279111 0.0055452464 -0.032769103 0.006534516 -0.008467657 -0.02237928 0.007983709 -0.011444437 -0.0007097751 -0.025386762 -0.025727186 -0.007919548 0.016378187 0.029588098 0.009584659 0.006273657 -0.01813842 0.0025090897 -0.014378145 0.0062323534 -0.010777035 0.015502748 -0.011581992 -0.00012013465 0.0005504003 -0.023907136 0.029325128 0.038220227 -0.00792989 0.011185212 0.0015063684 -0.018989304 0.004791598 -0.053326737 -0.0077269794 -0.017865729 0.011549016 -0.017235693 0.012376186 0.00710634 -0.00895442 0.0081694145 -0.010880852 0.0049802633 -0.036515184 -0.030248022 0.010997973 0.009596157 -0.018001774 -0.0016065998 0.024635324 -0.0021855612 0.021758918 -0.019072175 -0.013690477 0.03337589 0.0019377992 -0.0042061647 0.0129779745 -0.014349657 0.012719607 -0.008732674 0.013477625 0.00076927955 -0.0018445121 -0.01918307 0.0012638967 0.015133774 -0.009981966 0.007825375 -0.0016803488 0.003614217 0.019528395
hệ thần kinh thực vật	-0.011091347 0.017025115 0.023542859 -0.004772504 -0.001938883 -0.017197475 0.004714348 0.0025494525 -0.003356043 0.024951315 0.005381369 -0.006793765 0.0057806214 -0.0056946813 -0.011384072 -0.0050065834 0.009968095 0.006513804 -0.042081803 0.0095356135 -0.0068849474 -0.010251007 -0.01083606 -0.0005387119 -0.012506717 0.009637355 0.012183332 -0.009738409 0.0036667746 0.0024962332 0.0004851826 -0.006313434 0.011581382 -0.022958664 0.018826272 -0.010299603 -0.003965738 0.03185289 0.034872632 0.023759477 -0.0059660543 0.011511177 0.019283175 -0.0028780221 0.0035583447 0.018915882 -0.0029474273 -0.010457871 -0.011879685 -0.017652458 -0.004635693 0.008189176 -0.013441308 0.001893749 -0.0127020795 0.006724376 -0.008891714 -0.0005052766 0.0005026358 -0.011343334 0.004358627 0.011184839 0.007001018 -0.05253749 -0.007773992 -0.0156175215 -0.003523574 0.0051340023 0.056764152 0.009032658 0.011661192 0.0032647867 0.0052875886 0.016853377 -0.0028063834 0.028254908 -0.011268509 -0.014359813 0.0002346383 -0.015731899 -0.02043469 0.019637322 -0.034841865 0.002897472 -0.023040565 -0.0027051833 -0.0058040917 0.007070513 -0.01105423 0.0072993175 -0.004501222 -0.005265795 -0.011825165 -0.0025231873 -0.011866215 0.015043311 0.002438306 0.015704669 -0.0035221234 -0.0062929005 -0.027690953 -0.0044918586 -0.00877696 0.009049996 -0.0298857 -0.006763275 0.0012182519 -0.007872898 -9.5817675e-05 0.003647061 -0.04450066 -0.0024455236 0.018947227 0.0152368685 0.0002173895 0.010853174 0.0066728177 -0.006373702 0.016301967 0.007198131 0.026780859 0.018380465 0.017055493 0.0053158416 0.012845503 0.003641524 -0.006714807 0.0034527904 0.0054611303 0.017384673 0.01349449 -0.0016468648 0.0126809785 0.009677702 0.0027828107 -0.011410199 -0.010137695 0.05029462 -0.011848812 0.010388173 -0.0004251423 -0.0021376293 0.0057782545 -0.006585731 -0.021185512 -0.007486395 0.0038716397 -0.029605044 -0.0022671395 0.012722023 0.014172368 -0.006867553 -0.016860103 0.0017408415 0.008888966 0.007116107 0.0040649353 0.025163246 -0.009654382 0.006392495 -0.0016555734 -0.010523287 0.0074536777 -0.002534488 -0.0020334679 -0.00965786 -0.011469758 -0.010443926 0.023527661 0.0059105856 -0.0061210967 0.0037759014 0.0033356606 -0.011296297 0.015177711 0.0020252666 -0.0022577692 -0.0044652913 0.0066134003 0.0026498323 0.016936108 0.016881043 0.02767466 0.0037891846 -0.0007037622 -0.0016150807 -0.01165264 0.005522581 -0.010706019 -0.0052135186 -0.019514145 0.00050438417 -0.013375028 -0.008199867 0.007237684 -0.0012522136 -0.00876899 -0.00066256366 0.04383904 0.020727249 -0.015006024 -0.018056381 -0.01211975 0.0019380415 0.0010208231 -0.0091465255 0.009891751 -0.004380037 0.0055372003 -0.028983478 0.08315236 -0.023905851 -0.019388882 0.014011355 0.005982609 -0.006334453 0.003672637 0.0058658756 0.0044925646 0.0027210757 0.0043714703 0.012482856 -0.007645114 -0.005941142 -0.008097178 0.008165701 -0.009501695 0.0057155727 0.011117732 -0.010459168 0.004621357 0.0015242873 0.0011457985 0.013435834 0.003296643 0.015206096 -0.014267506 -0.009569869 0.002861934 -0.016337924 0.027027437 0.0031307833 -0.007133366 0.0016002397 -0.0035370497 -0.006967441 0.007878703 -0.011207983 -0.011840861 -0.01975795 0.0026062648 -0.004344916 0.07227142 -0.00057426625 0.020116214 -0.0017609685 0.012511242 -0.018368576 0.0097838715 0.0132924225 0.008316327 0.0040832697 -0.009095999 0.009338586 -0.0023798805 -0.011702183 0.017371748 0.0016243493 -0.0019944387 0.003195718 -0.01187274 -0.013005732 -0.015430334 0.004655664 0.014541961 -0.0017188427 -0.031253975 0.025263267 0.0005765828 0.013417531 -0.025688168 0.0057842676 0.024654135 0.010693073 0.006405758 -0.010724171 -0.015267553 -0.02024539 -0.0015682231 0.008598622 -0.001585171 -0.010168489 0.007464003 0.0040111975 0.03104562 -0.002197152 0.005125332 -0.02919624 -0.008879203 0.0071879663
hội chứng cắp máu động mạch dưới đòn	0.0015076228 -0.009611937 0.028010372 0.00031996585 -0.013567856 -0.021522202 0.015745439 0.0011205155 0.017291466 0.026067836 -0.0038869958 -0.017885027 0.0031643927 0.00522425 -0.0107120555 -0.00051392615 -0.004363003 -0.00017400656 -0.014464158 0.014565267 -0.0035372565 -0.01060688 -0.00055623165 -0.00059372745 -0.0062972656 -0.0054834355 0.0033980135 -0.0053589535 0.017572537 0.004493553 0.020053482 -0.010499617 -0.0048523503 -0.005874074 0.020766689 -0.010444935 -0.0032240208 0.00034174553 0.020650735 -0.0020298152 -0.0041128346 -0.00066844147 0.040386364 0.003774189 -0.00084645685 0.007900258 -0.0094822245 -0.009235545 0.0013212772 0.0016640633 0.005013047 0.00076841767 -0.0028689732 -0.0006461702 -0.015056195 -0.0085871 -0.022204455 -0.0004806477 -0.009399422 0.001708634 0.008973249 -0.004709225 0.032278925 -0.019763509 -0.0011553034 -0.0057835183 -0.0057915766 -0.0053665917 0.013561927 -0.0026817326 -0.004775514 0.002354018 0.026371961 0.018990275 -0.0036198276 -0.014584947 -0.008435983 -0.02242223 0.0017048361 0.00014120048 -0.02243834 -9.50939e-05 -0.031899698 0.012983717 -0.0061739194 0.015204475 -0.015602704 -0.003475571 0.0039861165 0.010273996 0.01295792 0.004333786 -0.008005209 0.011970228 -0.010628443 -0.004840798 -0.0030733766 0.0046438314 0.0042087287 -0.0018875798 -0.01341118 0.0038170503 0.00048989395 -0.011994086 -0.013338173 -0.0040593785 -0.010585335 0.0034288885 -0.013043746 0.0072246054 -0.0043099253 -0.007399115 0.008742353 -0.008697472 -0.015985321 0.0035589691 0.0057244357 -0.005825854 0.005278262 -0.0269618 0.025867479 0.010947404 0.017932905 0.0028004914 0.007205728 0.0027382995 0.0066247494 -0.015577245 -0.013147217 0.0012472984 -0.0020324124 -0.014288372 0.01725239 0.0065833144 0.0015016865 -0.005974104 -0.007857628 0.011176637 -0.009573439 0.016778318 0.0014512914 -0.0031245928 0.009050351 -0.006772976 -0.014635809 0.00379514 0.0005079154 -0.02659601 -0.007761198 0.015501301 -0.003916362 -0.007627048 -0.022772048 -0.007479471 0.015150942 0.0009341859 0.007701873 -0.009732226 -0.010902435 -0.0034188158 0.0034634299 0.003030071 0.0043499134 -0.011930657 0.0038643752 0.005806998 -0.012417976 0.00032829406 -3.9240942e-05 -0.0073751183 -0.008926599 0.002338253 -0.0049812086 0.0013616264 0.01501022 -0.0061453083 -0.00298246 -0.0061391704 -0.00062175485 0.013881311 0.004484457 0.0024384172 0.011967219 -0.008567415 0.014965238 0.015424436 -0.010586836 0.0065878453 -0.0053494535 -0.0069161803 -0.013642785 -0.00024697997 -0.0036893622 0.005035797 -0.005083543 0.011650314 0.011409141 0.014870023 0.0027037186 0.01183472 -0.0058815577 -0.0050334055 -0.004223107 -0.014279754 0.0012011979 -0.009186292 0.006588158 0.0047970098 0.005044197 -0.0057182615 0.04023138 -0.014864842 0.007600851 0.009545488 0.014180486 -0.012481797 -0.014297987 -0.0028122617 -0.0028478946 -0.011859764 0.006111143 0.011062188 -0.002770648 0.0091482075 0.0010896571 0.002949245 0.009267581 -0.0035179227 2.1631227e-05 -0.02661643 -0.00036006258 0.0044716517 -0.0045750444 -0.0025584106 0.013341153 0.01184911 -0.011753606 0.018657997 0.0029699635 -0.010630616 0.002716138 -0.0060836095 -0.006942015 -0.01269978 -0.010283528 -0.000598882 -0.0029676545 -0.009417865 -0.013070357 -0.013470525 0.020005157 0.004242565 0.032489054 0.014432383 0.031432107 -0.002889445 0.01078839 -0.0046130023 -0.011279075 0.006717341 -0.012056742 -0.0040159626 -0.0050899363 0.010134018 -0.004320111 0.013570139 -0.0029598172 -0.0025250206 0.0054822667 -0.0007608549 -0.01286557 -0.020336244 -0.010724187 0.013804311 0.0046162517 0.004267511 -0.02449312 0.00011380181 -0.0057080295 0.012467042 0.00063235813 0.0011450473 0.021181947 0.00814976 0.005098619 -0.006251509 -0.019549819 -0.005517457 -0.004176366 -0.004443605 -0.005328192 -0.012095461 -0.0021606206 -0.004605759 0.020940166 -0.0045601106 -0.010688257 -0.0018189375 -0.012322716 0.001940392
sống chung với nhau	-0.0058588013 -0.008742601 0.03826782 0.0012698721 0.00800942 -0.013443569 -0.014596778 -0.008945515 0.0075248666 0.0075574475 0.006903068 -0.0059756003 0.017557828 0.0042808657 -0.003294034 -0.0078284 0.032344297 0.018617686 -0.030735059 0.00563235 -0.004753384 -0.026693951 -0.0038290822 0.015136023 -0.0012189299 -0.004286243 0.022827031 -0.008774658 0.019123344 -0.01119744 -0.014579944 -0.011231836 -0.0018365826 -0.005684567 0.017251162 0.007250358 -0.0028303515 0.02002498 0.020314753 -0.031129967 -0.013374514 -0.000925565 0.060648322 0.015650412 0.00027900276 -0.0016780267 -0.0023916229 -0.019498512 -0.0019451581 -0.005952784 -0.00837335 0.014462417 -0.017571555 0.013925026 -0.003825487 -0.05148717 -0.05072177 0.0035103806 -0.017253565 0.0066706296 0.004798267 0.011170764 0.026108233 -0.06996635 0.012253725 0.012056269 -0.01918765 -0.0237141 0.038003847 0.0031559179 -0.0023430248 0.0043694517 0.015727147 0.014198177 -0.028614093 -0.005701938 -0.010066737 -0.0014118898 0.006934483 -0.0073474953 -0.010133344 -0.022096194 -0.0047744047 0.019923171 -0.013565801 -0.011140728 -0.011976533 0.003731789 0.013169428 0.032675743 -0.0054747737 0.019947408 -0.0035391485 0.022472518 0.007889078 0.02505962 -0.0035463409 0.0014037864 0.00081480184 -0.010895822 -0.0066388585 -0.00042102882 -0.00020023584 0.018688485 -0.013962443 0.01725702 -0.034888912 0.022055734 0.008931651 -0.014890248 0.00012331676 0.0015680576 0.0060906243 -0.003171205 -0.015052187 -0.0037206074 0.0042660655 -0.001874012 0.006132868 -0.03789342 0.019669747 -0.009995192 0.013145648 0.033884197 0.02598501 0.01402655 0.0054499875 0.008115025 0.012907461 0.0045426697 0.0075185956 -0.026189633 -0.027681222 0.014184042 -0.0029065679 -0.024045203 -0.002827104 0.048138175 0.016274957 0.0133482935 -0.00025296473 0.00992437 0.010020428 -0.012107268 -0.026143912 0.0037533552 -0.021056816 0.00696874 -0.005909531 0.001993732 0.0057483995 -0.021001637 -0.034711502 -0.011742484 0.009032612 -0.018096017 0.018834641 0.0049593737 -0.0069480115 0.008172027 0.008224678 0.005733644 0.0040521524 -0.015002054 -0.0026990627 0.0093121175 0.009471241 0.009486903 0.02342816 0.013990522 -0.007954844 0.007954383 0.011277306 0.0020689908 -0.00578925 -0.005234309 0.009594711 0.0055392263 -0.011048357 0.013456853 0.01937254 0.0076080807 -0.011865604 0.0023968806 0.0035138247 -0.007092477 -0.004198005 0.004924264 0.0041888617 0.005841301 -0.021026919 -0.011620423 -0.020977063 0.011560506 -0.0050276667 -0.01816035 -0.0031202883 -0.0014895648 0.022898667 -0.001091064 -0.007051497 -0.022631751 -0.0075375387 -0.010348555 -0.004203807 -0.011286112 -0.007053317 -0.002904888 3.5010908e-05 0.0035305435 0.047932737 0.009011067 0.041687805 0.00931558 -0.0019896198 -0.0012809981 0.004559109 0.0044242516 0.017504014 -0.027047876 0.016494138 0.009466687 -0.004401962 -0.002184014 0.008532468 -0.010886111 -0.0023426146 0.01606762 0.017128214 -0.032157034 -0.0019446423 0.001620887 -0.004944844 0.004925045 -0.0027925374 0.022747919 -0.0065562497 -0.0051639904 0.015563957 -0.016909504 0.04901231 -0.008600568 -0.028604493 -0.013130199 0.0020908033 -0.006263238 -0.00655829 0.004013707 -0.0067672324 -0.017146068 -0.0017817309 -0.016201496 0.050427955 0.00079760724 0.02901992 0.00436963 0.021583628 -0.04877052 -0.0042635496 0.0038232417 -0.045645237 -0.006712134 -0.0366758 0.03675265 -0.009575556 0.0041494863 -0.017480597 -0.015248602 0.016482634 -0.005338069 -0.014344049 0.0005458997 -0.017159237 -0.015362883 0.016826537 0.0028850753 -0.023146247 -0.012217308 0.0024272583 0.019075146 -0.009163834 -0.00886619 0.018267607 -0.006526314 -0.013526602 -0.006797581 -0.005336968 -0.012479845 -0.0020026728 0.011551269 0.02059457 0.021180829 0.003270552 -0.004526191 0.024608687 0.03671971 0.002677906 -0.020529082 -0.011493746 0.0053638043
Ngoại tổng quát	-0.014663138 -0.0187333 0.026020091 0.0018617513 0.007575539 0.004172757 0.0022702606 -0.009923869 -0.011524851 0.028251443 -0.0073900362 -0.015488707 -0.0018550326 0.013299884 -0.012672333 0.009220427 0.0020939822 0.001578627 -0.013853759 0.0034587337 0.021492759 0.015377084 0.009847153 -0.004765891 0.016729267 -0.010850251 0.023769101 0.010357796 0.013417635 -0.009781585 -0.016515981 0.0033072857 0.0014300982 -0.010365173 0.006015169 0.022811731 -0.017691031 0.011145921 0.009289817 -0.017358944 -0.0037114297 -0.015581741 0.032602455 0.0046266103 0.0010687144 -0.00500228 -0.017641876 -0.005588865 -0.010828057 0.0022320272 0.011768674 0.012647685 0.0019524097 -0.001241186 -0.013417585 0.008665153 -0.03969923 0.0030464393 -0.0083242785 -0.0016483755 0.015040731 0.010490937 0.012126033 -0.041262746 -0.010177517 -0.006461826 -0.01018159 -0.0067288587 -0.002202903 -0.021376498 -0.0007528461 -0.003607076 0.022935715 -0.0013049067 -0.0014692545 0.005409686 -0.02463749 -0.0025803791 -0.010208092 -0.001099828 -0.011704575 -0.0025395178 -0.021361126 -0.0083329445 -0.0033128571 0.0022926428 -0.014412539 0.010582329 0.008542182 0.050377056 0.005369983 -0.0019073618 0.0065086726 0.0029758404 0.0014912406 0.0022982967 -0.00072961446 -0.0047302293 -0.012185256 0.011239036 -0.0005366504 -0.0049628546 0.016559381 0.018830765 0.004300408 -0.047585852 -0.0010131821 -0.021039013 0.019987643 -0.016850652 -0.0024325151 -0.016361035 -0.007781078 -0.008360354 -0.010313668 -0.007698698 -0.003068305 -6.438448e-06 0.006549488 -0.055303983 0.011281616 -0.012175729 0.0064138654 0.0107216155 -0.00081529585 0.009753154 0.008191908 -0.030287815 0.009085291 -0.017784778 0.00068078307 -0.016247163 0.0066486 -0.0032981003 -0.0121316975 -0.013551726 -0.012292337 0.02184653 0.016084444 0.010657125 -0.0051945588 0.0026697058 -0.018956307 0.02281221 -0.00707104 0.0024493688 -0.018667018 0.0007334395 0.0033580787 0.016495284 -0.019295821 -0.0035758591 -0.019087614 -0.0002806009 0.0041616694 -0.0051784115 0.016314212 -0.010023247 -0.01254366 0.017500458 0.005757124 -0.0154302325 -0.0063125123 -0.012617677 0.0054978016 0.018795755 0.010295246 -0.0023625488 0.005991168 -0.011391627 -0.0021113507 0.0006752232 -0.001994532 -0.009115514 0.008565182 -0.015698824 -0.00090173347 0.030922702 0.007269415 -0.0076183807 -0.0023466947 0.03168143 -0.0021965331 0.009642156 0.0038339605 -5.0743613e-05 -0.012439942 0.0031078851 -0.0016073192 -0.0036551426 -0.021039726 0.022351937 -0.0078052357 0.0019882368 -0.013377139 0.002917208 -0.0055540535 0.007453131 -0.012704143 0.016303305 -0.012456715 -0.0052045654 -1.2045296e-05 -0.0033615415 0.008796653 0.013865614 0.012826293 0.010439939 -0.01990339 0.004402819 0.03702365 -0.00815084 0.010847232 0.0074449745 0.019896617 0.010124289 0.017474934 -0.0009242359 0.003758106 0.009685169 0.016409518 0.008256345 -0.026127039 0.018481739 0.0016662157 -0.0099316705 0.016131297 0.00791344 0.012969644 -0.00059165177 0.006677511 0.023825346 -0.006875703 0.012126502 0.01371363 0.009725364 -0.0073193153 0.016272698 0.030125232 0.0054058256 -0.014392627 -0.005786645 -0.014074237 0.006156086 0.0048800707 -0.0032379094 0.007271853 0.0116407825 -0.025839876 -0.017479148 0.033115007 0.008378102 0.043630738 -0.0052538044 0.058949076 0.0043210215 -0.012593145 0.0037838595 -0.019058896 -0.006822357 -0.020093203 -0.021226823 -0.0151086515 -0.0014107543 -0.0114205135 0.010866536 0.01138529 0.00038378112 0.015455344 0.023347767 -0.0099511575 -0.014133424 -0.015396929 0.020030804 -0.0026978648 -0.017120803 -0.027116938 0.0097940415 -0.02775297 0.0038712327 -0.0006949595 -0.028843744 0.019666685 0.019345123 0.030491054 -0.004604806 -0.01576423 0.02103253 -0.006695769 -0.002949454 -0.0036430652 -0.0077040717 0.003704619 -0.004533246 0.0026342426 -0.003288371 0.006457256 -0.0155791 0.003864211 0.0027785783
Suy hô hấp	-0.01643663 -0.02231442 0.008619945 -0.008087124 0.023093298 -0.016547035 -0.012200354 0.0037953025 0.014170908 0.019444305 -0.0147081 -0.0244421 0.0053506386 0.017870698 -0.0068818987 0.011960456 -0.009160894 -0.01441085 -0.021586727 0.014347925 0.026763724 -0.02320549 -0.008828469 0.00815602 -0.0060438477 0.004590685 0.040699296 -0.003225521 0.0075877197 0.0010378571 0.0052689975 -0.0032617645 -0.003678472 -0.02196942 0.038742952 -0.0042695645 -0.034980517 0.06437339 0.017571202 0.011827523 0.016545175 -0.009113125 0.04226398 0.009507593 0.004246759 -0.01799602 -0.030615307 -0.024343912 -0.012945461 -0.03459627 0.0019768463 -0.005577641 -0.026846739 0.009848826 -0.033039175 -0.07321519 -0.0164373 -0.0063722963 -0.028318726 -0.0038198682 -0.02124732 0.0020625677 0.021310437 -0.06751619 -0.006294229 0.00043442985 -0.0172569 0.009779141 0.055796385 0.027939307 -0.0022407733 0.01641696 0.040927388 -0.003100507 -0.011205533 0.05941695 -0.04695312 -0.010959998 0.010778232 -0.028232727 0.0059863594 0.0002502459 -0.01603146 -0.004903434 -0.026205381 0.0012573001 -0.01726136 -0.024858847 -0.00072868925 0.036997516 0.0035942188 0.011820786 -0.017493557 -0.0003852134 -0.034536473 -0.01546044 0.0013683084 -0.009628588 0.008845899 -0.015944595 -0.0631272 -0.0028228513 0.009321634 -0.0596702 -0.041592535 -0.07137201 -0.038900755 0.0065385574 -0.022495188 0.006618735 -0.061672598 -0.012550678 0.032486737 0.000883332 -0.026721306 -0.0111346245 0.0032709844 -0.0055754986 0.00406726 0.012969771 0.046086065 0.00798052 0.03755376 -0.0033448571 0.019854194 0.00411354 -0.010730481 0.0037215543 -0.015262192 0.007336149 -0.009236509 -0.0062730634 0.01445691 0.008491 -0.026226211 -0.03920099 -0.010587908 0.05741486 0.003463892 0.03842808 0.01448433 0.0054030595 -0.002309482 0.001704725 -0.028110063 0.011730833 0.00022903457 -0.08227745 -0.009490898 0.019313293 -0.012308827 -0.03282805 -0.0030145736 -0.018651126 0.0146126235 0.009385733 0.008088836 0.0026117107 -0.016398005 0.017603243 0.016834598 0.024872955 0.009734406 -0.0108007565 -0.006887431 0.023945369 0.0033999863 -0.0052609732 0.026022656 -0.019114211 0.014839301 0.018013421 -0.01320965 -0.00427569 0.017074728 -0.011440845 -0.0015784021 0.043648433 -0.005365313 0.022934254 0.0129769165 0.011316445 0.053205468 0.009237159 0.012712313 0.00064449804 -0.007219429 0.007871801 -0.02742467 -0.021496885 -0.01760719 0.01748082 -0.0058029173 0.021416698 0.0072792093 -0.020321734 0.030305024 0.0006449616 0.025066236 0.012460587 -0.05098086 0.0040916847 -0.0140516795 -0.004100375 0.0019662823 0.011264186 0.016786404 0.0059975367 -0.00783545 -0.08781241 0.04498698 -0.0040441104 0.037755728 0.0113066565 -0.0061248327 -0.0073481384 -0.0052022142 -0.013343688 0.005373154 0.00039189332 0.0049025337 0.008442357 -0.011649972 0.008512633 -0.012239923 -0.0004716979 0.0067902883 -0.028247967 0.004936234 -0.07155733 0.008000268 0.02175916 -0.014394589 0.010175512 0.02984754 0.031470113 -0.023278557 0.0022660638 0.008078478 -0.03823357 0.023560194 -0.0131665 -0.012952797 -0.022229707 0.0015377777 -0.02020319 0.016190713 -0.027932443 -0.015224529 -0.036098503 -0.011571212 -0.0040172366 0.07804829 0.035984237 0.1409989 0.009962746 -0.0016686013 -0.001997937 0.008252976 0.001864614 -0.06013415 -0.017535176 -0.037230834 0.02558762 -0.0017992177 -0.0009124633 0.027788157 0.007595747 -0.009702592 0.004978378 -0.025494013 -0.02264122 -0.010040062 0.03191011 0.010224724 -0.014972376 0.0068093017 0.042079013 0.012073558 0.017742736 -0.010607114 -0.021233357 0.022914592 -0.005685972 0.010816516 -0.028980784 -0.050365202 -0.01129005 -0.0046401466 0.003002027 -0.030362925 -0.021904426 0.0090194205 -0.0054554325 0.009369275 0.0070464984 0.027259266 -0.02126966 0.049386606 0.03397721
Phát triển bền vững	-0.005017532 -0.007958311 0.025804535 -0.005007238 0.006653138 -0.010346729 0.020268725 0.0026596647 0.0097867455 0.0035411825 0.0022356168 -0.011246948 -0.008992337 0.003884937 0.012585139 0.008927766 0.00052410056 0.010169588 -0.014948382 0.013388276 0.0031117299 0.007789882 -0.0002764205 0.0035712179 0.00034168386 0.011095476 0.010092815 0.0028098847 0.029421523 -0.0030310364 -0.0047653024 -0.010840136 -0.0022084021 -0.024861429 -0.0015805013 0.01396436 -0.017098434 -0.009915414 0.006427953 -0.006806932 -0.001976626 0.0036086477 0.029487757 0.003614082 -0.015997931 0.0029573317 -0.004819512 -0.01129443 -0.0002596547 0.009556821 -0.0007627729 -0.0146373585 -0.011415611 0.0061020274 -0.03397916 -0.029260429 -0.010487307 0.00039159358 0.013129524 0.008614945 0.009392291 4.14046e-05 -0.0035965145 -0.034793105 -0.007476754 -0.009647978 -0.009220444 -0.007804965 0.031874128 0.0068935454 0.011994008 -0.002497369 -0.008293924 -0.013011731 -0.012099641 0.012967779 0.005158235 -0.013326275 0.010370176 -0.00600787 -0.02094113 -0.00319681 -0.021781843 0.007883584 -0.0032589461 0.00014203743 -0.0070525333 -0.0013569825 -0.01712224 0.029177342 -0.007461923 0.0058948062 0.00021447307 0.009655921 0.013262659 0.013299407 -0.0033077672 0.02239815 -0.0117887305 0.02802768 -0.011456893 -6.944818e-05 -0.0070309727 0.0030260936 -0.023518391 -0.030229762 -0.013038942 -0.002185924 -0.01825005 -0.0036421795 -0.0030424644 0.008679761 -0.012895711 0.007179785 -0.0060667824 -0.0077903667 0.0016029892 0.012507381 0.003077828 0.012258463 0.016861217 -0.0060204864 0.0012380803 -0.0045597563 0.016712924 -0.00071180274 0.0023529285 -0.0110757295 0.0068407217 -0.0036076377 0.0020185919 -0.012808851 0.018924268 0.018263804 0.010962393 -0.009545694 0.0062307497 0.016899021 -0.0041924827 -0.009847339 -0.011084839 -0.0052163117 -0.0034823206 -0.013070186 -0.025537327 -0.013829833 0.006099235 -0.028290434 -0.0143483905 -0.00014430942 0.0012750094 0.0055195354 -0.023529127 0.010171978 0.009266369 9.306586e-05 0.019966654 -0.0030189445 0.00027417106 -0.012449682 0.018602412 0.00018818413 0.014046021 -0.0040542744 -0.016631516 0.013429766 0.0002769692 -0.0025224483 0.016695134 -0.014578292 0.0055890456 0.012669001 -0.008309739 0.0033446287 -0.0055178925 -0.00311463 -0.0021879554 0.02067575 0.0046213455 0.0030958187 0.027710395 0.036380846 0.01268881 0.0050053 0.0039568543 -0.030569399 -0.016534694 0.015869308 0.0013705362 -0.012647502 -0.019804193 0.015568677 -0.0030816062 0.026456574 0.003661375 -0.02991866 -0.005721882 0.0021537466 -0.0063210344 0.0067103147 -0.027743202 -0.00020584244 -0.015056542 0.011244496 -0.0105713345 -0.014135575 0.0066481237 0.020006133 -0.005116594 -0.022752263 0.03290279 0.012498294 0.011932574 0.0003398648 0.020258069 0.015823372 -0.0017041261 0.020206517 0.013999294 0.007565229 0.007188958 0.008555305 -0.0055450387 -0.0006733193 0.0072160284 0.0054770457 -0.001495869 0.004266137 0.019371828 -0.055755142 0.008922733 0.007435009 -0.005861682 0.023339188 -0.016672362 -0.008548289 -0.004549942 0.009233792 0.005214122 -0.0021978947 0.01316626 0.00776846 -0.0039059506 0.0010680561 0.0013122661 0.008884048 0.009210634 -0.0009533445 -0.0065777204 -0.025208915 0.0039706277 -0.01662159 0.056732804 -0.022742024 0.04102063 -0.0076182825 0.001207002 0.023091542 0.009094561 0.0009973452 -0.012991607 -0.017073054 -0.02037912 0.0036629532 0.0036907538 -0.008715721 0.007420484 -0.0064748907 -0.0065112007 0.017568368 -0.008003749 -0.0070844768 -0.0095985755 -0.005388801 0.006362808 -0.017568454 -0.025466546 0.03470071 -0.015124303 0.00362155 0.0033611066 0.00021064434 0.00010668969 0.0016438772 0.028273879 -0.010305919 -0.008657084 -0.027942237 0.00642216 -0.016708512 0.011110125 0.0071807923 -0.014793547 0.011997129 0.023462307 -0.003239887 0.017123763 -0.04654698 -0.012665855 0.011917051
Hệ thống y tế	-0.013215111 0.008987265 0.01692878 0.017313756 0.0034409815 -0.0041422187 -0.005786687 -0.00027172657 -0.0013912425 0.013862187 0.00853813 -0.0025742813 -0.0024626758 -0.0028396377 0.0010766792 0.024839891 0.018422473 0.013126347 -0.024656791 -0.002503303 0.0030995458 -0.016109709 -0.0030663724 0.019669278 0.013881869 -0.006571513 0.012354049 3.3053484e-06 0.035450697 -0.0051123314 0.0030381435 -0.009525958 0.004010737 -0.009439472 -0.004265849 0.010472011 -0.033961195 0.021689566 0.010311797 0.022322165 0.00037606127 0.00091229094 0.028798206 0.0062026917 -0.0042434647 -0.005883683 0.011767804 0.016677298 -0.015461009 -0.009970455 0.008941758 0.0013723817 -0.016841741 0.0008065652 -0.017260224 -0.03110183 -0.03749478 0.021876298 -0.015834568 -0.0078853285 -0.0024624872 0.0038924476 -0.002982143 -0.034315024 0.009281858 0.005261777 -0.008509779 -0.0022924973 0.037789594 -0.010288524 -0.008033847 0.0018979359 -0.011202223 -0.0048813447 -0.012094022 0.019491874 -0.008461198 -0.014114311 -0.009750064 0.010253786 -0.009114258 0.014030145 -0.011293452 -0.00085958256 -0.01079213 -0.013781022 -0.0026773207 0.0034241297 0.0020668656 0.031746443 -0.01937808 -0.0028654614 -0.0005738715 0.0059872298 0.005437752 0.013145342 0.0012771907 -0.0036789945 -0.0074230065 0.00040697271 -0.029032577 -0.017534846 0.0064825686 0.0080251 -0.01904402 -0.03195652 -0.007192634 0.040217612 -0.023680966 0.0041365647 -0.023519026 0.0011910863 0.014033621 0.002619585 -0.018454289 -0.021670988 0.016303962 -0.0005971873 0.015421599 -0.00265753 0.012125953 -0.011840582 0.006484008 0.013602387 0.03079644 -0.0073114466 0.010167652 0.0005781514 -0.0013557036 0.008532171 0.019878222 -0.003947394 -0.0006320426 0.0154994875 -0.00074695866 -0.02838453 0.015445399 0.0009940334 0.008947909 -0.012274808 -0.014169475 -0.016129585 -0.005117895 -0.01814148 -0.041265383 0.0068957773 0.0058443216 -0.066213325 -0.0025326381 0.027507685 0.003721971 0.002664904 -0.030563693 0.013542666 -0.005548659 0.007881702 0.006471317 -0.036507662 -0.01531414 0.0013572804 0.0011396044 0.0028447164 0.017252022 -0.0112295905 -0.00029105347 0.0023358741 0.0024045336 0.007401365 0.016573025 0.0023322208 0.011148293 0.02842917 -0.009655638 0.012028355 0.0018659515 -0.009861139 -0.008979402 -0.020730345 0.010926503 -0.0110545745 0.023992252 0.018152686 -0.0006618818 0.010556776 0.007965625 -0.02931733 -0.015447375 0.0071780817 -0.0081603145 0.0033030368 -0.030085301 0.0056139138 -0.0073939846 0.007807684 -0.007001501 0.0036145076 -0.021921365 -0.004465915 0.030137477 0.011398777 0.0026704622 -0.019666707 0.008688539 -0.013222477 -0.023412718 0.0041613025 -0.013637454 0.027194416 -0.03362829 0.0026450073 0.030295985 -0.019764477 0.024722643 0.0025147896 0.020458443 -0.024911081 0.017305603 0.0039655194 0.0058197854 0.03193724 -0.0059515117 0.009545482 0.0048817834 0.002858658 0.008472849 -0.00051340513 0.0024422596 -0.0056949034 0.021098338 -0.037806775 0.016199958 0.001763247 0.00019265483 0.007622625 0.0006145898 0.011838949 -0.03338024 0.005598649 0.010484152 0.00043976915 0.014735145 -0.011349431 -0.021080084 0.0077707185 -0.0061095385 0.011642444 0.010011232 -0.021499442 0.0030723063 -0.033945072 -0.0074632973 0.0042681247 -0.021157313 0.0066007497 0.018804984 0.0034751357 0.0020719774 0.07984389 -0.003450039 -0.0045360066 -0.040687982 -0.0007837269 -0.0141183445 0.020986883 -0.0032035657 0.0043221577 0.02041147 -0.011415739 0.012730173 0.019041322 -0.019093063 -0.010209016 0.00049517513 -0.0033494188 0.027758038 -0.0049640783 -0.015975975 0.04066663 -0.020879306 0.015305424 0.0036398051 0.0021055804 0.0071064946 0.001604411 0.014226976 -0.001251971 -0.009281889 -0.019810807 -0.00518093 -0.009577812 -0.015622672 -0.0052954946 -0.00016968545 0.009407094 0.02236885 0.02525901 0.015529477 -0.029546505 0.0030153191 0.00924744
bê tông cốt thép	-0.010759541 0.002171242 0.029095674 -0.0114760185 0.022871453 -0.0051163663 0.015315247 -0.0013940888 0.019361256 0.023985066 0.0045652804 -0.015849285 -0.008550164 -0.0003909707 0.022004573 0.025618467 0.03295647 -0.046351414 0.005661139 -0.011992191 0.016912954 -0.029296804 -0.0034235385 -0.03107614 -0.022915116 -0.022397181 -0.0015456721 0.037523765 0.010139043 0.00061701064 0.0011589328 0.0040986645 -0.0169065 0.010361803 0.025677362 -0.0022274693 0.0070118895 0.004420078 0.047179583 0.032103878 0.003938271 0.005650564 0.004332554 0.016168723 -0.010585921 0.0404627 -0.0088022305 -0.021153066 -0.019611917 0.0006393399 0.01725186 0.016047286 0.0128969 0.01569518 -0.011090706 -0.032850936 0.017472237 -0.0011586142 0.0003475199 0.010068371 0.019164653 0.007894053 -0.0072802585 -0.014179273 0.016696217 -0.008535871 0.012691887 0.017384881 0.00879991 -0.0012623122 -0.00747821 0.019953635 0.0006465168 0.012795428 -0.0055985753 0.031089155 0.01585126 -0.011734187 0.0163385 0.022313913 -0.0417947 -0.00908042 -0.026598956 0.031716157 0.010874788 0.0012684978 -0.00072764355 0.0007336338 0.020998247 0.00067235925 -0.026968146 0.016475467 0.0051894565 0.0065076263 -0.008789953 -0.02291573 -0.010558212 0.04553705 0.021894252 0.006535704 0.00577765 -0.010731592 -0.015695281 -0.010185494 -0.008197917 -0.0053511327 0.022911519 -0.0039423397 0.0035347047 -0.011552515 -0.021645434 0.025024256 -0.027948001 0.0010086509 -0.0042218855 0.015187394 0.014958996 -0.043783363 0.0019383229 -0.017461145 -0.021898506 0.024369013 -0.013688844 0.019691354 -0.019414544 0.012740524 0.01665035 -0.019959839 0.00033958926 0.030826617 0.0036400196 -0.034590717 -0.00020852097 0.001006436 -0.031369265 0.0027085259 -0.005574244 0.008847573 -0.008045795 -0.015159459 0.018592892 -0.021690687 0.012199745 -0.014652086 -0.0033823873 0.010087072 -0.009604702 -0.030846251 -0.03489893 -0.00032194747 -0.00034802905 0.023356767 -0.036156584 0.00518332 -0.024581926 0.026369385 0.01810903 0.0033479792 -0.016556023 0.013911395 -0.0020124565 0.028565802 -0.014039306 -0.019584518 0.002731797 0.051911335 0.016364496 0.029807156 0.050115183 0.0045025465 -0.01351746 -0.014799823 0.0030920594 -0.011700192 0.005411952 -0.0063063977 0.011683672 0.018965522 -0.008289126 0.00017757514 0.009512404 0.019625906 -0.008184811 0.016350327 0.021127556 0.030605137 -0.009804091 0.015107983 0.022798408 0.02681722 -0.007203854 -0.0062486995 0.009047137 0.03363736 -0.004204432 -0.0047121732 0.003930033 -0.027099406 0.016135858 0.0029948773 -0.023197524 -0.012234053 -0.0003825431 -0.041379515 -0.017376369 -0.02874272 0.015763761 -0.02570883 0.0069011967 0.008018615 0.04611093 -0.009931874 0.024836367 -0.01394559 0.009489761 0.015215417 0.001466908 0.0042736605 -0.008818969 0.0040973327 0.021756673 -0.00468674 0.007853408 0.005470049 -0.02923533 0.021144757 0.032245446 0.008836692 0.0014018051 -0.05143185 -0.008778737 0.032531474 -0.050016068 0.036138847 -0.01039269 -0.006332643 0.007777179 0.01943796 -0.033048168 -0.020854933 0.0034551134 -0.007819335 -0.014575194 -0.00521079 0.013595066 -0.028087849 -0.028117748 -0.0433719 -0.001835614 -0.019131653 0.01948478 0.025495324 0.018757017 0.0042082053 0.0467732 -0.02023666 0.020752074 0.009858348 -0.0030532011 -0.018579828 -0.0023461282 0.0007779585 -0.0067369477 0.001227339 -0.0076520843 -0.0031685797 -0.003837213 0.03139381 0.02206434 0.0063775033 0.013967562 -0.024054242 -0.011575649 -0.00271304 0.0011978651 0.0046967543 0.01950521 -0.0022142231 -9.29907e-05 -0.013257272 -0.001869984 0.0059914035 0.03160324 0.010026044 -0.0063830893 0.0074892333 -0.0022298472 0.0050927233 0.031795762 0.0031372977 0.003556236 -0.018552713 0.018758792 -0.012059194 -0.0028282888 -0.017944273 0.034356546 0.010236216 0.004819197 -0.041499376
u sắc bào tuyến thượng thận	0.0068795476 -0.0027302837 0.007051381 -0.0071656 0.009141713 -0.0084747 -0.0026422497 0.0014021158 -0.0035107 0.03511335 -0.010931774 -0.01062616 -0.006674098 0.009393163 -0.00905491 0.0044877566 -0.0007783444 0.010381732 -0.010333301 0.012376232 -0.014061458 -0.008887118 0.007894613 0.011146087 -0.005356126 0.004381913 0.015974052 0.0053160465 0.009401021 -0.013211897 0.005923727 -0.00694343 -0.023154616 -0.0004892355 0.017067906 0.020644365 0.00717311 0.013640838 0.014134841 -0.0040579187 0.01257028 -0.010558651 0.025736019 0.0012657127 0.010083398 0.0017782993 0.00041663603 -0.011249752 0.0028667748 0.0008130979 0.0017646358 0.006296779 -0.0025058656 -0.021864165 -0.009709316 -0.0076413644 -0.026110392 -0.0043039178 0.0020956963 -0.002289784 0.0028781898 -0.002423143 0.0047749863 -0.009131121 -0.015522126 -0.009704773 0.0048904084 -0.0029980198 0.0061904304 -0.008407221 0.0035991361 0.001081777 0.018190468 -0.008221308 0.011476824 -0.008525479 0.0035426868 -0.0016090837 -0.0010498911 0.00068537117 -0.00070287066 0.007105303 -0.019557385 0.0077667423 -0.020323856 0.004267307 0.0007919964 0.016543696 -0.014600315 0.022830492 0.011534832 0.004960196 -0.004224106 0.008459306 -0.013120137 0.0053785252 -0.0059140744 0.009681182 0.008249469 -0.0068438514 0.005338761 -0.0054028207 0.012655494 0.012182691 -0.016914804 -0.034197222 -0.00051137386 0.0042998735 0.005898806 0.0058549945 -0.013009418 0.0021743523 0.0103983125 -0.010462804 -0.019033592 -0.007638652 0.004158659 0.004654153 0.00108177 -0.00648532 0.015126789 0.0039268965 0.018021388 -0.002223892 -0.0050697457 -0.0051153433 0.0042955126 -0.0060451054 0.0039569708 0.009551674 0.007367134 0.0002584277 -0.013205631 -0.006620896 0.0042498396 -0.0008758596 -0.024238491 0.01649099 -0.0077796592 0.013696105 -0.001354599 0.0042496417 0.016345631 0.010789949 -0.010250249 6.904353e-05 -0.0022067868 -0.01547055 -0.0027607793 0.005596587 0.007437616 -0.0021821563 -0.016325757 -0.011652188 0.0055816825 0.0039191395 0.005999182 0.004991438 0.0059937225 0.0018420336 -0.0009907356 0.0036249778 0.02441778 -0.020633942 -0.010015981 0.0148989465 -0.00623366 -0.008340422 0.014979842 -0.0023033542 -0.00046454713 -0.0014709911 -0.0058825673 0.00447109 0.002239567 -0.00024270006 0.00071900635 0.013494592 0.010918222 0.0044731623 -0.0043457826 0.009334334 0.0058298744 0.0032347895 -0.0011916795 0.026014438 -0.0057865893 0.001685811 -0.0007724041 -0.008104862 -0.0143575035 0.008837289 -0.007871043 0.004358017 0.00014092147 0.0020909787 -0.0007681127 -0.0020677922 -0.0008652601 0.011648609 0.0015586477 -0.005032276 -0.00074140576 -0.011323984 0.01381261 0.0024380719 -0.0039195535 0.003076247 -0.014638782 -0.020262487 0.03544749 0.0013078793 0.02289926 0.0014213533 -0.014492268 -0.012615322 0.0031430488 0.008753857 -0.008024379 -3.8284423e-05 0.007877613 0.00021698464 -0.014996276 0.0010376701 -0.0049834996 -0.010758709 0.0015083704 0.00084450806 0.0003590408 -0.014753677 -0.0036968081 0.0021145893 0.009390994 -0.0067610387 0.010960921 -0.0012088147 -0.015947897 0.0050079157 0.0024680214 -0.012764668 -9.718537e-05 -0.0027180528 0.009267876 0.007107514 -0.0039961515 -0.008811739 0.015555118 0.005979813 -0.001136831 -0.009586767 -0.0005571017 -0.0014115778 0.03296111 0.015258257 0.057785172 0.009901255 0.0016184866 -0.0041459696 0.00542205 -0.0057826643 -0.01581909 -0.03184238 -0.010926731 0.004625287 -0.008409921 -0.0001936806 0.010746271 0.008028949 0.0017261562 0.0021960768 0.007464299 -0.008561346 -0.015579337 -0.004164609 0.00034760573 -0.0110113695 0.0011796548 0.010457571 0.009932441 0.0013571662 0.009623647 0.0052079856 0.015803088 0.011130115 0.015093305 -0.0040708454 -0.005662141 0.010724349 -0.0036236239 0.008238089 -0.0028972218 0.016118808 -0.0025600174 0.010797801 0.010460292 0.0034620147 0.008509736 0.0032539861 -0.0022282817 -0.0028813991
cấu trúc kinh tế	-0.012757841 -0.018271968 0.056695484 0.0008301256 -0.0012563696 -0.015744042 0.02903856 -0.0060945475 0.014738514 0.020156499 0.011010064 -0.004078404 -0.006190718 0.002608597 0.013472846 0.012341962 0.0043845894 -0.006575295 -0.023436101 0.005617342 0.0071086055 -0.0045049586 -0.0025156157 0.0016782135 -0.0015103559 -0.008261643 0.001617971 0.007959603 0.025978113 0.0073696706 0.006379742 -0.018099228 0.003636671 -0.018843379 0.011898317 0.0034348157 0.010911295 0.014525814 0.015738549 0.011017288 0.0068441266 -0.012435162 0.022419006 0.0063063544 -0.009196023 -0.0046373256 -0.0006546921 -0.020546865 0.010049856 -0.004578225 -0.0059069875 0.004378156 0.0058180764 0.0060636145 -0.017867256 -0.032496825 -0.023550734 0.0042258343 -0.012408935 0.0075752498 0.0052987263 0.004222967 0.003955765 -0.011004634 -0.002196812 -0.007182563 -0.01315266 -0.018264506 0.05786527 0.0017989067 0.00093411485 0.0002608713 -0.009595395 0.0045705796 -0.014584522 0.017524838 -0.004678939 -0.0030422185 0.013675368 -0.0107762655 0.008685087 0.005569339 -0.021735212 0.0035517407 -0.0074574584 0.007850273 -0.008184418 0.004786345 -0.0028386074 0.0044316906 -0.00061231904 0.014258864 0.007096334 0.0077946377 -0.005136463 0.014314984 -0.002007612 0.0016060101 0.0063803596 -0.003759368 -0.018251115 0.001159656 -0.01860877 -0.017191652 -0.018657213 -0.0037000459 -0.006694093 0.0017291494 -0.002137896 -0.0036010842 -0.0260903 0.023650315 0.003065547 -0.008396223 -0.00643524 -0.016992245 0.01919207 0.009236223 -0.007570949 -0.03710226 0.020824937 0.0029089458 0.032075528 -0.00041278425 -0.0014241217 -0.0072872895 0.018656215 -0.011237963 0.02501698 0.0016037317 0.003603902 -0.014512939 0.010658908 -0.0011209957 0.009373792 -0.024438083 -0.008772599 0.038786013 -0.02114889 -0.0067809536 0.005131378 0.0012078515 -0.0050151115 0.000860088 -0.018495454 -0.00029405978 0.0032232942 -0.0055681914 -0.008247833 0.016364971 -0.0014807127 -0.02366504 -0.023292836 -0.0038727166 0.00034915816 -0.0027233134 0.0024956784 -0.0065848334 -0.015814295 0.008836352 0.00319992 0.0061942665 0.012209125 -0.017635245 -0.004552026 0.023186145 -0.0020048353 -0.010566673 0.020006474 0.0021301915 -0.00069220894 0.0027208084 -0.0059157275 -0.00024829485 0.016195212 -0.014504852 0.0041756467 0.011892816 -0.0017174107 -0.0039437665 0.018773463 0.021361915 0.008672541 -0.0051929997 0.004681287 -0.009832798 -0.013285776 0.016844582 -0.002556207 -0.0022087716 -0.023590518 0.0015725801 -0.018218717 0.025254248 0.008222046 -0.003272802 0.00068129983 -0.019596528 0.012267039 -0.0008582265 -0.020213213 -0.002696738 0.0020140044 -0.004623826 0.0014118372 -0.0040232716 0.011519461 -0.0005291208 -0.005174953 -0.0035899044 0.023121485 0.004531439 0.007304872 0.010499925 0.010999193 0.002449749 0.008417847 -0.0024013165 -0.010089575 0.0048549627 -0.0047575277 0.014745927 -0.008589322 0.020798113 -0.0075584813 -0.002481394 0.0015891743 0.011082162 0.018095901 -0.058667835 0.013911432 -0.009979998 0.0007988348 0.0051326053 -0.00035729798 0.003426734 -0.0041583586 0.005502122 0.010556598 -0.009247452 0.011846372 0.010311018 0.007329714 -0.0065043704 0.00033562683 0.00055459264 0.0038571805 -0.016466519 -0.0062807947 -0.022354284 0.013809053 -0.009978064 0.021467442 -0.01577023 0.02261289 0.0070716585 0.007408975 0.026842799 -0.015225804 -0.010544076 -0.007217535 -0.005232651 -0.006536905 0.0064017274 -0.015179952 0.0005052912 0.01282327 0.005687491 -0.015667379 0.01911349 -0.012955756 -0.003776505 -0.011459664 0.0066953697 -0.0021001224 -0.0009530703 -0.024393005 0.008538265 -0.016418006 0.004584884 -0.0013366417 -0.00965473 0.022133548 0.00066758966 0.009184888 -0.016291589 -0.00022718377 0.0085739605 0.0031458954 -0.009098215 0.016843801 -0.017062873 -0.0034385757 -0.0015513477 0.014409356 0.00015780942 0.007668617 -0.04611094 -0.006938861 -0.020961488
thông tin tình báo quân sự	-0.015453086 -0.016993247 0.032342613 0.010297466 0.015983276 -0.0014316017 0.004111051 0.015128317 0.0034140155 0.0057179797 -0.00030941595 -0.0072191493 -0.0020587728 0.0046149376 -0.004494308 0.007804807 -0.008459714 0.015452161 -0.014661834 -0.017753726 0.019005995 0.00373418 -0.015439083 0.0017214562 0.0051882435 0.01375417 0.016382033 -0.0016754764 -0.004530667 -0.017456513 0.007083135 -0.013087877 0.0038397424 -0.019678423 0.013751328 -0.013811207 -0.016453233 0.019591166 0.007315475 0.0115982285 -0.00021914781 -0.0062019737 0.028249681 0.0021140545 -0.0054063294 0.004854739 0.012113241 -0.0044019124 -0.00053408946 -0.027053848 0.004140778 0.0002427067 -0.009294619 0.009175333 -0.004507233 -0.0265043 -0.029033398 -0.009197736 -0.003849869 -0.0015857127 0.013613775 0.020804662 0.00525073 -0.0062010847 -0.0018205708 -0.012791924 -0.0026409694 -0.009151495 0.0123024965 0.012019538 0.019359464 0.00013855098 0.018369561 0.016569974 -0.022062719 0.026131893 -0.014651917 -0.025775256 0.004173325 -0.0017976655 0.009008723 -0.0038076604 -0.020831032 -0.017979043 -0.026647763 0.006594702 -0.0046511875 0.025213705 0.0021049883 0.0119870715 -0.002415411 0.005804838 -0.0015255148 0.0059415097 -0.008037748 -0.003050413 0.0025367935 -0.005669627 0.0024800564 -0.008043814 -0.0042044413 0.00026001688 0.003453927 -0.02508082 -0.005422643 -0.020587437 -0.011460873 -0.002815909 -0.0017444795 0.00465738 -0.0013569128 -0.004261394 -0.0020470181 0.0023993205 -0.019449143 -0.0007775319 -0.00598258 -0.015904753 0.01754945 -0.041711245 0.029341983 -0.008835648 0.008167954 0.004692595 0.002282877 0.0032847654 0.008056876 -9.105696e-05 -0.006995287 -0.0004116517 -0.0074994923 -0.02458316 -0.0061698146 0.0064143003 0.015978754 -0.017851446 0.005257416 0.022152938 -0.003124563 0.020330196 0.0060527436 0.0047334363 0.0044952384 0.0066429563 -0.015505222 -0.010105868 -0.020699928 0.021509593 -0.007519428 -0.0003762059 0.003888746 -0.02030092 -0.0068721925 0.0060338597 -0.0049242713 -0.00483832 -0.00045236014 -0.0029893143 -0.02888768 -0.0025401318 -0.004381569 0.008594841 -0.0032517829 -0.0021496671 0.004747261 -0.0053732037 -0.0027514426 -0.010073864 0.020240223 0.008398875 -0.016982792 0.0068350094 -0.0045002825 -0.0068222242 0.011470693 0.014354729 0.00044825874 0.015941113 -0.0053007235 0.0020751762 0.01764633 0.005354432 0.026841179 -0.009428514 0.011521455 -0.012011439 0.01433897 -0.0023805134 0.007876887 0.0064585493 -0.020816972 0.030283423 0.009094016 0.021659812 -0.024988636 0.02235896 -0.015358713 0.018234298 0.0023367056 0.015491844 -0.003226021 -0.007059716 -0.009797798 -0.0041969377 -0.023892194 0.0029379197 0.020900711 0.015110004 -0.016354708 0.011435057 -0.007164719 -0.013553043 0.030291192 0.009629409 -0.005309034 -0.0091571715 -0.012057364 0.025132904 -0.016733345 0.012081531 -0.00057954754 0.004007543 -0.0067778104 0.0187733 0.008265833 0.021856597 0.007978284 -0.013224403 0.02694825 -0.028769307 0.0074687763 0.0075214677 0.00019060883 0.0041493024 0.023905 0.022507275 0.0030651486 0.019200685 0.032534536 0.0040691053 0.005098237 -0.015327341 0.00428969 -0.0014159417 -0.010548261 0.0120365 -0.0067864214 0.015182053 0.017117955 -0.013777471 0.004016805 -0.0073947664 0.055462617 0.0028487574 0.051836103 0.0037613905 0.0046363594 -0.0036262113 -0.004532709 0.007662291 -0.012083459 -0.017665302 -0.036458883 0.0038096488 -0.009769235 -0.010354187 -0.010274518 -0.006590285 0.0054182024 0.017724859 -0.014374305 -0.032120302 -0.031294513 0.018763812 0.00568066 -0.008407541 -0.018218117 0.007432111 -0.015103708 0.0015023584 0.0017179586 -0.02871308 0.024970135 0.00393722 -0.012367136 0.009944313 -0.014602613 0.013387095 -0.01306887 0.0028955955 0.014913422 -0.009708679 0.013328071 -0.006011056 0.013485844 0.0053147315 0.008330182 -0.022466762 -0.0057979445 -0.007393054
thành tích thi đấu	-0.000504741 0.00024529966 0.02855358 -0.01316461 -0.001837597 -0.0024075154 -0.009717615 -0.00864021 -0.011739875 0.002448515 -0.0028828061 -0.01115532 0.011456524 0.007259816 0.0034947183 -0.002724356 0.010453415 -0.009724272 -0.039542455 -0.020773403 -0.018013969 -0.012157573 -0.0074498644 0.0012419822 0.0040248744 0.0010198264 0.03383608 0.009936655 -0.0030383472 -0.012085358 0.0017916837 0.01638064 0.010584837 -0.013959377 0.008274903 -0.012869082 -0.05141535 0.02444207 0.0073213684 0.013496869 -0.0128212515 0.011832009 0.030187692 0.0052426746 -0.0034860754 0.008500868 0.021313613 0.005009103 -8.479832e-05 -0.009868451 -0.008792387 -0.00754649 -0.019292967 0.0037683346 0.006692628 -0.042041726 -0.01444688 0.004274582 -0.009179171 -0.016746696 0.0009432611 0.0071092267 0.0054564914 -0.023234148 -0.018259909 -0.015314218 -0.010850154 -0.003254019 0.06860151 -0.0143232085 0.016333157 -0.0026200654 -0.00868029 0.027277883 0.0046635754 0.040557876 -0.018896658 -0.0029947336 0.003700436 0.010917322 -0.010478314 0.0077185035 -0.017851613 0.0044332356 -0.028269298 -0.0042686914 -0.0101067005 -0.003679128 0.012387922 -0.022878125 0.004983229 -0.009331156 -0.024267968 -0.013197593 0.016156211 0.014225787 0.017478704 -0.0025013709 -0.023841677 -0.01802509 -0.038557768 -0.011930209 -0.014304211 -0.023958178 -0.009442387 0.022653604 0.011206348 0.01159133 -0.0020268217 -0.005033989 -0.014602017 -0.008117629 -0.0138188 0.003658095 -0.017302137 -0.0020814873 0.0031286082 0.0013951312 0.0060801003 -0.06977489 0.007383328 0.014531019 -0.00979702 0.0028863403 0.0238017 0.022270394 -0.018277967 -0.009031657 0.005587256 -0.0060019996 0.013872126 -0.035157643 0.0062923376 0.018248318 -0.0033936524 -0.018065885 0.01419071 0.035369795 -0.003607565 -0.00879194 -0.008965613 -0.013809911 0.004989351 0.007857887 -0.045052942 -0.007458062 0.0007959595 -0.016156279 0.0017938011 0.011584696 0.018927313 -0.010384383 -0.02650912 0.017929235 -0.014315625 0.011977672 -0.00228194 0.02267588 -0.008329019 -0.01846393 0.015935944 0.002186792 0.00873861 -0.013593773 -0.008932613 -0.011887999 0.014138908 0.0074037295 0.032749455 -0.00048271846 -0.0020870208 0.016491547 -0.0027406386 0.008037047 -0.00888731 -0.00087629503 -0.00931222 0.034026146 -0.008523083 0.00867721 -0.008645546 -0.008137943 -0.012682699 -0.0071548945 -0.0018308221 -0.029454885 -0.009025506 -0.0072364467 0.007217771 -0.00027560443 -0.04631062 0.008109564 -0.005552885 0.01595997 0.00501071 0.023021448 0.017059239 0.007073621 0.01817084 0.019310083 0.004884489 0.0008391088 -0.0027624383 0.01502029 -0.007615616 0.003740547 0.0069061453 0.033944078 0.041628756 -0.013306501 -0.0087477155 -0.01138101 0.003059851 -0.00804187 0.009478543 -0.0045600873 0.0057968013 0.0047862306 0.011487413 0.0025741342 0.021879004 0.007240574 0.0037508765 -0.0007586465 0.0013511652 -0.004279913 -0.0019307919 0.011674471 0.01659166 -0.056573287 0.0060447343 -0.0060581695 0.004548076 0.0034920275 -0.008968832 0.0017774077 -0.015735868 -0.0030488083 0.010204581 -0.0022709183 0.032523632 -0.0063359947 0.010156643 0.01270975 -0.0043238467 0.0013413653 -0.008357631 -0.010499181 0.005274592 -0.037659988 0.011195803 0.015562487 0.011854611 -0.005424177 0.035668124 0.0014287864 0.002536723 0.014572645 -0.012747586 0.0036545685 0.013333751 -0.0052731414 -0.027889995 0.021267395 -0.025079226 -0.029075038 0.004814317 0.009004821 -0.011745104 0.0024189164 -0.023156941 -0.020568997 -0.03397755 0.0050178105 0.028582303 -0.014558485 -0.03357695 -0.019819215 0.003973591 0.021148436 0.011206378 -0.018078279 0.023728957 -0.017455613 0.0034836042 -0.016063157 -0.03323393 -0.0069602937 -0.003689318 -0.00970843 -0.00052150385 -0.017652743 0.0049098283 0.008193245 0.015580824 -0.000540251 0.020850528 -0.02795045 -0.010721268 0.03699979
đơn vị thể tích	-0.012891873 -0.0011016175 0.0382463 -0.0008351304 -0.021604316 -0.02171671 0.023627948 0.007101181 0.016949743 0.029343244 0.023593094 -0.03013532 0.0027170526 0.0029787885 -0.015140369 -0.0033936622 0.0018992416 -0.015068263 -0.0065701553 -0.011489318 -0.0036662943 0.018483844 6.5837914e-05 0.00091304374 -0.022427035 0.023838367 0.030563612 0.021835776 0.036658406 -0.0025364992 0.0031465427 0.00076892605 -0.002218772 -0.017929686 0.03785768 0.0074867383 0.012743728 -0.0021885254 0.03513441 -0.007757502 0.007222647 -0.0054071546 0.016050035 0.008485114 -0.0030143978 -0.026506739 -0.013012487 -0.020113258 0.020010957 0.002673728 0.013827926 0.0016414406 0.0045526586 0.005270824 0.0013528956 -0.050281685 -0.009008399 -0.0072994735 -0.014487311 0.007379266 0.016233386 0.014083778 -0.0046969596 0.016947152 0.0022578868 -0.0017058216 0.006319366 -0.013899902 0.08202442 0.022844473 0.010484095 0.016899943 3.6869485e-05 0.022348609 0.007857152 0.013853065 -0.014597746 0.011476729 0.0005598836 -0.018426986 -0.008163781 -0.014030759 -0.02371808 0.027133487 -0.00559261 -0.014777712 -0.0047092843 0.024826143 0.004968181 -0.034948837 0.0017180403 -0.005680573 -0.010923733 0.0013522543 -0.02764652 0.027983826 0.004687987 0.019990394 -0.012344248 0.010992134 -0.06293073 -0.0057362267 0.01744341 -0.010387848 -0.013878498 0.002951716 -0.02086704 -0.010640206 -0.029952494 0.0053489413 0.02221502 0.023135176 0.016599018 0.01836864 0.0036718708 0.0026247262 0.0042445743 0.0042683627 0.016801251 -0.04993002 0.025219133 0.012046924 -0.0035632816 0.0025612598 0.012844611 -0.0075942236 0.025709292 -0.0032397215 0.0060837516 0.025356082 0.00075305713 -0.010526561 0.016140984 -0.0032246842 0.026286421 0.013202319 0.0041555027 0.032374337 -0.010953252 0.008956206 0.011088773 0.0019836607 -0.008275315 -0.010723626 -0.010582015 0.005368024 0.01096924 -0.031832695 0.0004909508 0.023880424 -0.0076274923 -0.012784745 -0.030422132 -0.018691774 0.01916362 0.0018851951 0.016142368 -0.0016973884 -0.0006959357 0.004757486 0.007850926 -0.023551214 0.012891197 0.012160134 -0.004903463 -0.0024227526 -0.017598506 0.004707244 0.027666131 0.0013656034 -0.010238572 0.038735773 0.025023011 0.00435767 -0.00020126454 0.0058414247 -0.0038339545 -0.015628027 0.03182408 0.0054183505 0.0146703785 0.006377275 -0.028547512 7.5254306e-05 0.00941128 -0.011510714 -0.008272195 0.020905944 0.017219197 4.5114124e-05 -0.030621354 -0.0054836227 0.0037097617 0.006816059 -0.0010459815 -0.020165395 0.035480652 0.0013079981 0.045819204 0.009831644 -0.013064095 0.006554712 0.012257264 -0.018331151 0.017197533 -0.00029091135 -0.0043373182 0.028595839 0.01073125 -0.036907878 0.010757078 -0.0074400892 -0.004614652 0.024625476 0.0005042037 -0.020073 -0.0055211135 -0.002241751 -0.012801343 0.018480442 0.010565572 0.020163821 0.014728968 0.0069488836 0.007909897 0.006036029 -0.008685257 -0.025018604 0.018285653 -0.028697563 0.030253956 0.0025502408 -0.001445756 -0.0015431517 -0.0018218737 0.0016605854 -0.019086298 -0.0013061309 0.024310235 -0.034123406 0.033242907 -0.006223912 -0.01759496 0.010570473 0.005364571 0.00016864217 -0.007850656 -0.026077786 -0.029358514 -0.005371895 0.018555079 -0.012275914 0.013163484 0.016894257 0.0128242485 0.004191687 -0.00888715 0.038465556 -0.008716389 -0.0041937837 -0.027684126 -0.010770144 0.0020620285 0.02184007 -0.008349916 0.0063105896 0.002794082 0.0072482876 -0.028484385 0.005734299 0.005190248 -0.017634531 -0.011979956 0.0076213153 -0.0015666371 0.030714838 -0.010684829 -0.021223944 -0.01043072 -0.022762332 -0.021435054 -0.005466792 0.021607932 -0.022848634 0.02096851 0.0023507194 -0.020961296 -0.018441515 -0.0013625579 -0.0043122703 0.018956546 0.0039252886 0.010925507 0.007051482 0.014174338 -0.007863103 0.007743831 -0.026886642 0.018653037 0.021417657
Vi phạm bản quyền	0.025525944 -0.011041256 0.025912857 0.02069542 0.0035194566 -0.0045942166 -0.0026992837 0.005541771 -0.00074060855 0.027665723 -0.005612569 -0.014256048 -0.0038829914 0.005576483 -0.022052314 0.0107869385 -0.001817564 -0.008453726 -0.033083797 -0.0072014085 0.023697479 -0.01336013 -0.000817963 0.00043096245 -0.0030358185 -0.010032439 0.009112831 0.011326794 0.02213111 0.0030997398 -0.009832476 -0.013589256 -0.013277689 -0.021694845 0.04117528 0.0152572775 -0.0040503996 -0.016570892 0.018415874 0.022999823 0.01659126 -0.0009461487 0.038361598 0.012422531 0.006730988 -0.0058614584 0.002670595 0.010537071 -0.0013180398 -0.0011839772 0.0011231017 0.0132542895 0.00628517 0.0038449715 -0.010554863 -0.017720042 0.007144431 -0.01770558 -0.006664127 0.013968558 0.0018876096 0.024010044 0.004270613 -0.0016793837 0.009337326 0.007744088 0.0003282436 -0.02732956 0.046434645 -0.006727579 0.01222514 0.009481879 -0.008479519 -0.0021963764 0.007805768 -0.008136826 0.009339801 -0.008330328 -0.012398873 -0.024197614 -0.008923641 0.012301413 0.005896094 -0.015687594 -0.0269677 0.02687531 -0.012353912 0.030598836 0.01404964 0.047940265 -0.012449781 -0.003072396 -0.03840579 0.0024858804 -0.010485215 -0.0060904087 0.0148801375 0.0067192623 0.0071203886 -0.007555082 -0.01950311 -0.026500734 -0.01164939 -0.0069443095 -0.004208838 -0.06605483 -0.0016167269 0.04905085 -0.012199343 0.009573396 -0.025341911 -0.016813155 0.0065978575 -0.014421585 0.014332294 -0.0069691464 0.022334628 -0.0014299103 -0.0052858065 -0.0002056241 0.0021481917 -0.004129248 -0.012184391 0.009094992 0.024963092 -0.008746014 -0.0078062564 -0.0038401748 -0.0065440694 0.004046105 -0.002186018 -0.021906188 -0.009067774 0.009490714 0.025935596 -0.006944103 -0.01642743 0.032410644 -0.00819731 0.016736252 0.009119888 0.0045249485 -0.007269266 -0.0019329076 -0.0282303 0.015542349 -0.011673556 -0.071031936 -0.012500326 0.013182584 0.025176818 -0.003901067 0.00077752175 -0.00492469 0.014101143 -0.009719872 0.014476567 -0.01921825 0.00022345682 -0.0011817911 0.0063049463 -0.022953553 0.013586375 -0.015515761 0.0037412094 -0.0024120316 -0.029808022 -0.021689115 0.02742348 0.004345481 -0.011921484 -0.018438032 -0.0060551087 0.0056626755 0.02178103 0.023170194 -0.0078133745 0.016349288 0.012671745 0.007260594 -0.019670095 0.013044104 0.0019477417 0.0011384358 0.0057220506 -0.0139046945 -0.01866146 -0.0056744562 -0.025665155 0.0054516545 -0.07539727 -0.0072643463 0.0043487647 -0.015378951 0.0063981353 -0.017055176 0.0038027992 -0.016501997 0.0024115464 0.018478874 -0.015511331 0.008884711 -0.006927597 0.00036901125 0.023291558 -0.019830788 0.01299525 0.004366079 -0.023675028 -0.02362459 0.03989172 -0.014334301 0.019138247 0.002907067 -0.0028733676 -0.0056425007 0.006806955 0.035856508 0.0030845802 -0.009052296 -0.010223725 -5.6829365e-05 -0.011278903 0.019640839 0.018386535 0.012059161 -0.0016647816 0.010214076 0.037281156 -0.036943913 -0.011869054 0.0025006528 0.007606989 0.005216012 -0.017146952 -0.0027836359 -0.023693511 -0.0029752383 0.018064179 -0.012435638 0.003463076 -0.005478603 -0.017218838 -0.022794148 -0.004825522 0.00024949404 -0.030887472 -0.012187614 0.0017325009 -0.0018026351 0.02242397 -0.011507964 0.023095986 0.017522933 0.045322236 0.003984651 0.003264465 0.018513616 -0.02314226 0.017232431 -0.02928953 0.00042990173 -0.03700376 0.034047656 -0.035959497 8.082539e-05 -0.008100728 -0.0011642602 0.0014998277 -0.004564124 -0.01336229 -0.042393386 -0.013025338 -0.006936627 0.019758198 -0.041768644 -0.0087457085 0.025933476 0.0011477264 -0.011450691 0.02820623 -0.020367615 0.029018987 -0.014743521 0.020181887 0.009054887 0.0047910423 0.004296946 -0.008881733 0.0031812058 -0.015238863 0.004201689 -0.0014947738 0.0061361543 0.03131721 0.0054827877 0.017867213 0.010598707 0.014874248 0.008280387
Phép lạ kinh tế	-0.00937136 -0.012297834 0.007921309 -0.00043219098 0.0009085725 -0.0034925938 0.010238979 0.008197048 0.0097520985 0.029982759 -0.008716399 -0.015430361 0.015132498 -0.003844062 -0.011506478 0.0015212492 0.012078409 0.010073141 -0.011420604 0.0034432707 0.0032804837 0.0022534332 -0.012598248 0.0055174306 -0.0004593773 -0.0077202767 0.023271203 -0.011803953 0.012481663 0.00025917648 -0.004859244 -0.024862269 -0.0050079334 -0.033951923 0.020070085 -0.0039767167 0.00026484148 0.019582544 0.021382663 0.015099452 -0.000107724794 -0.018485209 0.020968277 0.013259296 -0.006055566 -0.0073185894 -0.0058350274 -0.018121935 -0.0021754126 -0.026978552 -0.0051923064 -0.02411908 0.00067288947 -0.015366485 -0.03900222 -0.017387452 -0.019634595 0.004541789 -0.008703586 0.011435421 -0.010798572 0.0067563173 0.010744958 -0.04981232 -0.0063252887 0.00066793594 -0.013815787 -0.0034833641 0.057215218 0.0040456955 0.01557437 -0.012820625 0.002154666 -0.0054125115 -0.014341564 0.008772307 -0.008694852 -0.015888385 0.009337681 -0.018704504 -0.014236295 -0.008563276 -0.019064652 -0.0176773 -0.012852807 0.0029171796 -0.008204239 0.0010079381 0.0029842355 0.038153104 -0.0035188152 0.0051176725 0.0013478338 0.0182973 -0.01615451 -0.0052714976 0.010026902 -0.010666915 -0.0009723437 0.0062721344 -0.017513268 0.0006118494 -0.0029454106 0.007728405 -0.031480968 -0.041638933 0.0010346449 0.008749576 -0.0071852403 0.003933251 -0.025683772 0.006614417 0.0017468284 -0.0010462541 -0.007130266 -0.009789463 0.030403959 -0.01738737 -0.00928068 -0.018347094 0.026535504 -0.0032537882 0.02088357 0.0139419865 0.023638256 -0.009084482 0.009829574 -0.014600109 0.013327234 0.013171817 0.010910927 -0.0020251125 -0.010199677 -0.0029737307 -0.00813516 -0.017411733 -0.010177806 0.031450957 -0.014005198 0.014938687 0.008251568 -0.011038709 0.015501589 0.0030138828 -0.012204857 -0.0053476384 -0.0040587178 9.612642e-05 -0.012835248 0.0074977153 -0.0024157634 -0.011811884 -0.018376904 -0.0020888695 0.0008005219 -0.02252365 0.015395378 -0.012380834 -0.007424363 0.019028883 -0.012633845 0.016883304 0.004759553 0.0020685694 0.0008276279 0.0042208945 0.01625352 -0.00041472912 0.013073647 -0.0002058819 0.014939552 0.01850588 -0.003832714 -0.002315359 0.013175194 -0.0022742304 -0.0010357662 0.013477385 -0.010628739 0.0018710643 0.0040401947 0.030236248 0.0132784415 -0.0029718042 -0.0033692499 -0.011442876 -0.013426026 0.013293509 -0.007788429 -0.0067289625 -0.016881505 -0.0010013191 -0.03689963 0.00967393 -0.0040557575 0.0024080002 -0.0061168047 -0.017020863 0.024143787 0.0085071055 -0.022281628 -0.0027636478 0.0047412026 -0.0029803328 0.008283793 -0.0048916307 0.00062712195 0.017483318 -0.014909974 -0.018409636 0.027356705 -0.0025079104 0.021584515 0.0060410057 0.0027751417 0.001615473 0.016771443 0.008677111 0.0010597538 0.0063059456 0.0023238636 0.019174121 -0.008006321 0.022130366 -0.00095926854 0.005548082 0.0012936151 -0.0056344895 0.0069905994 -0.052811936 0.009904762 0.0042701866 -0.00920123 0.007243928 0.008070163 0.0058930786 -0.019728975 -0.0029043017 0.009288324 -0.006428944 0.024793552 -0.0013263761 -0.014250926 -0.008883083 0.012710094 -0.0062250025 -6.199643e-05 -0.023070535 0.0059600854 -0.007370194 0.0083555635 -0.010412394 0.041307922 -0.004438642 0.046028845 -0.0044541857 0.0076720593 0.029784124 -0.02344011 -0.0017495577 -0.016275937 -0.0010806838 -0.035606984 -0.0023540067 -0.011659982 -0.0066559194 0.0037552754 0.002208589 0.001802244 0.02415035 -0.0189302 -0.010457786 -0.021953216 0.00807548 0.00323052 -0.012846638 -0.0006842808 0.03990122 -0.020086048 0.016700191 0.004427976 -0.0036439663 -0.004160987 0.015370313 0.0076333904 -0.012437094 -0.012638683 -0.020422813 -0.009092981 0.004831547 -0.0009564193 -0.019843496 0.011368006 -0.0068508354 0.0065248627 0.007281628 0.010761937 -0.011160541 0.0006181586 -0.011388985
đồng hồ đo huyết áp	-0.0063647 -0.017896766 0.04747954 -0.016603582 -0.0064482847 0.0014761674 0.017550217 0.016672771 -0.0005571596 0.033197 0.0110402005 -0.02313707 0.01449258 0.021384135 -0.02595256 -0.010058218 0.01632605 -0.005648385 -0.023362601 0.0055249147 0.0073495377 0.002903236 0.0013063112 0.018759795 0.010265286 -0.024292337 0.020867905 -0.002563981 0.01725416 0.0053410674 0.008104064 -0.0021656328 -0.012051119 -0.001789135 0.033669494 -0.017513636 -0.03353083 0.0033562058 0.021383343 -0.006537208 0.011941169 -0.021871671 0.026225388 -0.0073114843 0.010952757 -0.014294472 0.0031405725 -0.010699067 -0.008603792 -0.017930513 -0.008100009 0.0072236983 0.0006458531 -0.0091806445 -0.014507797 -0.019535279 -0.011117423 -0.019761777 -0.011795282 -0.016779406 0.00018473927 -0.009206118 0.008959091 -0.021805266 -0.012948378 0.00233124 -0.014583027 -0.015673505 0.03902383 -0.00070555246 0.0017662272 0.0069364025 0.016910419 0.026276425 0.010822092 0.0018138349 -0.033483416 -0.019315228 -0.00038498323 -0.005357255 -0.013780193 0.006799272 -0.02952927 0.004304703 -0.014275707 -0.0017309906 -0.03237004 -0.014033128 0.0029546106 0.024166202 0.0058487053 -0.008524563 0.013034153 0.013667116 -0.003266399 0.007465708 -0.0035531668 0.0051593543 0.0116700735 -0.0011684339 -0.023152074 0.00032838236 0.021675587 -0.023298388 -0.010794134 -0.011202284 -0.025356367 -0.027524102 -0.009330629 -0.017234718 -0.021915013 0.005915246 -0.0005250968 0.0012998519 -0.0136169065 0.020521143 0.0005342112 -0.0029864192 0.0015955846 -0.028005425 0.04059179 0.0010105135 0.023500815 -0.0022597585 0.017171606 0.003415328 -0.0033784783 -0.008120872 -0.0037508756 0.014496745 0.0014794479 0.00890343 0.0016034294 -0.008905617 0.015548976 -0.005804246 0.0068315226 0.025446407 -0.0031508368 0.012015646 0.002049239 -0.0037057733 -0.010334851 0.0073905685 0.0010537031 0.021553803 -0.016839262 -0.051553994 0.0011198056 0.004277775 -0.004722961 -0.009975284 -0.032554835 -0.0029208069 -0.013338485 0.0015273289 0.012896911 -0.0008510309 -0.008317047 0.010469397 0.0031408668 0.013112595 0.016979035 -0.007415058 0.012110852 0.0062055085 -0.005527402 -0.005870875 0.026047036 -0.00011762736 -0.017479952 0.0153092425 -0.01672081 0.018446542 0.004871673 0.0018028794 -0.0020646015 0.0014761669 0.0044151647 0.014880077 0.014855299 -0.0026374105 0.00984729 -0.007319471 0.0060337423 0.011739798 0.00943267 0.006184689 -0.0002793376 -0.0018313192 -0.030049495 0.008786494 -0.016367683 0.026407612 -0.008598854 -0.010381627 0.013067617 0.007797259 0.009002797 0.017365398 -0.015303856 -0.0045216866 -0.020861149 -0.009571119 -0.007495057 -0.015452732 -0.009494138 0.021265015 0.0019974096 -0.02932161 0.02479211 -0.0070379395 0.0017403833 0.012980765 -0.017150853 -0.014387041 0.009237477 0.008310464 -0.01838104 -0.0015248569 0.005564896 0.000531911 -0.034727793 0.010653534 0.002339909 0.003835701 -0.0006907913 0.0020687743 0.007038867 -0.025344754 -0.003985507 -0.009142151 -0.014496425 -0.0025182494 0.009030402 0.005109351 -0.021223053 -0.006289388 0.00036635337 -0.014396406 0.026193907 0.00014792153 -0.0017070171 -0.017843682 0.008143306 -0.014283413 0.0014319087 -0.0278905 -0.0045457236 0.000592782 0.011569671 -0.002675881 0.01100615 0.0050820988 0.039595056 0.0050679585 -0.0009624466 0.01342667 -0.00953567 -0.00092232897 -0.028970677 -0.0053359545 -0.04022189 0.00430879 -0.0075397454 -0.014652554 0.011607802 -0.00866069 0.0010854055 0.017842047 -0.007554057 -0.02353044 -0.0105058085 -0.0059169894 0.009040468 -0.0069668093 -0.015789606 -0.013058453 -0.005092522 0.01688802 -0.009618101 0.0060971263 0.0238842 -0.004858174 0.015592007 -0.0142168645 -0.034075603 -0.00869771 0.005576893 -0.00023497532 -0.0069802618 -0.011123549 0.006324418 -0.0049928674 0.0015386989 0.009580255 -0.0011491065 -0.022919564 -0.0171009 -0.00040907128
hiện tượng địa chất	-0.00075905287 -0.007839205 0.04664461 -0.0039365254 0.008545357 -0.008658378 0.007897147 0.0060547907 0.00894713 0.019682536 0.00046022586 -0.015934011 0.0074254544 0.0035675133 -0.0032973601 0.0123567125 0.0057572634 -0.015594968 -0.012720716 0.015976604 -0.0001542165 -0.010065534 -0.0045127133 0.015945427 0.002530101 0.015827298 0.014321243 -0.009993941 0.013816351 -0.00069135206 -0.0006373362 -0.020933434 -0.009730127 -0.009961317 0.011018189 0.00087855145 0.0130098155 -0.0031683007 0.012258069 -0.007482202 0.0068998598 -0.0031812454 0.028139595 0.0038737897 0.0075177946 0.00415679 0.0029928274 -0.0058721737 -0.0015610518 0.0055939443 -0.003349926 -0.019512787 -0.0029430818 -0.016494015 -0.008177961 -0.007914173 -0.0034422572 0.0076003037 -0.010154446 0.016898494 0.009185337 0.0043521654 0.014515695 -0.01368807 0.015476046 -0.0081321765 -0.014397558 -0.02146732 0.060185347 -0.0008140671 -0.010238052 0.009357917 0.010396013 0.035525877 -0.006573755 0.017904304 -0.027559359 0.009641992 0.015503291 -0.012535541 -0.0069829337 0.00525316 -0.016638432 -0.002446421 -0.0012030838 0.0063735666 -0.013022687 0.008458731 0.002881739 0.008763799 0.017119775 -0.010773166 -0.0055827876 0.01561087 -0.0020124384 0.008341856 0.0098006055 0.005287814 0.0015066293 0.006392387 -0.020538216 0.015693871 -0.014405402 -0.03351771 0.008424027 -0.012935699 -0.014573757 -0.009655974 -0.0031635633 0.0030697295 -0.02678263 0.0018250241 -0.0014749011 -0.004830901 0.0070828195 -0.009164985 0.010524862 0.004298353 0.0042084283 -0.039952558 0.0052091368 -0.013492437 0.010917027 -0.0043820958 0.0034431 -0.011343671 0.01734306 0.0036668312 0.0013902376 -0.003765899 0.007898698 -0.01071399 -0.0008629807 0.01636342 0.0010007034 -0.016425915 0.002609525 0.04001813 0.003623997 -0.0074745794 0.0057104337 -0.0070171733 -0.006097161 -0.0016557137 -0.0039948714 8.6774286e-05 -0.002530473 -0.007812861 -0.0020783276 0.004647905 0.002230684 -0.011474853 -0.00937022 0.007114584 0.004857361 -0.012425683 0.0055339034 -0.0076422296 -0.009250073 -0.0003225965 0.0137861045 0.011787257 0.010245721 -0.012547104 -0.0010332384 -0.0036154196 -0.015967218 0.012929682 0.017486064 0.0024414419 0.00036602467 0.0042756726 0.008547041 0.0057641286 -0.00343964 0.019154986 0.0032279396 -0.0041434085 -0.0010994336 -0.01678761 0.0015827207 0.011603273 -2.4834977e-05 -0.005285146 0.011213628 -0.027272714 -0.010467066 0.0032554783 -0.0019026776 0.018433038 -0.021926157 -0.006138061 -0.00049218076 0.0008566375 -0.0066722557 -0.004304883 -0.0046581407 -0.0038676183 -0.0018725571 0.010950884 0.0069244266 -0.0079735145 -0.0038860783 -0.01988683 -0.0034061915 -0.006187048 -0.004235883 0.00063451356 0.003505069 -0.0069646086 0.015604587 -0.00072435837 0.0306234 0.0043824604 0.013333285 0.0067582875 0.0054703513 0.0012704192 0.020247994 -7.2340095e-05 -0.006081467 0.0009850161 -0.0067940303 -0.0024237356 -0.004643661 0.024250671 0.007450493 0.016025487 0.012246907 -0.055706173 0.00740874 -0.007510783 -0.0026562223 0.00847522 -0.017785367 0.0075925617 -0.01734502 0.0041559907 0.00026118185 -0.010738236 0.00891228 0.014810985 0.0031878115 -0.012503286 -0.0049733906 -0.0042896904 -0.006207047 -0.007443582 -0.0040657283 -0.0076578083 0.011349586 0.00059690676 0.036846843 0.0032795598 0.030485893 0.009160144 0.0003357146 -0.005751276 -0.00229068 0.0023543455 0.0035358786 -0.023357451 -0.03651143 0.018921945 -0.010569479 -0.0035958048 -0.018453576 0.010305665 -0.00574844 0.021463705 0.0013840884 -0.0066728177 -0.004833102 0.008438109 -0.006802857 0.0030288156 -0.019831344 0.030219393 -0.010653204 0.01689373 -0.0038139205 -0.017207237 0.022014039 -0.003364619 0.004519696 -0.020248855 -0.011535567 -0.021612743 -0.016794832 0.008119828 0.004774596 0.01575917 -0.020913664 -0.01686627 0.00095176947 0.0081086345 0.0066781053 -0.009932476 0.019386819 0.000978458
chuột chũi chúa	-0.0053026127 -0.0032765998 0.022547513 0.0010211214 0.011710633 -0.019202415 0.0067810956 0.016561313 0.006684499 -0.0033965434 -0.021615101 -0.011186227 0.016357524 0.0043929415 -0.026880132 -0.02699202 0.02304572 0.0006760637 -0.030732539 0.013960689 0.0099765 -0.019346025 0.03484905 0.0054603373 0.0017381397 0.009273642 0.028958587 -0.0057274695 0.0039497465 0.002491057 0.0012553763 0.0037519638 0.005370183 -0.026312599 0.02948189 0.0072341757 0.0004618741 -0.01625476 0.033227406 0.032421757 0.0082534645 0.0044650775 0.04088128 0.001899312 -0.007933121 0.023525529 0.014245082 -0.023474773 0.00015181761 -0.0021238574 -0.020700961 0.0128420135 -0.013956342 -0.010228193 -0.022003254 -0.040561102 -0.05410284 -0.010364511 -0.03263329 0.009335875 0.017923666 0.021451483 -0.028621692 -0.074814856 -0.016976211 -0.01892626 -0.025512986 -0.0103652645 0.05421507 0.028911991 0.01697527 -0.006717788 0.008654923 0.03899638 -0.01918064 -0.0029775521 -0.010142142 -0.0357059 0.00010269035 -0.0040010037 -0.060724832 -0.001291693 -0.027858427 -0.007028668 -0.010931065 0.008402509 -0.017129151 -0.00046008424 -0.0089916205 0.04523376 -0.0056056934 -0.012603607 -0.02219569 -0.0012424167 0.0003295157 0.02631143 0.0025904535 -0.0013933902 0.015587745 -0.00093167275 -0.026615564 0.002696134 -0.009819182 -0.027976476 -0.037857365 -0.053419307 0.0025102214 -0.011295642 0.02743429 0.01651739 -0.0077281464 0.008001142 0.003266656 -1.2128399e-05 -0.0023023523 -0.026054809 -0.013362499 -0.01751648 0.009704335 -0.06257324 0.028396187 0.016192801 0.029593807 0.009168257 0.006970679 0.009189052 0.010583456 0.0033309083 0.0052416003 0.006933488 0.0068082763 -0.022651095 0.022646083 0.015729424 0.0014432298 -0.023409612 -0.021894544 0.034836527 -0.008234446 -0.017148826 0.01700268 -0.026293032 -0.0037404695 -0.0009233387 -0.022641193 0.009091649 -0.0045283656 -0.045799572 -0.039164383 -0.005954412 0.018087255 -0.02567933 -0.03878302 -0.01795773 0.0027577255 -0.011904687 0.004774708 -0.015734058 -0.006204242 -0.006717649 0.012107217 0.0013846663 0.01633734 -0.006171598 -0.0009099487 0.017473359 -0.014151176 0.020341735 0.00872034 -0.006811935 0.00900696 -0.003053249 0.0020624092 0.0023680143 0.016981967 -0.02772366 0.010059719 -0.027426917 0.006038288 0.007336885 0.029049076 0.004056004 0.026518937 0.009104243 0.0174674 -0.009341877 -0.0034163995 0.028442316 -0.031070132 -0.018866695 -0.05204577 -0.016492851 0.009495657 -0.00064560317 -0.0019720101 0.0013876787 -0.013502406 0.017894972 0.002449634 0.009787232 -0.02659459 0.02990056 0.0032610234 -0.009245487 0.0004330862 -0.00585981 0.02102545 0.01846089 -0.012754924 0.0036399898 0.1044859 -0.0003863788 0.049517844 0.018045168 -6.887374e-05 -0.0051283827 -0.007852769 0.007699458 -0.010692539 -0.013947223 0.02291786 0.0011868579 -0.0125580765 0.0027978583 0.01535273 0.019034388 -0.011070011 -0.0154055655 0.014517507 -0.05511329 -0.013481872 0.017849375 -0.0033928081 0.020953855 0.021830272 0.021885954 -0.0010215113 0.013154202 0.0051535494 -0.0011651332 0.038477574 -0.0055155824 -0.012509248 -0.0030942145 -0.00081142253 -0.008859361 0.010324378 -0.018682295 0.0044329306 0.0038463399 0.0020327754 -0.005473027 0.07111145 -0.0021513589 0.045921408 -0.017700616 -0.009304542 -0.01365956 0.0033538903 0.01879215 -0.04231756 -0.042238113 -0.023396214 -0.0027501807 -0.0015810152 -0.009104075 0.008150981 0.017394233 0.021525342 0.017898317 0.0009213537 -0.021975212 0.006676875 0.0134510705 0.030650247 -0.008867948 -0.006727736 0.02072465 -0.019180702 -0.016427308 -0.036239166 0.010129927 -0.00014569194 0.026508601 0.0009485452 0.0028067757 -0.012427762 -0.028797444 0.01576168 0.004329629 -0.0011353797 0.0037404185 -0.024695983 -0.021394325 0.020193841 0.008197457 0.0012075201 -0.017620755 0.00307046 -0.022767385
bệnh hoa liễu	-0.009035197 -0.02519566 0.04977362 -0.014557382 0.008816409 -0.01789659 0.015336892 0.010896813 -0.009001484 0.019333212 0.01921541 -0.015558252 0.003202753 0.012811991 -0.021208087 0.007021615 -0.014378003 0.017726881 -0.012299514 -0.0046468386 0.0061038285 -0.014943227 0.0035959987 0.026717735 0.005944288 0.0068473904 0.037691228 -0.0140058575 0.024120074 -0.0141642755 -0.0056717154 -0.035067327 -0.0010693059 0.007895586 0.018828416 0.013441219 -0.021101685 0.028431954 0.027872747 -0.023018748 0.0024374633 -0.014262516 0.02390021 -0.0018760574 0.011976158 -0.005818124 -0.0014958275 0.0022476877 0.031990495 -0.0025871287 -0.008095226 -0.0013189868 -0.010670229 0.00819452 -0.011542198 -0.031497266 -0.03528254 -0.0052697393 -0.009516064 -0.003351303 0.010501668 0.0033158294 0.005117743 -0.018619452 0.014696433 -0.018203484 -0.012561458 -0.018288655 0.08430522 0.003834142 0.007840062 0.0021352635 0.022068262 0.014825723 -0.031021662 -0.009947768 -0.062906235 -0.013645115 0.010853657 -0.005291045 -0.015488462 0.013023278 -0.020657865 -0.010302317 -0.02106456 0.0019851367 -0.0012337565 -0.0067307856 0.020238148 0.011262598 -0.00024604425 -0.011155073 0.0055135386 0.004042122 -0.024243152 -0.004925386 0.006646755 -0.02155783 -0.0067294766 -0.035131443 -0.05303602 -0.00810738 0.021596456 -0.047262285 -0.013156999 -0.035092674 -0.025512116 -0.006581311 0.0063426564 0.0020508443 -0.07748029 -0.007968886 -0.0137617355 -0.0036999949 -0.014647197 -0.021164874 -0.005784796 -0.0033927425 0.011522642 -0.014551451 0.016970668 0.005667224 0.04345765 -0.0038032434 -0.00023991885 0.028250206 -0.01338548 -0.02495191 -0.014238951 -0.0007805709 -0.017252969 -0.01744284 0.0009802014 0.0014636767 -0.0058881994 -0.032313358 0.022948986 0.052649293 0.014739352 0.002105256 0.011592177 0.0014414683 0.00041531704 -0.03558669 -0.009544822 -0.033050243 -0.029907238 -0.020071266 -0.03229708 0.0019951614 -0.012175613 -0.022113616 -0.035947844 -0.008522852 0.0053128693 -0.020145966 0.027701525 -0.01229198 -0.011141361 -0.006880037 0.0015380442 0.007225025 -0.005578813 -0.03436402 -0.009241843 -0.013109203 -0.021793805 -0.00809618 -0.0071805688 0.002482001 -0.025615789 0.023178764 0.0053846333 -0.013624639 -0.0071511115 0.015167684 -0.018567624 -0.026053036 0.009988212 -0.0041106683 0.01865258 0.02882855 0.03669752 -0.0095839985 0.00022988496 -0.011247566 -0.0039446154 0.002603728 0.007552682 0.0069915233 -0.015740756 0.008866773 -0.005618092 0.01978807 0.03213717 0.022163207 -0.012249017 0.0007540574 0.06022867 0.013986841 -0.016851744 0.007273384 -0.007117221 -0.02050644 -0.0042765443 -0.002978401 -0.015385699 -0.014783245 -0.015120418 -0.011793893 0.08066921 0.018861664 0.003990592 -0.015932173 -0.0015433264 -0.010053736 0.019791303 0.020439006 0.0032251938 -0.002126006 0.020800643 0.015494154 -0.025098167 0.005213949 -0.015335889 -0.0010124223 0.011773915 0.011541411 0.039927375 -0.04698238 -0.00045160067 0.0065474506 -0.008679995 0.006423123 0.0012736906 0.0114905825 -0.009810993 -0.003937973 -0.0021486317 -0.0049208016 0.059826914 -0.012463686 0.004243343 -0.014922143 -0.0042887325 -0.0204626 -0.0062858667 -0.014354291 -0.006965384 -0.045763817 0.003512694 -0.0007663112 0.073036775 0.0017403384 0.0632286 -0.006821987 0.013544732 -0.009574041 -0.014217286 -0.018856453 -0.015741376 0.0074868356 -0.07286716 -0.00072081183 -0.004618044 0.012205595 0.011965721 -0.0021852783 -0.027439175 0.015209848 0.00614766 -0.015610635 -0.028826294 0.012076253 0.020394897 -0.010867216 0.011931723 0.018626295 -0.004593685 0.010327443 -0.011587363 -0.0339337 0.012859977 0.0005124228 -0.023212494 0.0014146817 -0.01443418 -0.025333166 -0.009833579 -0.011657699 -0.035242014 0.028310446 0.008020782 -0.0023612655 -0.0051453933 0.0033444709 0.012730465 -0.04559594 -0.0011329715 -0.016028576
Chất dẫn truyền thần kinh	-0.00872458 -0.005908168 0.013980541 -0.0010371801 -0.01380979 -0.017287495 0.0022162274 -0.007300614 -0.0021465141 0.024125788 -0.0031011228 -0.01386898 0.0018889962 0.0017678171 0.007096335 0.02253883 0.0010654243 -0.009936085 -0.015517022 0.0047446815 -0.016575875 0.003270568 -0.0066935485 0.0027615086 -0.0050681643 0.019274987 0.019245567 -0.01877661 0.0015775658 0.0008222268 0.010764442 0.0059015118 -0.003392029 -0.002643413 0.0035685962 0.0038820447 -0.018705567 0.026612274 0.013532507 0.030786633 0.0014943811 -0.00079256814 0.03492374 -0.0034987738 0.008248843 0.009099407 -0.016253684 0.002068545 0.009373416 -0.009662384 -0.00055412884 -0.0058082147 -0.0063618184 -0.014161452 -0.013274815 -0.030334497 -0.0007650923 -0.008399371 0.00514566 -0.01527786 0.006380126 0.014478905 0.012786534 -0.03517278 0.003984208 -0.0014513384 -0.008373168 -0.007613377 0.042059053 -0.0047978233 -0.00022507207 -0.004792717 0.01197424 0.014962107 -0.014990109 0.027847722 -0.018948765 -0.0028231386 -0.0021829794 -0.0070928843 -0.0019668082 0.012889627 -0.02691037 -0.007306261 -0.021169018 -0.0035275475 -0.01885232 0.009932673 -0.0006522309 0.0051835235 0.0029732792 -0.013301375 -0.0028554078 0.008886388 -0.008431244 0.0037801985 -0.012713397 0.007350718 0.010343032 -0.007813674 -0.01813349 0.008195743 0.006034609 -0.010238092 -0.0077602156 -0.025797416 -0.006931159 -0.0021214024 -0.004810204 0.013905036 -0.01961142 0.003910785 0.0031958688 0.007580996 -0.011382732 -0.0052562626 0.011112926 0.0018378698 0.0072983387 0.011716393 0.025703445 0.003149809 0.015109691 -0.004534019 0.0076047527 -0.008736087 -0.0107028745 -0.015608141 -0.00054379634 -0.00540032 0.007751939 0.00919379 -0.003276892 0.008150533 -0.0074101747 -0.004895494 -0.009831641 0.0167529 -0.019837808 0.010421741 -0.0010252587 -0.004219473 0.005803885 0.005229291 -0.015226403 0.0062363762 -0.007933793 -0.035629414 -0.0020055054 0.0058793686 0.018492706 -0.0027975342 -0.016696736 -0.008299838 0.0026417298 -0.002405456 0.0063117184 0.008681081 -0.010962893 0.014007965 0.003570118 0.0018874021 0.034447778 -0.010292697 -0.002720669 0.0061973413 0.0048212307 -0.0020519483 0.013347014 -0.0048265313 -0.004517591 0.003228349 0.00937959 0.0020295621 0.003685664 0.0003797671 0.0032764168 -0.0028044234 0.0052238894 0.0132159395 0.015682574 0.00065101974 0.014676115 0.0048819943 0.008829254 0.0010875398 -0.0025489125 -0.0018298056 -0.008941084 -0.0030891811 -0.02410346 0.0024232534 0.0056813736 0.0027155406 0.00014931677 0.014466447 0.003690789 0.011231518 0.017773548 -0.007777661 -0.01849859 -0.004318362 -0.008015854 0.012555689 0.009176555 -0.004694488 0.011752007 0.0042410027 0.0023136714 -0.028681088 0.012272167 -0.002883041 0.0074385023 -0.00025310277 0.01639905 -0.007861754 -0.0012000885 -0.004848404 0.0040250258 -0.011827137 0.012110426 0.013596892 -0.0061356723 -0.011796484 -0.0040645287 0.0019437869 0.0017568925 0.007414763 0.0050784615 -0.02291986 -0.00096188224 0.012731621 0.0029720291 0.009631872 0.009493593 0.014020908 -0.00786939 0.004593128 0.0031844536 -0.012389017 0.019861676 0.00762964 -0.013444937 0.000795768 0.0033066305 -0.0058424072 0.0030294165 -0.006987923 -0.0002175913 -0.019602176 -0.007415068 -0.001462064 0.057754092 0.013807753 0.023392845 -0.0041983197 0.011964622 0.012147592 -0.0044189207 0.00514184 -0.010907608 -0.016078727 -0.029397612 -0.0011329779 -0.014229895 0.0045546745 0.004497613 0.0039181104 0.00049551413 0.012800355 -0.009407401 0.0007477717 -0.012014909 0.0058724764 0.017649213 0.013400653 -0.023685502 0.039594244 -0.0057752626 0.012446072 0.0030480733 -0.009310255 0.01896819 0.002983816 0.0117070675 -0.008567991 -0.022659099 -0.0014473834 -0.005173877 0.00034142367 -0.0046990425 0.0012282039 0.013320144 -0.011112404 0.01571214 0.01058788 0.008623452 -0.012325598 0.0062172213 0.0010609295
miễn dịch đặc hiệu	0.013239898 -0.012003151 0.070276834 0.0027120616 -0.019675553 -0.019905012 -0.002249997 0.01351276 0.009480077 0.0340301 -0.005484999 -0.014362348 0.0062157954 0.015180854 0.008043066 0.024206296 0.010900928 -0.011118924 -0.0126452185 -0.0014567696 0.027945623 -7.790513e-05 -0.002752195 0.022684406 -0.0030486784 0.0080814455 -0.0027282536 -0.0023366704 0.0019435519 -0.00071082055 0.03135704 -0.022823969 -0.018652786 -0.004904551 0.03241563 0.00747812 -0.021682918 0.032759488 0.014475505 0.013756772 -0.0045204074 -0.008196591 0.035490215 0.0102842795 0.009111296 -0.02544502 -0.02213312 -0.015888639 0.010417588 -0.027834026 -0.0067834905 -0.0038508922 -0.0055004656 0.0057324236 -0.022636995 -0.03432136 -0.035124145 0.010157811 -0.0068035675 -0.0028377762 -0.008575717 -0.012709469 0.011945464 -0.031647038 -0.0017336258 -0.00729068 -0.004698989 -0.010258717 0.03649442 0.018169366 0.004407225 0.0197402 0.018324004 0.0127189085 0.0016885411 -0.0033993365 -0.029574988 -0.025749877 0.008674994 -0.015773103 -0.010306364 0.0075068115 -0.0324687 0.010275589 -0.02286857 0.020617139 -0.026230218 0.007114157 0.008584662 0.01142662 -0.012722312 -0.0059794467 -0.0064756777 0.032306105 -0.01562763 0.010462929 -0.02072334 0.0012667412 0.0015294589 -0.0022234386 0.017375711 0.0057963873 0.0014390451 -0.019502021 -0.021742892 -0.03971876 -0.024814203 -0.015828293 0.00733562 0.0014585195 -0.021293236 0.0034923851 0.007636317 0.0003085303 -0.0017984346 0.00028884923 0.025091669 -0.0027275293 0.016407661 -0.016551062 0.034564704 -0.0026619695 0.021941548 -0.004122981 0.017261963 -0.019514596 -0.005221461 0.022471631 0.00565734 0.0074408823 -0.020722091 -0.014211291 0.008707209 -0.007790452 0.005455507 0.0058814883 -0.004224813 0.040873937 -0.0012518585 0.014680996 0.0075493697 0.007228218 0.020785145 0.0060861055 0.004523118 -0.0026400378 0.010072565 -0.013128257 -0.015177504 0.0056953 0.029945767 -0.0026420169 -0.04221481 -0.009173444 0.013235241 -0.007538076 0.007416278 0.008122007 -0.004630577 0.014021363 0.003734746 0.011724848 0.025971852 -0.006228281 -0.0115397945 -0.00284176 -0.01763604 -0.022967624 0.00714543 -8.6863525e-05 0.016483927 0.024337098 -6.362563e-05 -0.019537289 0.020451106 0.021029813 -0.010211304 0.049367025 -0.0022230963 0.006406389 0.019720543 0.020225214 0.019504428 0.009659957 0.018000193 0.013651262 0.0015029048 -0.0010892864 -0.0011004867 -0.0032844502 -0.023711612 -0.001220556 -0.0059769703 0.009022025 0.019287726 -0.018522251 -0.0001461223 0.0015509367 -0.016236043 0.021907512 -0.011170687 0.0034124772 -0.033807 -0.006140761 -0.0064767026 -0.01616878 0.004048568 0.02405018 -0.010723115 -0.031389426 0.02858488 -0.0121062845 0.008803325 -0.0040795067 0.025095318 -0.023262607 0.009947124 0.017078454 -0.0057133157 -0.013648038 0.006299688 0.013208439 -0.0038299207 0.015835913 0.010472942 -0.013161208 0.019191751 -0.013561554 0.0014167689 -0.040253364 0.008228334 -0.008222588 -0.005075917 0.0066150706 -0.002934606 0.011583893 -0.010988476 0.009184953 0.007352498 -0.011979418 0.005319572 -0.010256093 -0.0046241535 -0.019568112 0.0063349134 -0.019487392 0.015005441 0.00027693194 -0.0016978437 -0.012111893 -0.0033131083 -0.00058882777 0.06603865 -0.00354889 0.056718186 -0.0080575235 0.00071676564 -0.0102435 -0.004814185 -0.0070029353 -0.024603335 -0.011815489 -0.03869506 0.023439689 -0.010033611 0.00804089 -0.001464176 -0.0028238504 0.005147438 0.019652015 -0.015639598 -0.0077576214 -0.045536406 0.009347251 -0.008591942 0.0050436417 -0.013821511 -0.008096431 -0.0048375856 0.014687417 -0.009285115 -0.006110271 0.03578998 -0.0010055802 0.005312328 -0.023851015 -0.024785455 0.0003954824 -0.0092708655 0.006593192 -0.025236087 -0.007920975 0.0092511 -0.0027747182 0.01379913 0.0041388497 0.004868299 -0.03805624 -0.008776393 0.0052292487
Bệnh tim do phổi	-0.0070087225 0.0006632869 0.02050289 -0.014204717 -0.0014862354 -0.027205337 -0.0039432794 0.0027539271 0.0251603 0.010746724 -0.0036050992 -0.0031448342 0.0073875496 0.015710516 -0.015264047 0.0050722626 0.022811387 0.0039110323 -0.0156297 0.024844663 0.0113829775 -0.00457757 -0.0032479246 0.00010795173 0.008290932 0.0034512125 0.017116962 -0.010215158 0.032366127 -0.0077841724 -0.0020041754 -0.010693929 -0.010495616 -0.01895631 0.03887326 -0.002581567 -0.011712217 0.029230515 -0.009207761 -0.012228074 -0.004904785 -0.010290193 0.0110012535 0.0015529167 -0.008447709 -0.01670461 0.007931557 7.538804e-05 0.011899719 0.0049436144 0.0028055364 0.012203793 -0.029935483 -0.01884437 -0.023178866 -0.04452389 0.007634974 -0.012693717 -0.0112486165 0.0062102163 -0.010232027 0.0007707411 0.007926918 -0.05123846 0.022492317 -0.014352764 -0.007592384 0.0070633222 0.07352 -0.0018229655 -0.00017303329 -0.016122593 0.027034009 0.0013913017 -0.001370852 0.013306299 -0.017919553 -0.0053023887 -0.0021790022 -0.007906756 -0.0123642 0.015082719 -0.038506377 0.0024420784 -0.010495963 0.030492246 -0.008736978 0.007183189 0.025850121 -0.0005127615 -0.008099483 -0.009341787 -0.007535658 0.0023372003 -0.016727906 0.0020128074 -0.0150103 0.00364273 0.015236703 -0.01133185 -0.019912532 0.012195651 -0.0017113322 -0.036362585 0.0047885776 -0.03050825 -0.0012927289 -0.00643831 0.0021297133 0.018203229 -0.014629997 -0.027127344 0.011208078 0.022746155 -0.029508185 0.0037405991 -0.014057919 -0.016412798 0.012473382 -0.0068502575 0.017017197 -0.013621181 0.019497762 0.017877726 -4.8297323e-05 0.014853164 0.005755447 -0.019656334 0.0037841771 0.03747985 0.014537969 -0.015107365 -0.007852175 -0.005470704 0.008243911 -0.020723244 -0.0033339693 0.042226374 0.0040658093 0.01908207 0.008216866 -0.013317411 0.007040552 -0.025230667 -0.04373489 0.007617594 -0.007935417 -0.06334889 0.004417443 0.014791231 0.009713073 -0.010311951 0.0039410824 0.0030059612 0.0078027844 -0.001954663 0.020371635 0.0029817675 -0.010728182 0.024239141 0.0074681723 0.026451716 0.0007105895 0.002053969 -0.01926603 0.0021791016 0.017824037 -0.013228618 0.019741183 -0.0047692796 0.016648194 0.03588106 -0.0036494506 5.0412924e-05 -0.010991345 -0.02558946 -0.00041837431 0.014060565 0.0039359997 0.014852715 0.02614616 0.010507592 0.0071942923 0.006515703 0.010527042 -0.0009003153 -0.009542222 -0.0010017303 -0.0035309342 -0.0033215508 -0.022255246 0.0038715282 0.0073053343 0.025134088 0.00019028915 0.009276176 0.0076052477 -0.0115730325 0.0017879345 0.019957568 -0.037286658 0.012471264 -0.01083985 -0.015410562 -0.0075831986 -0.019626962 -0.013010742 0.02301896 0.004362821 -0.019002182 0.010522604 -0.016415762 0.017893609 0.0047101527 0.010213411 -0.010881067 0.0067785764 0.008672473 0.0067153084 0.001374948 0.009284894 0.011522935 -0.0073075304 -0.019999718 0.018827047 -0.0072037587 -0.009510375 0.0001448309 -0.001466594 -0.045155827 -0.0018075679 -0.0025308963 -0.002125496 0.011387504 0.013484945 0.015281466 -0.0076274336 0.009856098 0.0082986485 -0.015102242 0.021765107 0.0012105872 0.0047003827 -0.012831573 0.0006249374 -0.0035851982 -0.0015479978 -0.001791226 0.00489626 -0.019510424 -0.0016836439 0.007974217 0.024821455 0.024048703 -0.004184193 0.010015729 0.011835208 0.009641178 -0.016155247 -0.0018796095 -0.01714456 -0.0059607 -0.029495435 0.022133032 -0.014203944 -0.0021052398 0.008612768 0.038050372 -0.02419975 0.0063331868 -0.00752812 -0.0033468124 -0.0040418594 0.015234391 -0.007998052 -0.009604714 -0.006771858 0.04815362 0.0014656106 0.015727136 -0.023327636 -0.025011536 0.020097941 0.010381872 0.01505465 -0.0042708684 -0.027876979 -0.013925596 -0.0039275032 0.008138033 0.0014680034 -0.010846115 -0.007645748 0.0026276472 0.0141267525 -0.00786216 0.012272282 -0.013314613 0.0037240665 0.00824885
bó sợi thần kinh	0.010808124 0.0025638384 0.015426457 -0.0012429712 -0.0037038496 -0.001587133 -3.0725663e-05 0.006940411 -0.0023588252 0.017499192 -0.0015827566 -0.018371513 -0.009184068 -0.004860251 0.0033674543 0.012138202 0.0049359375 0.010351313 -0.039915543 -0.0015538059 -0.01457846 0.0004613401 -0.0028004546 -0.021861628 -0.013584499 0.022989366 0.034608327 -0.0015874489 0.0015111278 -0.006732122 -0.0014319697 0.004331863 0.0006418609 -0.008552357 0.017502027 0.011175454 -0.029116988 0.025786925 0.021226654 0.01933887 -0.0044844593 0.014715761 0.032177877 -0.007859484 0.0022941565 0.017201172 -0.008286724 -0.015815385 0.00701408 -0.019005219 0.0033684636 0.0012720132 -0.014114076 0.0013129509 0.005207044 -0.012581025 -0.011347918 0.0035970309 0.008036597 -0.008218648 0.0056738183 0.015763564 0.0056227073 -0.043110874 0.004858382 -0.029998992 -0.02938733 -0.017169034 0.054273922 -0.0059305704 0.0028060514 0.004212686 0.00826457 0.0029589238 -0.027332608 0.02134967 -0.0123233 -0.02212498 -0.008957387 -0.010575602 -0.011323401 0.015887516 -0.008028398 -0.0043294546 -0.01063526 0.019828077 -0.0063948655 0.007335236 -0.005774744 0.011474074 -0.012098779 -0.011839033 -0.010772231 0.008361897 0.015049525 -0.0034516181 0.007842243 -0.0018129519 0.0066748424 0.006867468 -0.03227722 0.0038043957 0.0011041356 0.0039473134 -0.030710937 -0.022433404 -0.019221617 -0.01344659 0.0069456925 0.0069446615 -0.020203216 -0.002257057 0.007184199 0.0060087135 -0.02605423 0.004081734 0.015695533 -0.009339278 0.01370572 -0.0027294543 0.010543553 0.0058333664 0.027853657 -0.010253241 0.023186509 0.0038500577 -0.018455457 -0.03166881 -0.003810007 0.010177267 0.004921808 -0.003501626 0.012188837 0.008193487 -0.005079414 -0.016075099 0.003330963 0.03089098 -0.014006314 0.0049826032 -0.008267698 -0.024032643 0.007804725 -0.0036592078 -0.019549204 0.006217697 0.012557626 -0.041315578 -0.014154953 0.014927185 0.0165835 0.0035751355 -0.017791796 -0.0031423643 0.0150468955 0.022817215 0.015261215 0.0047085052 -0.009419084 0.010218401 0.010542949 -0.009350836 0.01071454 -0.013381249 0.002786564 -0.000722804 -0.0023882065 -0.0048996285 0.022247761 -0.008122938 -0.0008787225 0.002373445 0.011729491 -0.00062085304 -0.0042651817 0.0002285902 0.016528085 0.013110104 0.026891282 0.009604826 0.006352394 0.0066373465 -0.0015047857 0.0005542072 0.005954187 0.0014576943 0.002110716 0.008057852 0.0057268464 0.012453156 -0.048706327 0.015942903 0.0019643882 0.0059867087 0.013108522 0.032323506 0.0038534575 -0.013262374 0.010106788 -0.005406362 -0.008317352 -0.009164423 -0.0021350367 0.012772464 0.00063961 -0.008723314 0.013660404 -0.001603383 0.00376539 -0.017261978 0.04852425 -0.0031437692 -0.013461745 0.013180537 0.0095526595 -0.011148417 0.002482647 -0.00039015556 -0.00467693 -0.025677305 0.019600827 0.013364562 -0.0015007636 0.008985066 0.002483846 -0.009777495 -0.009407831 -0.0011415681 0.013249604 -0.027521191 0.00038400185 0.01698237 -0.009347364 0.0103895385 -3.1298292e-05 0.0028550418 -0.021796692 0.011684629 0.004584707 -0.014089363 0.01967229 0.01964795 0.0026621495 0.014403666 0.002590873 -0.01681554 -0.004602067 0.003165619 -0.0040830597 -0.013220592 -0.0019461422 0.010333285 0.037048977 0.0033464734 0.05890739 -0.0005504292 0.00087688596 0.011234905 0.003839361 0.004934764 -0.029594328 0.019610971 -0.04666217 0.01278565 -0.011707815 0.011161535 0.002180652 -0.013094051 0.01546142 -0.009974584 -0.009787743 -0.009508362 -0.0061094016 -0.002286389 0.026394527 0.0066554183 -0.01809521 0.0043240925 -0.001507114 0.007818361 -0.011704831 -0.0066114967 0.03790054 0.0035021438 0.0061870227 -0.011793562 -0.008051884 -0.0022931036 -0.0030210689 0.008786584 -0.0033061297 -0.012382744 0.019498674 -0.020083053 0.012435115 0.00783602 -0.0017384897 -0.019676384 -0.008478336 0.006430491
khớp hoạt dịch	0.0079065645 -0.009388045 0.07114112 -0.0056391465 0.0039957836 -0.03833996 0.027803743 0.021352157 0.0015889093 0.033778593 -0.003678498 -0.021612069 0.017139472 0.010233675 -0.0052315164 0.015895639 -0.003233401 -0.015128954 -0.014394467 0.0033628268 -0.0016503123 -0.013757703 -0.0071620457 -0.01596831 0.00065329735 0.0034884468 0.026750088 -0.0069949585 0.015353744 0.012139586 0.011280264 0.012759205 -0.016617876 0.026021197 0.011114262 -0.01855748 -0.012797774 0.021153329 0.017769523 0.0036138017 -0.012798642 -0.00734794 0.031041177 -0.023077646 -0.0013341572 0.0014188321 0.01974926 -0.005075417 -0.007250253 -0.0067672054 0.01492709 0.019842565 -0.019397715 0.009578542 -0.017370714 -0.036614057 -0.005285201 0.003505024 -0.010400236 -0.010143605 0.011050935 -0.00071684766 0.0063218996 0.0100379605 0.0014664737 0.015384109 -0.014623224 -0.0066957553 0.0709892 0.01913701 0.015252858 -0.039684266 -0.0028009228 0.0029467552 -0.009499514 0.03859495 -0.010484755 0.0017004687 0.0023873027 0.01368376 0.00839695 -0.0042256224 -0.0072981063 0.0009131425 -0.025101801 -0.016662695 -0.006307746 0.011843647 0.0058277235 -0.031370953 -0.015022925 0.00022500288 -0.00034243488 -0.0036054186 0.0034442295 0.035659533 0.020510882 0.020220267 0.018027028 -0.004655873 -0.035492335 -0.0091247605 0.007202152 0.004244788 -0.025431639 -0.034300257 -0.015229774 -0.0015884939 -0.02991873 0.0139317475 -0.02627649 0.008907235 -0.005938373 -0.009854712 -0.011809775 0.018270457 -0.006316626 -0.014311065 -0.017464006 -0.03190491 0.0023112057 0.026384637 0.0038686965 -0.0067023584 0.024075806 0.002699339 -0.008038529 0.0004963192 0.008550155 0.020357208 0.008715763 -0.0018881796 0.02055158 -0.0012973059 0.017804218 -0.01278286 0.006833347 0.039885875 -0.02005378 -0.013294245 0.0036372251 0.003503913 0.019809986 -0.014600945 -0.0026324347 -0.015603047 -0.030310875 -0.040568672 -0.0008713578 -0.0047957147 0.0069063664 0.0029402177 -0.017084466 0.0070390687 0.007777175 -0.0065346844 0.024023706 -0.015413151 0.005847831 0.0198988 -0.005583448 0.012016538 0.024622297 0.0100449985 -0.012303788 0.016836295 0.007202191 -0.021136135 0.00084163435 -0.00073053315 0.0005694528 0.029033488 -0.015762663 0.0073157265 -0.003861921 0.007091142 0.013145164 0.021033892 -0.0049334117 0.0065988693 0.0128313145 0.0109341815 0.030158073 0.018983983 -0.0025811454 0.008979693 -0.02765095 -0.003995873 -0.011579891 0.0032936048 -0.038987264 -0.01842216 -0.031300724 0.035515577 -0.010388795 0.009203577 0.0030401528 0.0065791677 0.02173944 0.004886408 -0.0103872465 0.011608985 0.014856752 0.003930775 0.012056799 -0.004396131 -0.010651879 0.009992 -0.004468744 -0.047780003 0.05328824 -0.0068686344 0.028925752 0.0027176384 -0.026474886 -0.010735479 0.0037983533 0.0087238 -0.03488418 -0.018628754 0.011241503 0.026427383 -0.0072365603 0.011588662 -0.0021465 0.0043995297 0.0005519676 -0.014013027 0.00063673005 -0.05880778 0.0143652605 0.001444459 -0.0046299654 0.02004032 0.019518903 0.0051322053 0.0012191869 -0.013289317 -0.00092135015 -0.0216871 0.027458714 -0.010829828 -0.007414212 -0.019914271 -0.007459665 0.011105484 -0.00051290105 0.0079152575 0.04256324 -0.017898185 0.006956862 -0.00022520062 0.033354044 0.0013646869 0.04057889 0.019351857 0.026910722 0.014633446 -0.0028982752 0.011942227 -0.021137247 0.010750837 -0.0039008092 0.012246758 -0.02438896 0.006901534 0.0007992989 0.0029664345 -0.021576345 0.0029571753 -0.016204841 -0.016069686 -0.015130218 0.008632385 0.036265265 0.016671559 -0.028534397 0.003042267 0.013444179 -0.0031242343 -0.0026349311 0.013170005 0.041783575 -0.021467634 -0.0032661117 -0.003605069 -0.02525462 -0.008855038 0.009306749 -0.0032154266 -8.5342675e-05 0.015656494 0.00012514989 -0.0066585527 0.010594624 0.0078758495 0.012718438 -0.002956106 0.010004683 0.014322609
Đường huyết cao	0.004586468 -0.0015967683 0.00539154 -0.0054867934 0.025213234 -0.0059541306 0.022155713 0.016563145 0.011975055 0.018082643 -0.0011448958 -0.020261578 -0.013386076 0.011798935 -0.012877833 -0.0071693533 -0.007672987 0.008731187 -0.009694461 -0.025334623 0.0039429357 -0.0022563217 -0.011168673 0.01315922 -0.002985376 -0.0035898408 0.026871555 0.0189279 0.018167304 -0.010199538 0.023166202 0.021620847 -0.0043992004 -0.014926156 0.008155725 0.011076482 -0.0011520936 0.0066436585 0.005940537 0.0015202657 0.026459439 0.0013928891 0.043882433 -0.00096845184 -0.0029594416 -0.0037097489 -0.0050665718 -0.0067773825 0.0044667097 -0.016217664 0.015864998 -0.0066995323 -0.00837847 -0.011401454 -0.01058577 -0.029453631 -0.047823463 -0.014527761 -0.0039377837 -0.0069833715 -0.0037145105 0.005196271 0.0056899395 -0.038430933 -0.013012162 0.008308479 0.012076051 -0.006403946 0.025348019 0.022664107 -0.017952785 0.0078535415 0.031704266 -0.008234839 -0.003137851 0.047484953 -0.027198834 -0.010739198 0.006957643 0.006211941 -0.0041743126 0.015852343 -0.002556845 0.008880458 -0.03335797 0.003177997 -0.02494084 -0.0027447953 -8.852981e-05 -0.0013460248 0.008792076 0.007227588 -0.00926605 0.010833443 -0.00088975177 0.032876465 -0.010150908 0.004934556 0.010218052 0.008690649 -0.0018669235 0.0037530335 0.013455125 -0.012654946 -0.010267498 -0.0446136 -0.0037100469 -0.011373045 -0.016076542 -0.012206757 -0.026447842 0.012639474 0.0029996743 0.0044479724 -0.011098544 0.005789578 0.013608562 0.01729203 0.0024261137 0.008417773 0.019692656 -0.0034857409 0.006503554 0.01972474 0.014736548 0.014000593 0.0020411129 -0.0031593293 -0.01352291 0.0037628075 -0.0041045793 0.0017184219 -0.0016517806 0.0105738845 0.0020694153 -0.022978604 -0.006630524 0.022002311 0.014773207 0.020503452 0.010414038 -0.0023080895 -0.0021366496 0.007630699 -0.015282826 0.008805857 -0.019477569 -0.039127328 -0.0020589174 0.00702131 0.002593008 -0.00218245 -0.02103826 -0.011404912 -0.014326049 -0.015790576 0.023854222 0.015415172 0.006216281 0.0010971953 -0.005077877 -0.011927675 0.049170885 -0.0025506797 -0.0008826531 0.005646267 -0.013398757 0.022267397 0.007149947 0.011741733 0.021725912 0.0032978212 -0.015925905 0.0053666374 0.008838499 0.0035929303 0.011261491 0.015250232 -0.001183192 0.0010755337 0.009924408 0.021167709 0.033863515 -0.025154714 0.022993436 -0.0014222421 -0.0003496445 0.008575348 -0.009921415 -0.006576396 -0.0128370635 0.013111623 -0.005284371 0.027022678 0.0020182724 0.003389447 0.010061892 0.009462292 -0.016642181 0.023891998 -0.0039737658 -0.01638218 -0.025974976 -0.017430758 -0.014896522 -0.012332016 -0.013233319 0.019348439 -0.018394839 -0.035145607 0.018026797 0.005303805 -0.00024298407 -0.007981565 -0.011544045 -0.019990247 0.008884751 0.0009840801 -0.0006892836 -0.0018614096 0.004989743 0.015090352 -0.0053865435 0.0029499878 0.009323204 0.0046431595 0.0029158185 -0.010465195 0.02391386 -0.046561275 0.011924335 0.00074814755 -0.03186511 0.011341701 0.015604244 0.011609016 0.0018765213 -0.010190725 0.012970125 0.0030283527 0.028755557 -0.011136683 -0.013072 -0.029881576 0.0010559328 -0.0059081637 -0.008448729 -0.03045106 0.015395364 -0.0002034742 -0.0021710133 -0.0013048593 0.016884515 0.012573345 0.04547086 -0.022720363 -0.0035692938 0.019244611 -3.4186236e-05 0.006411435 -0.037169732 -0.01966888 -0.04602265 0.017440967 -0.0017030449 -0.0023031586 0.0019041925 0.0019109114 0.00020840477 0.024942767 -0.008714298 -0.010152261 -0.023147125 -0.0035679294 0.01485256 -0.0048261825 -0.019005181 0.028694173 -0.024228133 -0.002179083 -0.022980945 0.014698093 0.010962457 -0.022736464 0.020228628 -0.0063653607 -0.027904244 -0.017199773 -0.0075462903 -0.029471407 -0.016895188 -0.0042182356 -0.0035634143 -0.01033294 0.014143984 -0.0014439377 0.0025891955 -0.0118844565 -0.0063274354 0.0021288435
Suy giãn tĩnh mạch chân	-0.026626566 -0.0009470052 0.0013835136 -0.017776946 -0.0026599243 0.0014754181 0.009335406 0.002440774 0.0013652148 0.020659985 -0.009733893 -0.018779216 -0.0013684031 0.0045850785 -0.0003161494 0.04169499 0.0018358323 -0.0054891226 -0.0045192637 -0.0045562005 0.0107232435 -0.0115682585 -0.008240374 -0.004185695 0.007182323 -0.012792768 0.010574318 0.0019528774 -0.0050899945 0.0050898767 0.009861822 -0.005267275 -0.006451234 -0.005587969 0.02856162 0.012735052 -0.01655173 0.021452084 0.015677353 0.00094074354 -0.010556517 -0.0051034885 0.031920213 1.4056762e-05 -0.016030187 -0.006335961 -0.019103022 0.006465318 -0.0090139555 0.003332048 0.0064937673 0.007712398 -0.012458886 0.004854314 -0.005708249 -0.021403437 -0.020783404 0.009482938 0.00029820044 -0.008495887 -0.0076166773 0.008313037 0.011769604 -0.034031235 -3.642225e-05 -0.010105684 -0.017377213 0.0005335627 0.024408948 0.004604791 0.0042575113 0.008574879 0.030514685 -0.008097058 4.4474113e-05 0.036437195 -0.012407029 -0.011343219 0.0057861274 -0.007073679 0.0021885703 0.002286851 -0.017539661 0.0012505191 -0.02247178 0.0057270564 -0.012646624 0.005664557 -0.0032784897 0.004522913 0.0019190519 0.013831153 0.001555545 0.031681027 -0.015903315 -0.014699714 -0.019808207 0.013607296 -0.0119619835 -0.0035807774 -0.0066515678 0.0010898521 -0.017798018 0.013605316 -0.013735573 -0.042244785 -0.0146146305 0.009445759 -0.014161869 0.015024344 0.0031706798 -0.0051092994 0.008483186 -0.011126209 -0.02112818 -0.0036738608 0.0069166846 0.009192164 0.0015429684 0.00059227645 0.008406922 0.007956816 0.014814859 0.00638913 0.024150675 0.0030006 -0.019521441 -0.0049897097 -0.007958416 0.015402009 0.0022142169 -0.0022134082 0.012612303 0.006634226 0.007931419 -0.0056237876 -0.0032138792 0.028370716 -0.012123297 0.016314827 0.005657031 -0.017539874 0.010648738 -0.004533931 0.015019901 0.006652073 -0.015378985 -0.053921968 -0.0031699438 0.004404246 -0.0042226044 -0.01862899 -0.031236578 -0.0055274274 0.017101165 0.019698443 0.012819095 0.01060489 -0.008102679 0.017044598 0.0128846 0.028303865 0.017304806 -0.0025798955 -0.002146348 0.00839284 0.00066597114 -0.021800717 0.0062338645 -0.0009250075 0.012069792 0.0046541444 -0.0104664685 -0.006736685 0.021831179 -0.001799109 0.012434383 0.004933768 0.007059551 0.022869894 0.026159426 0.01337835 0.00802925 -0.012861338 0.011993015 0.004665838 -0.021975186 0.027675916 -0.0031854766 -0.009470043 -0.013374245 0.0016634038 -0.006397604 0.008648503 -0.013010217 -0.007292188 0.028759578 0.0017907121 0.011518044 0.002231429 -0.025440738 0.0026165268 -0.011681155 -0.01121337 0.002372544 0.00050799164 0.008546846 0.009410736 -0.016250517 -0.04216475 0.0006018526 -0.0046292203 0.018762078 -0.0031004704 -0.007988685 -0.017067537 -0.009296147 -0.008601933 0.00458139 0.016264802 0.003853478 0.020264909 0.006134635 0.012789254 -0.0036782038 -0.016110962 -0.014210004 0.0010701849 -0.003727292 -0.046961036 -0.0025839868 0.015822062 -0.0051200218 -0.0011629189 0.015435894 0.014265932 -0.0009042521 -0.007769352 0.003952832 -0.0029864046 0.019405965 0.008880984 0.002466458 -0.00047723248 0.004849655 0.0099801095 0.014079262 0.004413276 0.008531454 -0.011933733 -0.0090009365 -0.0027656383 0.028539436 0.022228742 0.022101168 0.002328476 0.0064125373 0.020352546 -0.0069850725 0.0025072407 -0.012147389 -0.02243584 -0.039768465 0.006322483 -0.012080661 0.0059137307 0.006083647 0.009907213 -0.018135492 0.02103759 -0.010586724 -0.021658286 -0.021145718 0.005768032 -0.0020273235 -0.002802734 -0.008966665 0.021480339 -0.00010831332 0.034240358 -0.0008260149 -0.012898489 0.02594347 0.0157958 0.022130074 -0.013866853 -0.035330974 -0.024816096 -0.005115413 0.004135646 0.0045941067 -0.014350517 0.0056083463 -0.00911095 0.00973578 -0.0055564544 -0.004114073 0.0034362667 -0.004310651 0.008402336
thúc ngựa phi nước kiệu	-0.011785562 -0.0135558145 0.048745092 -0.009273431 -0.0074975137 0.009701483 0.0026802847 0.012483892 0.02101011 0.048773963 -0.0047706934 -0.018997593 0.018321697 0.031564474 -0.0020665382 0.017586501 0.0064741024 -0.00012003391 -0.02127704 0.007030651 0.0025020782 -0.005441026 0.03055812 0.008177404 -0.0027883952 -0.0103354715 0.017840287 0.002856559 0.0031858736 -0.005826728 0.009236054 0.0031765788 -0.0031013766 -0.031379145 0.016740385 -0.019248681 -0.03258553 0.020867337 0.021079835 -0.006437958 0.011362676 -0.020394752 0.028655177 -0.0024808673 -0.010319758 0.0112117445 0.00319401 -0.012322692 -0.0014772882 -0.025825912 -0.0021152191 -0.009755202 -0.022126075 0.0063636503 -0.015669324 -0.04062757 -0.026120594 0.002479514 -0.014025892 -0.009643214 0.025862612 -0.0015299097 0.012713519 0.008086179 0.0052924915 -0.012639633 -0.0070063323 -0.019653147 0.036685955 0.018647369 0.020371536 0.01588979 0.038477898 0.004086806 -0.008085738 0.0050193113 0.0067011607 -0.02439244 -0.009883174 -0.01041508 -0.038694277 0.023664422 -0.010198933 0.0012024692 -0.015582337 0.016547645 -0.016233668 0.016027167 0.007029285 0.018155426 -0.0071051503 -0.0074376394 -0.026538633 0.026377266 1.999993e-05 0.0002982836 0.011184152 0.011414238 -0.005494891 -0.0056236275 -0.004573467 0.0014110964 0.021615604 -0.024199346 -0.0003081975 -0.045435213 -0.025577828 0.0031566992 -0.005493087 -0.005619716 -0.03585529 0.010986917 -0.00655046 0.0036935317 -0.0031152456 -0.0018126483 0.020965412 0.0058828373 0.009384607 -0.03915235 0.04264905 4.93083e-05 -0.0016798058 0.00085902656 0.040730543 -0.0082775075 0.022226898 -0.0026041884 -0.0057878853 0.014121673 0.0028093709 -0.0141331125 0.0021113043 0.0077462415 -0.010693921 -0.016766522 -0.0002488957 0.054628413 0.015058214 0.018690152 0.015010703 -0.011935963 0.012802772 0.003799332 -0.026665336 0.003889342 -0.0057396656 -0.038853712 0.0128914695 0.00911526 0.007918015 -0.023616206 -0.03846567 -0.015895767 0.002552282 0.015500981 0.024009433 -0.016959136 -0.0042479094 0.009960973 0.0019192426 -0.012733644 0.012383523 -0.02427226 -0.012276079 -0.013696451 0.0010028479 -0.006702722 0.019367766 -0.011261563 -0.0039199176 -0.014225947 0.017618088 -0.010555368 0.00097485684 0.011867365 -0.0039047159 0.022259748 0.0009684431 0.004966058 0.0148125375 0.019133601 -0.0131573295 -0.013358124 0.0029779952 -0.00048749155 -0.009814546 0.010616876 -0.012368603 -0.008601134 -0.019233586 -0.024192186 -0.021239363 0.01517651 0.015385726 0.010516235 0.0095691215 0.0063179275 -0.003257602 0.015914379 -0.011446607 -0.008368001 -0.008383122 -0.002842374 -0.011161194 0.0066209873 0.0054918537 0.0077639557 -0.0017445782 -0.015576539 0.06837928 -0.001414993 0.016967008 -0.009622036 -0.0026256968 0.0017218675 -0.005567816 0.009390305 -0.01583771 -0.009073256 0.011779915 0.009181164 -0.009773316 0.02929906 -0.0051414818 0.0040241354 -0.0069148378 -0.007535563 0.018629674 -0.037936226 0.013347976 0.0025168227 0.017727427 0.0010390448 -0.014941112 0.0023347582 -0.03808995 0.0029170336 0.024072198 -0.0001869567 0.016074685 -0.0079095205 -0.020118637 0.00051951985 0.0010472657 -0.014847176 -0.026353143 0.011262943 0.00034086494 -0.02578602 -0.011129021 -0.0049633123 0.004063573 0.01375795 0.07591845 0.0066121677 0.015514649 0.013980495 -0.0042362325 0.015901003 -0.03725519 -0.029918043 -0.025319155 0.01351317 -0.0046866024 -0.013459479 0.0025063406 0.007106476 -0.01367466 0.034624025 0.0074848463 -0.029388817 -0.01951913 0.028429005 0.0152716385 -0.015026924 -0.0037559618 0.0065196715 0.006661876 -0.0005981421 0.011162785 -0.0008495956 0.013850542 -0.004493242 -0.005059786 -0.010726605 -0.029974813 -0.014320482 -0.008529184 0.0068383366 0.004651048 -0.018248536 -0.016816841 -0.018206056 0.03604116 -0.003251655 0.011078341 -0.01202392 -0.0039099175 0.014189454
Rối loạn mỡ máu	-0.0017108069 -0.02883657 -0.0049855057 -0.0032355275 -0.0020702311 -0.018650113 0.018451897 0.00015711956 -0.017443273 0.019064704 0.0152814025 0.00032271675 0.005975847 -0.00049265806 -0.0042485083 0.021001054 -0.003337314 -0.017649716 -0.018142473 0.026632799 -0.0011130483 0.004654704 -0.012512221 0.012128485 -0.0010809265 0.009366691 0.016125139 -0.01701855 0.012494188 -0.020511605 0.0056350497 -0.012918279 -0.011056245 0.0015549053 0.03105406 -0.005175702 -0.008633246 -0.00789037 0.028759448 0.008023973 0.01631522 -0.01787461 0.03192531 -0.0058792164 -0.012921544 0.0052192244 -0.018755434 0.008570255 0.005904767 -0.010466932 0.011857003 -0.009948402 -0.014770259 -0.01463761 -0.005989139 -0.08715648 -0.037066367 -0.009980498 -0.02200683 0.0075245383 -0.013523418 0.007826473 0.010557174 -0.017088545 0.0033724261 -0.014913117 -0.0112968385 -0.012699988 0.08955387 -0.015520608 -0.017046522 -0.020133767 0.037240174 0.004111572 -0.019811165 0.028149255 -0.0008590084 -0.0059980843 -0.0022961062 -0.01114629 -0.014520487 0.004467801 -0.022971429 0.017691392 -0.03293856 0.0142161 -0.014209435 0.011814528 -0.011526995 0.015457711 0.019103197 -0.0064888615 -0.006230634 -0.005678485 -0.0041365824 -0.003420878 -0.007369132 0.003313113 0.015165483 -0.009888111 -0.003237992 0.0017485139 0.013628448 0.012287896 -0.0038869763 -0.048503283 -0.009346535 0.044624943 -0.010121427 0.024225589 -0.037746783 -0.022436053 0.008468405 0.010942182 -0.0022432168 -0.021339836 0.011523638 0.004487605 -0.018276988 0.0031811318 0.039135907 -0.021998556 0.017456856 -0.0026704087 0.011689513 -0.036063034 -0.00030925585 -0.015561676 -0.000115326104 0.0048406795 0.0036760392 -0.001573086 0.0039708405 0.043078423 0.0114927525 -0.02623357 -0.030230371 0.08188561 -0.014239519 0.008541696 0.0053002834 -0.0010524772 -0.013279094 -0.013372616 0.021181256 0.005153502 -0.014254318 -0.011467282 0.00640404 0.0142956395 0.011156137 -0.027412696 -0.018377595 -0.010709992 -0.0014278665 -0.016081698 0.0045213085 -0.0072194235 0.0077068564 0.015983893 0.0151992375 0.017525513 0.049687363 -0.01916727 -7.4918453e-06 0.0044013043 0.013677592 -0.016006563 0.015093754 0.023191925 0.02070856 -0.0035866718 -0.01730122 0.003771461 -0.0027429587 -0.0067128846 0.021320654 -0.014364693 0.0080173565 -0.0077805393 0.0062598987 0.00027565702 -0.023653684 0.0007914809 0.020413995 0.016044268 0.018316288 0.0035259596 -0.009967763 0.00095906795 -0.030455695 0.01456074 0.006640201 0.004550799 -0.011383871 -0.0037504737 0.0010591347 0.007784463 0.011005852 -0.004577863 -0.031067802 -0.0018875854 -0.007135098 -0.024755964 -0.01672422 0.009312558 -0.013217683 0.034149475 -0.010905188 -0.011056074 0.011610281 0.012901004 0.02003284 -0.004116572 0.014152015 -0.014506282 0.017160099 0.013504528 0.016453944 -0.009902282 -0.00824389 -0.0044722822 -0.0046782177 -0.010341009 -0.004517674 -0.011747206 0.012372117 -0.011631067 0.010766319 -0.038530175 0.0035509467 0.027470728 0.00033596845 -0.0029512187 -0.00401852 0.0061053154 -0.039883856 0.004024418 0.000649137 -0.023370858 0.044690672 -0.008770746 0.009344615 0.009279679 -0.016421566 -0.0029156012 -0.0070566665 -0.005800225 0.01504433 -0.007432843 0.0013367851 -0.004119759 -0.013144864 0.022260372 0.038010493 0.021859605 0.014742164 0.05112291 -0.0008527866 0.0056625404 -0.037402637 -0.015781222 -0.02200542 -0.007907579 0.0009992286 0.024067942 0.0026082424 0.0049348418 -0.028268393 -0.00081863714 0.0116971275 -0.01652709 -0.01924751 0.0074914442 -0.002930229 -0.016416911 -0.019348295 0.04442185 -0.022872131 0.009250861 0.013002337 -0.027439889 0.024119796 0.002051518 0.012941836 -0.035968956 -0.0005724625 -0.049498234 -0.011210547 0.004502689 -0.002188805 -0.014511638 -0.0082971295 -0.014772395 0.03187654 -0.0022829028 0.02041646 -0.0012955423 0.009756537 0.023465436
Phình động mạch chủ	0.009054188 -0.019008255 -0.003598875 0.00655913 0.007335771 -0.0105694095 0.00664884 -0.004097044 0.009946664 0.026290014 0.0014034221 -0.005748594 -0.003802513 0.0031204736 -0.0107906535 0.003575464 0.0057447082 -0.004218006 -0.02339083 -0.010409653 -0.007819191 0.008310475 -0.014491221 0.004753371 -0.00084280974 -0.0013286389 0.003920179 -0.013926187 0.019141937 -0.010127456 0.014975323 -0.00014650909 0.0012885295 -0.016790705 0.026171928 -0.009352644 -0.009194665 -0.0021988477 0.023941644 -0.025433501 -0.0028982344 -0.01019478 0.048555087 -0.008907533 -0.019088233 0.0017622793 -0.03180754 -0.0094984155 -0.0021668978 -0.016021658 0.018096104 0.0042444766 0.0039270553 -0.0015585318 -0.009284397 -0.026192738 -0.032740854 -0.005707571 -0.009538271 0.0023947034 0.013668006 -0.010495365 -0.0025491184 -0.047881752 0.0066534565 -0.005860666 -0.0136895105 0.004135663 0.030591559 -0.026076974 -0.005834969 0.00854076 0.017609822 -0.014919337 0.004295136 -0.011270472 -0.038648322 -0.027922826 0.00700879 0.0018254211 0.002803428 -0.0072157932 -0.03778037 0.0010619503 -0.007769828 0.016998233 -0.013612109 -0.000591668 0.0013847899 0.01673169 0.009405323 0.0028751823 -0.0236804 0.026439574 -0.01694959 -0.012153707 -0.01588241 0.008175785 0.015811093 0.009641401 -0.022950856 -0.0062310235 0.0009474706 0.0018699189 -0.026621524 -0.011595684 0.0022101298 -0.007479006 0.009143557 0.034889277 -0.0143538965 -0.020219656 0.009041028 -0.012697231 -0.005919213 -0.016517833 -0.005579807 0.010426361 -0.0043288358 -0.014397139 0.010562317 0.0059140455 0.028482977 -0.0030763901 0.021624483 -0.027209565 -0.004709933 -0.010826921 -0.0127358185 0.0067846063 0.0031717191 -0.01285134 0.011690545 0.01602376 -0.0027346176 -0.005694496 -0.00260661 0.026121316 -0.030815128 0.011860074 -0.005070917 -0.022504648 0.021901857 -0.0016701649 0.003977998 0.0044468213 0.004810364 -0.037827034 0.0010008587 -0.004818166 0.0066377656 -0.014653937 -0.007486422 -0.01907366 0.026328765 0.031762104 -0.0034530591 -0.009807227 -0.011212191 0.009051358 -0.003047609 0.011428344 0.01569403 -0.011243087 -0.022933884 0.015576355 -0.009584601 -0.023588628 0.003968365 0.01428266 -0.009390542 0.0033620298 -0.0027317237 -0.009283209 0.019559441 -0.0053740283 -0.0037092397 -0.022591814 0.0015031745 -0.00013684481 0.024482897 -0.0022207112 0.0013289206 0.027190533 0.019134805 -0.0088097155 -0.01960205 0.026203299 -0.016590819 -0.012014908 -0.019414723 -0.018117217 -0.00026407454 0.023722842 -0.007183759 -0.002853254 0.0048251264 0.016189547 0.005916401 0.020792568 -0.021079328 -0.0030321646 -0.021719761 -0.010331117 0.0066885455 -0.016882954 -0.009134309 0.016709058 -0.009025263 -0.025515916 0.027489051 -0.03224256 0.03638068 0.01313119 0.0026720073 -0.025139173 -0.010550458 -0.002552288 -0.0018999735 -0.008841233 0.009997129 0.01944357 0.0056794346 -0.004290208 -0.008543106 -0.0042671897 0.019247217 -0.006781742 -0.008080165 -0.048846886 -0.0073204855 -0.0013969791 -0.004228778 -0.000734842 0.016209235 0.019373268 -0.03411621 0.0049759937 0.013827226 -0.018258248 0.033384964 -0.0027476028 -0.0237981 -0.033765256 0.0010139646 -0.0011397956 -0.0023633281 -0.009373108 -0.020280065 0.006312764 0.009095921 -0.004850132 0.048171908 0.019567683 0.0047434797 -0.0028000912 0.01313592 -0.00065220083 -0.008485365 -0.0054179193 0.003460274 -0.019323103 0.0017159618 -0.0040223063 -0.016326144 0.016126335 0.001523136 0.005005953 0.0038179383 -0.0045168884 -0.029787874 -0.022441717 -0.01092652 0.017538143 -0.0017453919 -0.004109619 -0.025478976 -0.0034176111 -0.015239274 -0.003208117 -0.0020749758 -0.007321318 0.024826065 0.023287697 0.008396292 -0.023589654 -0.032396767 -0.021226157 -0.014420627 -0.0033772113 0.005218242 -0.008916347 0.007978507 0.008232074 0.03990653 0.007277601 -0.023327105 -0.013612804 -0.015266305 0.020158244
hội chứng đường hầm cổ tay	-0.0032931457 -0.0046831802 0.024938598 -0.0046060593 0.0058629643 -0.0065121227 -0.008205514 0.0010071797 0.0070858286 0.017979322 0.007547617 -0.016189825 0.006183604 -0.0062538 -0.011809596 0.0057888795 -0.0031920925 -0.0020111005 -0.010323438 0.020161977 -0.008716453 -0.0054425956 -0.006826284 0.00037708817 0.0017795191 -0.0012346837 -0.0005995121 -0.001587876 0.009496561 0.004444148 0.0066406056 0.00019242404 -0.0073266327 0.008738407 0.025316307 0.0035234569 -0.014352131 0.014710431 0.02734867 -0.003580505 -0.0028658726 0.012929107 0.021573858 0.00012623845 0.00045103944 0.0066477545 -0.008225868 -0.010033178 -0.001698 -0.010407778 -0.0005499651 -0.017532542 -0.010885495 0.014078318 -0.016586347 -0.011182585 -0.020651395 -0.0025113611 0.00198869 -0.0075662336 -0.003766623 -0.0024536848 0.021536522 -0.025605852 -0.012316189 -0.013838767 -0.006099196 -0.0077710687 0.03512332 0.0035138745 0.006464318 -0.003757499 0.018185865 0.0063656843 0.007945683 0.0039493255 -0.017404648 -0.0073996545 -0.009307516 0.010119227 -0.007401938 0.010924998 -0.019371318 0.0005594021 -0.022745663 0.009508985 -0.014741716 -0.0018936126 0.013144751 0.0013330193 0.006976699 -0.010736689 -0.017854974 0.006851986 0.0015052756 0.0038485806 0.0076671946 0.0037272137 0.008522419 -0.000898127 -0.032158494 0.0010817465 -0.0046689603 0.0062587694 -0.0011363459 0.0035578774 -0.02300419 -0.010278492 -0.0015007829 0.01029461 0.014029176 0.004556177 0.010652404 -0.0178382 -0.0148300305 -0.0070689023 0.013142603 -0.00040463216 0.0095541505 -0.035619125 0.030307578 0.011587653 0.013708245 0.015006304 0.013070707 0.0014897924 -0.0065227933 -0.0091916425 0.0004455483 0.025709854 -0.007721375 -0.01388942 0.005147466 0.009481218 -0.0056007747 -0.006598637 -0.007144185 0.036678582 0.0042016986 0.0064644255 -0.00982536 -0.0070610535 0.005755493 -0.016899424 -0.029676603 0.0026003178 -0.0032498545 -0.0408784 -0.015060893 0.014509824 -0.0067202845 -0.003052824 -0.028273785 -0.007238071 0.0041222647 0.00062775053 0.010832514 0.0003355931 -0.0068588867 0.0046068043 0.011566431 0.008827015 0.019737465 0.003026134 -0.011726781 -0.01150125 -0.013484477 0.008596195 0.017740833 0.0026435747 -0.0044735814 0.0072524133 -0.005218738 0.003942905 0.008623908 4.140598e-05 0.0060447766 0.031416945 -0.008592882 0.005617512 0.0062443563 0.009548887 -0.014116526 -0.01500849 0.013652402 0.005706381 -0.0062010116 0.004445599 -0.001093902 0.011799318 -0.031140799 0.009648759 0.003852091 -0.003290398 0.0037084206 0.030092776 0.017845586 0.00017643021 0.024994524 0.008691542 -0.010426248 -0.005112856 -0.0028877214 -0.007899332 -0.003975799 -0.007985092 0.008173426 0.009626968 0.008001579 -0.0074297744 0.016136186 -0.0053369734 0.012859358 0.018589363 0.00870121 -0.012119516 0.004450123 -0.0043804697 0.00892403 0.003329631 0.0036648065 -0.0032722524 -0.008334198 -0.0017008204 0.005510096 0.004663912 -0.011616754 -0.008293538 0.0044216057 -0.041123446 -0.007175379 0.0075558294 0.0056373165 0.010953449 0.0031267547 0.0075308303 -0.025203226 -6.054202e-05 0.0037685493 0.0005473257 0.02302812 -0.009989061 -0.019168103 -0.0088136075 -0.005836642 -0.009625241 0.0048844744 -0.002651877 0.0090125995 -0.018915357 0.007838742 -0.0038774086 0.030536441 0.012294535 0.013701706 0.01538223 -0.004212413 0.008389167 -0.0061439886 0.003549929 -0.018848123 -0.0021106035 -0.022940986 -0.005698075 -0.0012847654 0.0048966706 0.0061667035 -0.008482875 -0.004198211 0.008137901 0.0008104136 -0.016411394 -0.018670857 0.0048878985 0.017874794 -0.0071461555 -0.020263355 -0.019160645 -0.0068235616 0.009286706 -0.013601311 -0.0018336177 0.0054236106 0.0005540738 0.008521619 -0.0026827778 -0.022176506 -0.008169293 -0.006616833 -0.0037103693 0.00241809 0.0018136742 0.0024779316 0.011195716 0.0065688943 -0.006201396 0.0028678954 -0.007937137 -0.008613037 0.0019805944
ký hiệu toán học	-0.0094318725 -0.01677854 0.025008071 -0.012717049 0.0035051948 -0.03568397 0.014290888 0.0107327 0.01028611 0.026398322 0.0129332375 0.006487826 -0.010756531 0.018804818 -0.0032603682 -0.0038627132 -0.035929345 -0.003365952 -0.01768035 -0.0141812805 -0.0041893306 -0.014798667 -0.00451335 -0.020282459 -0.021201558 0.00409946 0.023025302 0.009969913 -0.0011181295 -0.006556888 -0.011152985 -0.017241884 0.016522741 0.013663631 0.0072458545 0.018172113 -0.023118442 0.024302283 0.0054341373 -0.012568003 -0.017958222 -0.0014389727 -0.005397708 0.0035598169 -0.0007554341 0.008568938 -0.0012330825 -0.018714864 0.006510781 -0.016256783 -0.022713965 0.011599132 0.0006992534 0.009078061 -0.0025075963 0.011893955 -0.005313845 -0.015174847 0.0018135024 0.015279095 0.015164633 -0.0013131953 -0.0017411323 0.003623563 -0.01679135 -0.00075657817 -0.013425858 -0.017971091 0.024354247 0.0009340519 0.0075090583 0.010297733 -0.0005216961 0.0022450918 -4.130639e-05 0.017019104 0.005078906 -0.013922869 0.0059583117 -0.011747063 -0.010061393 -0.0044834255 -0.0051257457 0.023334296 -0.007650658 0.020883799 -0.0016874472 -0.0003598536 0.0059329877 -0.027767241 0.011896415 0.01707291 -0.010275998 0.020782026 -0.015314103 0.00084986974 0.016529704 -0.0030246868 0.0063644513 -0.01772721 0.004460037 0.016027708 0.001953833 -0.028358253 -0.0026502109 -0.016378857 -0.02160604 -0.008305264 -0.020894807 -0.0034646022 0.0019420157 -0.01312057 0.026958339 -0.000496988 -0.03110664 -0.023780053 0.016577214 0.025186734 0.01144592 -0.018017165 0.03089359 -0.026261799 0.010842295 0.0060297693 -0.014080997 0.00355687 0.024549525 -0.017615188 -0.01113834 0.001827432 0.012270178 -0.006126325 0.0064072087 0.010714871 -0.014897718 0.0035192764 0.009051104 0.027383788 0.009215921 0.01922304 0.00058908464 -0.012485629 0.009998528 0.016017813 -0.008230116 0.010286064 0.0141499 0.009431686 -0.0056504738 0.0043094405 -0.032270372 0.0009980279 -0.02212253 -0.015788043 0.008972206 0.007279358 -0.0017516955 0.008065179 -0.008633328 0.017802123 0.015320315 0.0064331866 0.015961139 -0.018430913 -0.0067733377 0.02476057 -0.0076687024 -0.0068952353 0.014853688 -0.01352306 -0.0068111783 0.031430908 -0.019477045 -0.0005435431 0.011341076 0.002836569 -0.0012940004 0.02077189 0.0034685472 -0.018310348 0.005856121 0.012443755 0.027867893 0.015565341 0.031491138 0.01130023 -0.008821249 -0.003196446 0.01595365 0.017397933 -0.026494639 -0.025931051 -0.029692614 0.0062487302 -0.0054037874 0.02047642 -0.009101575 0.032266837 -0.020373013 0.011235606 -0.013829908 0.0002722211 0.008662164 0.0053188624 0.0038459937 -0.008254025 0.016696056 -0.011446732 -0.01215116 -0.014703721 0.008040758 -0.0038410171 0.018794255 -0.005964668 0.004835699 0.00646836 0.009406483 -0.01035352 -0.0069437907 0.0040855366 0.005210505 0.01145005 -0.006852938 -0.00011077685 -0.00068348 0.010627003 0.027822929 -0.004634446 0.0012114488 -0.05450842 0.010355497 -0.0076685497 0.001466693 0.005081023 -0.0031744193 0.0053841057 -0.024305157 -0.025479786 0.02110333 -0.029653097 0.02443012 -0.016792145 -0.013623284 0.004418473 0.0066670924 -0.0134815 -0.004271381 -0.009295497 -0.023387479 -0.025578849 0.0141865695 0.0029043937 0.031583913 0.004486756 0.034127984 0.02491418 0.016476434 0.0217664 -0.0064149695 0.007994929 0.0062601687 -0.02101477 -0.028098632 0.0022944112 -0.014735123 0.005753987 -0.006238413 0.01501633 -0.008866688 0.0009083279 0.0020125685 -0.01590656 0.012048393 -0.00035777813 0.035317242 -0.0001716107 0.0068537593 -0.00011181633 -0.004184608 0.014709858 -0.012474984 -0.0038018206 0.015291164 -0.005171378 0.022983795 -0.008296116 0.0072633964 -0.0028166918 -0.0077990326 -0.0068753907 -0.0012603072 -0.0018877072 0.019321406 -0.0045935335 -0.029542303 0.000559786 0.00512548 -0.011808908 0.00883029 0.005592473
